timestamp,building,floor,room,equipment,power_kw,energy_kwh,hour,day_of_week,is_weekend
2026-09-03 12:26:48,Main Block,Ground,Lab 101,AC,4.688,4.688,12,3,0
2026-09-03 12:26:48,Main Block,Ground,Lab 101,Computers,1.865,1.865,12,3,0
2026-09-03 12:26:48,Main Block,Ground,Lab 101,Lights,0.321,0.321,12,3,0
2026-09-03 12:26:48,Main Block,Ground,Lab 101,Fans,0.218,0.218,12,3,0
2026-09-03 12:26:48,Main Block,Ground,Lab 101,Server Units,4.297,4.297,12,3,0
2026-09-03 12:26:48,Main Block,First,Computer Lab 201,AC,4.12,4.12,12,3,0
2026-09-03 12:26:48,Main Block,First,Computer Lab 201,Computers,1.716,1.716,12,3,0
2026-09-03 12:26:48,Main Block,First,Computer Lab 201,Lights,0.313,0.313,12,3,0
2026-09-03 12:26:48,Main Block,First,Computer Lab 201,Fans,0.179,0.179,12,3,0
2026-09-03 12:26:48,Main Block,First,Computer Lab 201,Server Units,14.425,14.425,12,3,0
2026-09-03 12:26:48,Research Wing,Ground,AI Research Lab,AC,4.913,4.913,12,3,0
2026-09-03 12:26:48,Research Wing,Ground,AI Research Lab,Computers,1.904,1.904,12,3,0
2026-09-03 12:26:48,Research Wing,Ground,AI Research Lab,Lights,0.341,0.341,12,3,0
2026-09-03 12:26:48,Research Wing,Ground,AI Research Lab,Fans,0.171,0.171,12,3,0
2026-09-03 12:26:48,Research Wing,Ground,AI Research Lab,Server Units,4.859,4.859,12,3,0
2026-09-03 12:26:48,Research Wing,Ground,Server Room,AC,4.915,4.915,12,3,0
2026-09-03 12:26:48,Research Wing,Ground,Server Room,Computers,2.022,2.022,12,3,0
2026-09-03 12:26:48,Research Wing,Ground,Server Room,Lights,0.289,0.289,12,3,0
2026-09-03 12:26:48,Research Wing,Ground,Server Room,Fans,0.214,0.214,12,3,0
2026-09-03 12:26:48,Research Wing,Ground,Server Room,Server Units,4.877,4.877,12,3,0
2026-09-03 13:26:48,Main Block,Ground,Lab 101,AC,4.776,4.776,13,3,0
2026-09-03 13:26:48,Main Block,Ground,Lab 101,Computers,1.837,1.837,13,3,0
2026-09-03 13:26:48,Main Block,Ground,Lab 101,Lights,0.262,0.262,13,3,0
2026-09-03 13:26:48,Main Block,Ground,Lab 101,Fans,0.172,0.172,13,3,0
2026-09-03 13:26:48,Main Block,Ground,Lab 101,Server Units,4.579,4.579,13,3,0
2026-09-03 13:26:48,Main Block,First,Computer Lab 201,AC,4.325,4.325,13,3,0
2026-09-03 13:26:48,Main Block,First,Computer Lab 201,Computers,1.86,1.86,13,3,0
2026-09-03 13:26:48,Main Block,First,Computer Lab 201,Lights,0.313,0.313,13,3,0
2026-09-03 13:26:48,Main Block,First,Computer Lab 201,Fans,0.176,0.176,13,3,0
2026-09-03 13:26:48,Main Block,First,Computer Lab 201,Server Units,3.956,3.956,13,3,0
2026-09-03 13:26:48,Research Wing,Ground,AI Research Lab,AC,5.161,5.161,13,3,0
2026-09-03 13:26:48,Research Wing,Ground,AI Research Lab,Computers,2.034,2.034,13,3,0
2026-09-03 13:26:48,Research Wing,Ground,AI Research Lab,Lights,0.331,0.331,13,3,0
2026-09-03 13:26:48,Research Wing,Ground,AI Research Lab,Fans,0.179,0.179,13,3,0
2026-09-03 13:26:48,Research Wing,Ground,AI Research Lab,Server Units,4.156,4.156,13,3,0
2026-09-03 13:26:48,Research Wing,Ground,Server Room,AC,4.11,4.11,13,3,0
2026-09-03 13:26:48,Research Wing,Ground,Server Room,Computers,2.226,2.226,13,3,0
2026-09-03 13:26:48,Research Wing,Ground,Server Room,Lights,0.314,0.314,13,3,0
2026-09-03 13:26:48,Research Wing,Ground,Server Room,Fans,0.219,0.219,13,3,0
2026-09-03 13:26:48,Research Wing,Ground,Server Room,Server Units,4.09,4.09,13,3,0
2026-09-03 14:26:48,Main Block,Ground,Lab 101,AC,4.583,4.583,14,3,0
2026-09-03 14:26:48,Main Block,Ground,Lab 101,Computers,2.051,2.051,14,3,0
2026-09-03 14:26:48,Main Block,Ground,Lab 101,Lights,0.291,0.291,14,3,0
2026-09-03 14:26:48,Main Block,Ground,Lab 101,Fans,0.224,0.224,14,3,0
2026-09-03 14:26:48,Main Block,Ground,Lab 101,Server Units,3.86,3.86,14,3,0
2026-09-03 14:26:48,Main Block,First,Computer Lab 201,AC,3.973,3.973,14,3,0
2026-09-03 14:26:48,Main Block,First,Computer Lab 201,Computers,2.175,2.175,14,3,0
2026-09-03 14:26:48,Main Block,First,Computer Lab 201,Lights,0.261,0.261,14,3,0
2026-09-03 14:26:48,Main Block,First,Computer Lab 201,Fans,0.224,0.224,14,3,0
2026-09-03 14:26:48,Main Block,First,Computer Lab 201,Server Units,5.022,5.022,14,3,0
2026-09-03 14:26:48,Research Wing,Ground,AI Research Lab,AC,3.84,3.84,14,3,0
2026-09-03 14:26:48,Research Wing,Ground,AI Research Lab,Computers,2.109,2.109,14,3,0
2026-09-03 14:26:48,Research Wing,Ground,AI Research Lab,Lights,0.279,0.279,14,3,0
2026-09-03 14:26:48,Research Wing,Ground,AI Research Lab,Fans,0.172,0.172,14,3,0
2026-09-03 14:26:48,Research Wing,Ground,AI Research Lab,Server Units,4.339,4.339,14,3,0
2026-09-03 14:26:48,Research Wing,Ground,Server Room,AC,5.007,5.007,14,3,0
2026-09-03 14:26:48,Research Wing,Ground,Server Room,Computers,2.0,2.0,14,3,0
2026-09-03 14:26:48,Research Wing,Ground,Server Room,Lights,0.337,0.337,14,3,0
2026-09-03 14:26:48,Research Wing,Ground,Server Room,Fans,0.183,0.183,14,3,0
2026-09-03 14:26:48,Research Wing,Ground,Server Room,Server Units,4.544,4.544,14,3,0
2026-09-03 15:26:48,Main Block,Ground,Lab 101,AC,4.854,4.854,15,3,0
2026-09-03 15:26:48,Main Block,Ground,Lab 101,Computers,2.167,2.167,15,3,0
2026-09-03 15:26:48,Main Block,Ground,Lab 101,Lights,0.255,0.255,15,3,0
2026-09-03 15:26:48,Main Block,Ground,Lab 101,Fans,0.167,0.167,15,3,0
2026-09-03 15:26:48,Main Block,Ground,Lab 101,Server Units,4.9,4.9,15,3,0
2026-09-03 15:26:48,Main Block,First,Computer Lab 201,AC,4.24,4.24,15,3,0
2026-09-03 15:26:48,Main Block,First,Computer Lab 201,Computers,2.227,2.227,15,3,0
2026-09-03 15:26:48,Main Block,First,Computer Lab 201,Lights,0.263,0.263,15,3,0
2026-09-03 15:26:48,Main Block,First,Computer Lab 201,Fans,0.17,0.17,15,3,0
2026-09-03 15:26:48,Main Block,First,Computer Lab 201,Server Units,4.751,4.751,15,3,0
2026-09-03 15:26:48,Research Wing,Ground,AI Research Lab,AC,4.467,4.467,15,3,0
2026-09-03 15:26:48,Research Wing,Ground,AI Research Lab,Computers,1.859,1.859,15,3,0
2026-09-03 15:26:48,Research Wing,Ground,AI Research Lab,Lights,0.293,0.293,15,3,0
2026-09-03 15:26:48,Research Wing,Ground,AI Research Lab,Fans,0.197,0.197,15,3,0
2026-09-03 15:26:48,Research Wing,Ground,AI Research Lab,Server Units,4.006,4.006,15,3,0
2026-09-03 15:26:48,Research Wing,Ground,Server Room,AC,5.168,5.168,15,3,0
2026-09-03 15:26:48,Research Wing,Ground,Server Room,Computers,1.963,1.963,15,3,0
2026-09-03 15:26:48,Research Wing,Ground,Server Room,Lights,0.266,0.266,15,3,0
2026-09-03 15:26:48,Research Wing,Ground,Server Room,Fans,0.186,0.186,15,3,0
2026-09-03 15:26:48,Research Wing,Ground,Server Room,Server Units,4.044,4.044,15,3,0
2026-09-03 16:26:48,Main Block,Ground,Lab 101,AC,3.921,3.921,16,3,0
2026-09-03 16:26:48,Main Block,Ground,Lab 101,Computers,1.837,1.837,16,3,0
2026-09-03 16:26:48,Main Block,Ground,Lab 101,Lights,0.332,0.332,16,3,0
2026-09-03 16:26:48,Main Block,Ground,Lab 101,Fans,0.18,0.18,16,3,0
2026-09-03 16:26:48,Main Block,Ground,Lab 101,Server Units,4.023,4.023,16,3,0
2026-09-03 16:26:48,Main Block,First,Computer Lab 201,AC,5.088,5.088,16,3,0
2026-09-03 16:26:48,Main Block,First,Computer Lab 201,Computers,1.984,1.984,16,3,0
2026-09-03 16:26:48,Main Block,First,Computer Lab 201,Lights,0.328,0.328,16,3,0
2026-09-03 16:26:48,Main Block,First,Computer Lab 201,Fans,0.171,0.171,16,3,0
2026-09-03 16:26:48,Main Block,First,Computer Lab 201,Server Units,4.299,4.299,16,3,0
2026-09-03 16:26:48,Research Wing,Ground,AI Research Lab,AC,4.809,4.809,16,3,0
2026-09-03 16:26:48,Research Wing,Ground,AI Research Lab,Computers,2.29,2.29,16,3,0
2026-09-03 16:26:48,Research Wing,Ground,AI Research Lab,Lights,0.291,0.291,16,3,0
2026-09-03 16:26:48,Research Wing,Ground,AI Research Lab,Fans,0.216,0.216,16,3,0
2026-09-03 16:26:48,Research Wing,Ground,AI Research Lab,Server Units,3.991,3.991,16,3,0
2026-09-03 16:26:48,Research Wing,Ground,Server Room,AC,4.395,4.395,16,3,0
2026-09-03 16:26:48,Research Wing,Ground,Server Room,Computers,1.85,1.85,16,3,0
2026-09-03 16:26:48,Research Wing,Ground,Server Room,Lights,0.295,0.295,16,3,0
2026-09-03 16:26:48,Research Wing,Ground,Server Room,Fans,0.198,0.198,16,3,0
2026-09-03 16:26:48,Research Wing,Ground,Server Room,Server Units,5.059,5.059,16,3,0
2026-09-03 17:26:48,Main Block,Ground,Lab 101,AC,5.133,5.133,17,3,0
2026-09-03 17:26:48,Main Block,Ground,Lab 101,Computers,2.209,2.209,17,3,0
2026-09-03 17:26:48,Main Block,Ground,Lab 101,Lights,0.299,0.299,17,3,0
2026-09-03 17:26:48,Main Block,Ground,Lab 101,Fans,0.189,0.189,17,3,0
2026-09-03 17:26:48,Main Block,Ground,Lab 101,Server Units,4.24,4.24,17,3,0
2026-09-03 17:26:48,Main Block,First,Computer Lab 201,AC,4.183,4.183,17,3,0
2026-09-03 17:26:48,Main Block,First,Computer Lab 201,Computers,1.973,1.973,17,3,0
2026-09-03 17:26:48,Main Block,First,Computer Lab 201,Lights,0.341,0.341,17,3,0
2026-09-03 17:26:48,Main Block,First,Computer Lab 201,Fans,0.198,0.198,17,3,0
2026-09-03 17:26:48,Main Block,First,Computer Lab 201,Server Units,3.944,3.944,17,3,0
2026-09-03 17:26:48,Research Wing,Ground,AI Research Lab,AC,5.133,5.133,17,3,0
2026-09-03 17:26:48,Research Wing,Ground,AI Research Lab,Computers,2.025,2.025,17,3,0
2026-09-03 17:26:48,Research Wing,Ground,AI Research Lab,Lights,0.26,0.26,17,3,0
2026-09-03 17:26:48,Research Wing,Ground,AI Research Lab,Fans,0.195,0.195,17,3,0
2026-09-03 17:26:48,Research Wing,Ground,AI Research Lab,Server Units,3.948,3.948,17,3,0
2026-09-03 17:26:48,Research Wing,Ground,Server Room,AC,3.933,3.933,17,3,0
2026-09-03 17:26:48,Research Wing,Ground,Server Room,Computers,2.057,2.057,17,3,0
2026-09-03 17:26:48,Research Wing,Ground,Server Room,Lights,0.276,0.276,17,3,0
2026-09-03 17:26:48,Research Wing,Ground,Server Room,Fans,0.218,0.218,17,3,0
2026-09-03 17:26:48,Research Wing,Ground,Server Room,Server Units,4.525,4.525,17,3,0
2026-09-03 18:26:48,Main Block,Ground,Lab 101,AC,4.391,4.391,18,3,0
2026-09-03 18:26:48,Main Block,Ground,Lab 101,Computers,2.014,2.014,18,3,0
2026-09-03 18:26:48,Main Block,Ground,Lab 101,Lights,0.273,0.273,18,3,0
2026-09-03 18:26:48,Main Block,Ground,Lab 101,Fans,0.18,0.18,18,3,0
2026-09-03 18:26:48,Main Block,Ground,Lab 101,Server Units,4.627,4.627,18,3,0
2026-09-03 18:26:48,Main Block,First,Computer Lab 201,AC,4.252,4.252,18,3,0
2026-09-03 18:26:48,Main Block,First,Computer Lab 201,Computers,1.744,1.744,18,3,0
2026-09-03 18:26:48,Main Block,First,Computer Lab 201,Lights,0.345,0.345,18,3,0
2026-09-03 18:26:48,Main Block,First,Computer Lab 201,Fans,0.17,0.17,18,3,0
2026-09-03 18:26:48,Main Block,First,Computer Lab 201,Server Units,4.09,4.09,18,3,0
2026-09-03 18:26:48,Research Wing,Ground,AI Research Lab,AC,5.014,5.014,18,3,0
2026-09-03 18:26:48,Research Wing,Ground,AI Research Lab,Computers,1.922,1.922,18,3,0
2026-09-03 18:26:48,Research Wing,Ground,AI Research Lab,Lights,0.33,0.33,18,3,0
2026-09-03 18:26:48,Research Wing,Ground,AI Research Lab,Fans,0.202,0.202,18,3,0
2026-09-03 18:26:48,Research Wing,Ground,AI Research Lab,Server Units,13.81,13.81,18,3,0
2026-09-03 18:26:48,Research Wing,Ground,Server Room,AC,4.928,4.928,18,3,0
2026-09-03 18:26:48,Research Wing,Ground,Server Room,Computers,2.098,2.098,18,3,0
2026-09-03 18:26:48,Research Wing,Ground,Server Room,Lights,0.267,0.267,18,3,0
2026-09-03 18:26:48,Research Wing,Ground,Server Room,Fans,0.172,0.172,18,3,0
2026-09-03 18:26:48,Research Wing,Ground,Server Room,Server Units,4.099,4.099,18,3,0
2026-09-03 19:26:48,Main Block,Ground,Lab 101,AC,0.25,0.25,19,3,0
2026-09-03 19:26:48,Main Block,Ground,Lab 101,Computers,0.08,0.08,19,3,0
2026-09-03 19:26:48,Main Block,Ground,Lab 101,Lights,0.02,0.02,19,3,0
2026-09-03 19:26:48,Main Block,Ground,Lab 101,Fans,0.015,0.015,19,3,0
2026-09-03 19:26:48,Main Block,Ground,Lab 101,Server Units,4.385,4.385,19,3,0
2026-09-03 19:26:48,Main Block,First,Computer Lab 201,AC,0.25,0.25,19,3,0
2026-09-03 19:26:48,Main Block,First,Computer Lab 201,Computers,0.08,0.08,19,3,0
2026-09-03 19:26:48,Main Block,First,Computer Lab 201,Lights,0.02,0.02,19,3,0
2026-09-03 19:26:48,Main Block,First,Computer Lab 201,Fans,0.015,0.015,19,3,0
2026-09-03 19:26:48,Main Block,First,Computer Lab 201,Server Units,3.745,3.745,19,3,0
2026-09-03 19:26:48,Research Wing,Ground,AI Research Lab,AC,0.25,0.25,19,3,0
2026-09-03 19:26:48,Research Wing,Ground,AI Research Lab,Computers,0.08,0.08,19,3,0
2026-09-03 19:26:48,Research Wing,Ground,AI Research Lab,Lights,0.02,0.02,19,3,0
2026-09-03 19:26:48,Research Wing,Ground,AI Research Lab,Fans,0.015,0.015,19,3,0
2026-09-03 19:26:48,Research Wing,Ground,AI Research Lab,Server Units,12.914,12.914,19,3,0
2026-09-03 19:26:48,Research Wing,Ground,Server Room,AC,0.25,0.25,19,3,0
2026-09-03 19:26:48,Research Wing,Ground,Server Room,Computers,0.08,0.08,19,3,0
2026-09-03 19:26:48,Research Wing,Ground,Server Room,Lights,0.02,0.02,19,3,0
2026-09-03 19:26:48,Research Wing,Ground,Server Room,Fans,0.015,0.015,19,3,0
2026-09-03 19:26:48,Research Wing,Ground,Server Room,Server Units,4.842,4.842,19,3,0
2026-09-03 20:26:48,Main Block,Ground,Lab 101,AC,0.25,0.25,20,3,0
2026-09-03 20:26:48,Main Block,Ground,Lab 101,Computers,0.08,0.08,20,3,0
2026-09-03 20:26:48,Main Block,Ground,Lab 101,Lights,0.02,0.02,20,3,0
2026-09-03 20:26:48,Main Block,Ground,Lab 101,Fans,0.015,0.015,20,3,0
2026-09-03 20:26:48,Main Block,Ground,Lab 101,Server Units,4.791,4.791,20,3,0
2026-09-03 20:26:48,Main Block,First,Computer Lab 201,AC,0.25,0.25,20,3,0
2026-09-03 20:26:48,Main Block,First,Computer Lab 201,Computers,0.08,0.08,20,3,0
2026-09-03 20:26:48,Main Block,First,Computer Lab 201,Lights,0.02,0.02,20,3,0
2026-09-03 20:26:48,Main Block,First,Computer Lab 201,Fans,0.015,0.015,20,3,0
2026-09-03 20:26:48,Main Block,First,Computer Lab 201,Server Units,4.77,4.77,20,3,0
2026-09-03 20:26:48,Research Wing,Ground,AI Research Lab,AC,0.25,0.25,20,3,0
2026-09-03 20:26:48,Research Wing,Ground,AI Research Lab,Computers,0.08,0.08,20,3,0
2026-09-03 20:26:48,Research Wing,Ground,AI Research Lab,Lights,0.02,0.02,20,3,0
2026-09-03 20:26:48,Research Wing,Ground,AI Research Lab,Fans,0.015,0.015,20,3,0
2026-09-03 20:26:48,Research Wing,Ground,AI Research Lab,Server Units,4.881,4.881,20,3,0
2026-09-03 20:26:48,Research Wing,Ground,Server Room,AC,0.25,0.25,20,3,0
2026-09-03 20:26:48,Research Wing,Ground,Server Room,Computers,0.08,0.08,20,3,0
2026-09-03 20:26:48,Research Wing,Ground,Server Room,Lights,0.06,0.06,20,3,0
2026-09-03 20:26:48,Research Wing,Ground,Server Room,Fans,0.015,0.015,20,3,0
2026-09-03 20:26:48,Research Wing,Ground,Server Room,Server Units,4.178,4.178,20,3,0
2026-09-03 21:26:48,Main Block,Ground,Lab 101,AC,0.25,0.25,21,3,0
2026-09-03 21:26:48,Main Block,Ground,Lab 101,Computers,0.08,0.08,21,3,0
2026-09-03 21:26:48,Main Block,Ground,Lab 101,Lights,0.02,0.02,21,3,0
2026-09-03 21:26:48,Main Block,Ground,Lab 101,Fans,0.015,0.015,21,3,0
2026-09-03 21:26:48,Main Block,Ground,Lab 101,Server Units,4.779,4.779,21,3,0
2026-09-03 21:26:48,Main Block,First,Computer Lab 201,AC,0.25,0.25,21,3,0
2026-09-03 21:26:48,Main Block,First,Computer Lab 201,Computers,0.08,0.08,21,3,0
2026-09-03 21:26:48,Main Block,First,Computer Lab 201,Lights,0.02,0.02,21,3,0
2026-09-03 21:26:48,Main Block,First,Computer Lab 201,Fans,0.015,0.015,21,3,0
2026-09-03 21:26:48,Main Block,First,Computer Lab 201,Server Units,4.348,4.348,21,3,0
2026-09-03 21:26:48,Research Wing,Ground,AI Research Lab,AC,0.25,0.25,21,3,0
2026-09-03 21:26:48,Research Wing,Ground,AI Research Lab,Computers,0.08,0.08,21,3,0
2026-09-03 21:26:48,Research Wing,Ground,AI Research Lab,Lights,0.06,0.06,21,3,0
2026-09-03 21:26:48,Research Wing,Ground,AI Research Lab,Fans,0.015,0.015,21,3,0
2026-09-03 21:26:48,Research Wing,Ground,AI Research Lab,Server Units,4.173,4.173,21,3,0
2026-09-03 21:26:48,Research Wing,Ground,Server Room,AC,0.25,0.25,21,3,0
2026-09-03 21:26:48,Research Wing,Ground,Server Room,Computers,0.08,0.08,21,3,0
2026-09-03 21:26:48,Research Wing,Ground,Server Room,Lights,0.02,0.02,21,3,0
2026-09-03 21:26:48,Research Wing,Ground,Server Room,Fans,0.015,0.015,21,3,0
2026-09-03 21:26:48,Research Wing,Ground,Server Room,Server Units,5.035,5.035,21,3,0
2026-09-03 22:26:48,Main Block,Ground,Lab 101,AC,0.25,0.25,22,3,0
2026-09-03 22:26:48,Main Block,Ground,Lab 101,Computers,0.08,0.08,22,3,0
2026-09-03 22:26:48,Main Block,Ground,Lab 101,Lights,0.02,0.02,22,3,0
2026-09-03 22:26:48,Main Block,Ground,Lab 101,Fans,0.015,0.015,22,3,0
2026-09-03 22:26:48,Main Block,Ground,Lab 101,Server Units,5.011,5.011,22,3,0
2026-09-03 22:26:48,Main Block,First,Computer Lab 201,AC,0.25,0.25,22,3,0
2026-09-03 22:26:48,Main Block,First,Computer Lab 201,Computers,0.08,0.08,22,3,0
2026-09-03 22:26:48,Main Block,First,Computer Lab 201,Lights,0.02,0.02,22,3,0
2026-09-03 22:26:48,Main Block,First,Computer Lab 201,Fans,0.015,0.015,22,3,0
2026-09-03 22:26:48,Main Block,First,Computer Lab 201,Server Units,4.54,4.54,22,3,0
2026-09-03 22:26:48,Research Wing,Ground,AI Research Lab,AC,0.25,0.25,22,3,0
2026-09-03 22:26:48,Research Wing,Ground,AI Research Lab,Computers,0.08,0.08,22,3,0
2026-09-03 22:26:48,Research Wing,Ground,AI Research Lab,Lights,0.02,0.02,22,3,0
2026-09-03 22:26:48,Research Wing,Ground,AI Research Lab,Fans,0.015,0.015,22,3,0
2026-09-03 22:26:48,Research Wing,Ground,AI Research Lab,Server Units,3.742,3.742,22,3,0
2026-09-03 22:26:48,Research Wing,Ground,Server Room,AC,0.25,0.25,22,3,0
2026-09-03 22:26:48,Research Wing,Ground,Server Room,Computers,0.08,0.08,22,3,0
2026-09-03 22:26:48,Research Wing,Ground,Server Room,Lights,0.02,0.02,22,3,0
2026-09-03 22:26:48,Research Wing,Ground,Server Room,Fans,0.015,0.015,22,3,0
2026-09-03 22:26:48,Research Wing,Ground,Server Room,Server Units,4.221,4.221,22,3,0
2026-09-03 23:26:48,Main Block,Ground,Lab 101,AC,0.25,0.25,23,3,0
2026-09-03 23:26:48,Main Block,Ground,Lab 101,Computers,0.08,0.08,23,3,0
2026-09-03 23:26:48,Main Block,Ground,Lab 101,Lights,0.02,0.02,23,3,0
2026-09-03 23:26:48,Main Block,Ground,Lab 101,Fans,0.015,0.015,23,3,0
2026-09-03 23:26:48,Main Block,Ground,Lab 101,Server Units,4.69,4.69,23,3,0
2026-09-03 23:26:48,Main Block,First,Computer Lab 201,AC,0.25,0.25,23,3,0
2026-09-03 23:26:48,Main Block,First,Computer Lab 201,Computers,0.08,0.08,23,3,0
2026-09-03 23:26:48,Main Block,First,Computer Lab 201,Lights,0.02,0.02,23,3,0
2026-09-03 23:26:48,Main Block,First,Computer Lab 201,Fans,0.015,0.015,23,3,0
2026-09-03 23:26:48,Main Block,First,Computer Lab 201,Server Units,3.908,3.908,23,3,0
2026-09-03 23:26:48,Research Wing,Ground,AI Research Lab,AC,0.25,0.25,23,3,0
2026-09-03 23:26:48,Research Wing,Ground,AI Research Lab,Computers,0.08,0.08,23,3,0
2026-09-03 23:26:48,Research Wing,Ground,AI Research Lab,Lights,0.02,0.02,23,3,0
2026-09-03 23:26:48,Research Wing,Ground,AI Research Lab,Fans,0.015,0.015,23,3,0
2026-09-03 23:26:48,Research Wing,Ground,AI Research Lab,Server Units,4.137,4.137,23,3,0
2026-09-03 23:26:48,Research Wing,Ground,Server Room,AC,0.75,0.75,23,3,0
2026-09-03 23:26:48,Research Wing,Ground,Server Room,Computers,0.08,0.08,23,3,0
2026-09-03 23:26:48,Research Wing,Ground,Server Room,Lights,0.02,0.02,23,3,0
2026-09-03 23:26:48,Research Wing,Ground,Server Room,Fans,0.015,0.015,23,3,0
2026-09-03 23:26:48,Research Wing,Ground,Server Room,Server Units,4.604,4.604,23,3,0
2026-09-04 00:26:48,Main Block,Ground,Lab 101,AC,0.25,0.25,0,4,0
2026-09-04 00:26:48,Main Block,Ground,Lab 101,Computers,0.08,0.08,0,4,0
2026-09-04 00:26:48,Main Block,Ground,Lab 101,Lights,0.02,0.02,0,4,0
2026-09-04 00:26:48,Main Block,Ground,Lab 101,Fans,0.015,0.015,0,4,0
2026-09-04 00:26:48,Main Block,Ground,Lab 101,Server Units,4.791,4.791,0,4,0
2026-09-04 00:26:48,Main Block,First,Computer Lab 201,AC,0.25,0.25,0,4,0
2026-09-04 00:26:48,Main Block,First,Computer Lab 201,Computers,0.08,0.08,0,4,0
2026-09-04 00:26:48,Main Block,First,Computer Lab 201,Lights,0.02,0.02,0,4,0
2026-09-04 00:26:48,Main Block,First,Computer Lab 201,Fans,0.015,0.015,0,4,0
2026-09-04 00:26:48,Main Block,First,Computer Lab 201,Server Units,4.82,4.82,0,4,0
2026-09-04 00:26:48,Research Wing,Ground,AI Research Lab,AC,0.25,0.25,0,4,0
2026-09-04 00:26:48,Research Wing,Ground,AI Research Lab,Computers,0.08,0.08,0,4,0
2026-09-04 00:26:48,Research Wing,Ground,AI Research Lab,Lights,0.02,0.02,0,4,0
2026-09-04 00:26:48,Research Wing,Ground,AI Research Lab,Fans,0.045,0.045,0,4,0
2026-09-04 00:26:48,Research Wing,Ground,AI Research Lab,Server Units,4.063,4.063,0,4,0
2026-09-04 00:26:48,Research Wing,Ground,Server Room,AC,0.25,0.25,0,4,0
2026-09-04 00:26:48,Research Wing,Ground,Server Room,Computers,0.08,0.08,0,4,0
2026-09-04 00:26:48,Research Wing,Ground,Server Room,Lights,0.02,0.02,0,4,0
2026-09-04 00:26:48,Research Wing,Ground,Server Room,Fans,0.015,0.015,0,4,0
2026-09-04 00:26:48,Research Wing,Ground,Server Room,Server Units,3.997,3.997,0,4,0
2026-09-04 01:26:48,Main Block,Ground,Lab 101,AC,0.25,0.25,1,4,0
2026-09-04 01:26:48,Main Block,Ground,Lab 101,Computers,0.08,0.08,1,4,0
2026-09-04 01:26:48,Main Block,Ground,Lab 101,Lights,0.02,0.02,1,4,0
2026-09-04 01:26:48,Main Block,Ground,Lab 101,Fans,0.045,0.045,1,4,0
2026-09-04 01:26:48,Main Block,Ground,Lab 101,Server Units,4.731,4.731,1,4,0
2026-09-04 01:26:48,Main Block,First,Computer Lab 201,AC,0.25,0.25,1,4,0
2026-09-04 01:26:48,Main Block,First,Computer Lab 201,Computers,0.08,0.08,1,4,0
2026-09-04 01:26:48,Main Block,First,Computer Lab 201,Lights,0.02,0.02,1,4,0
2026-09-04 01:26:48,Main Block,First,Computer Lab 201,Fans,0.015,0.015,1,4,0
2026-09-04 01:26:48,Main Block,First,Computer Lab 201,Server Units,4.424,4.424,1,4,0
2026-09-04 01:26:48,Research Wing,Ground,AI Research Lab,AC,0.25,0.25,1,4,0
2026-09-04 01:26:48,Research Wing,Ground,AI Research Lab,Computers,0.08,0.08,1,4,0
2026-09-04 01:26:48,Research Wing,Ground,AI Research Lab,Lights,0.02,0.02,1,4,0
2026-09-04 01:26:48,Research Wing,Ground,AI Research Lab,Fans,0.015,0.015,1,4,0
2026-09-04 01:26:48,Research Wing,Ground,AI Research Lab,Server Units,4.621,4.621,1,4,0
2026-09-04 01:26:48,Research Wing,Ground,Server Room,AC,0.25,0.25,1,4,0
2026-09-04 01:26:48,Research Wing,Ground,Server Room,Computers,0.08,0.08,1,4,0
2026-09-04 01:26:48,Research Wing,Ground,Server Room,Lights,0.02,0.02,1,4,0
2026-09-04 01:26:48,Research Wing,Ground,Server Room,Fans,0.015,0.015,1,4,0
2026-09-04 01:26:48,Research Wing,Ground,Server Room,Server Units,4.689,4.689,1,4,0
2026-09-04 02:26:48,Main Block,Ground,Lab 101,AC,0.25,0.25,2,4,0
2026-09-04 02:26:48,Main Block,Ground,Lab 101,Computers,0.08,0.08,2,4,0
2026-09-04 02:26:48,Main Block,Ground,Lab 101,Lights,0.02,0.02,2,4,0
2026-09-04 02:26:48,Main Block,Ground,Lab 101,Fans,0.015,0.015,2,4,0
2026-09-04 02:26:48,Main Block,Ground,Lab 101,Server Units,4.367,4.367,2,4,0
2026-09-04 02:26:48,Main Block,First,Computer Lab 201,AC,0.25,0.25,2,4,0
2026-09-04 02:26:48,Main Block,First,Computer Lab 201,Computers,0.08,0.08,2,4,0
2026-09-04 02:26:48,Main Block,First,Computer Lab 201,Lights,0.02,0.02,2,4,0
2026-09-04 02:26:48,Main Block,First,Computer Lab 201,Fans,0.015,0.015,2,4,0
2026-09-04 02:26:48,Main Block,First,Computer Lab 201,Server Units,4.567,4.567,2,4,0
2026-09-04 02:26:48,Research Wing,Ground,AI Research Lab,AC,0.25,0.25,2,4,0
2026-09-04 02:26:48,Research Wing,Ground,AI Research Lab,Computers,0.08,0.08,2,4,0
2026-09-04 02:26:48,Research Wing,Ground,AI Research Lab,Lights,0.02,0.02,2,4,0
2026-09-04 02:26:48,Research Wing,Ground,AI Research Lab,Fans,0.015,0.015,2,4,0
2026-09-04 02:26:48,Research Wing,Ground,AI Research Lab,Server Units,4.453,4.453,2,4,0
2026-09-04 02:26:48,Research Wing,Ground,Server Room,AC,0.25,0.25,2,4,0
2026-09-04 02:26:48,Research Wing,Ground,Server Room,Computers,0.08,0.08,2,4,0
2026-09-04 02:26:48,Research Wing,Ground,Server Room,Lights,0.02,0.02,2,4,0
2026-09-04 02:26:48,Research Wing,Ground,Server Room,Fans,0.015,0.015,2,4,0
2026-09-04 02:26:48,Research Wing,Ground,Server Room,Server Units,4.278,4.278,2,4,0
2026-09-04 03:26:48,Main Block,Ground,Lab 101,AC,0.25,0.25,3,4,0
2026-09-04 03:26:48,Main Block,Ground,Lab 101,Computers,0.08,0.08,3,4,0
2026-09-04 03:26:48,Main Block,Ground,Lab 101,Lights,0.02,0.02,3,4,0
2026-09-04 03:26:48,Main Block,Ground,Lab 101,Fans,0.015,0.015,3,4,0
2026-09-04 03:26:48,Main Block,Ground,Lab 101,Server Units,4.511,4.511,3,4,0
2026-09-04 03:26:48,Main Block,First,Computer Lab 201,AC,0.25,0.25,3,4,0
2026-09-04 03:26:48,Main Block,First,Computer Lab 201,Computers,0.08,0.08,3,4,0
2026-09-04 03:26:48,Main Block,First,Computer Lab 201,Lights,0.02,0.02,3,4,0
2026-09-04 03:26:48,Main Block,First,Computer Lab 201,Fans,0.045,0.045,3,4,0
2026-09-04 03:26:48,Main Block,First,Computer Lab 201,Server Units,4.204,4.204,3,4,0
2026-09-04 03:26:48,Research Wing,Ground,AI Research Lab,AC,0.25,0.25,3,4,0
2026-09-04 03:26:48,Research Wing,Ground,AI Research Lab,Computers,0.08,0.08,3,4,0
2026-09-04 03:26:48,Research Wing,Ground,AI Research Lab,Lights,0.02,0.02,3,4,0
2026-09-04 03:26:48,Research Wing,Ground,AI Research Lab,Fans,0.015,0.015,3,4,0
2026-09-04 03:26:48,Research Wing,Ground,AI Research Lab,Server Units,4.461,4.461,3,4,0
2026-09-04 03:26:48,Research Wing,Ground,Server Room,AC,0.25,0.25,3,4,0
2026-09-04 03:26:48,Research Wing,Ground,Server Room,Computers,0.08,0.08,3,4,0
2026-09-04 03:26:48,Research Wing,Ground,Server Room,Lights,0.02,0.02,3,4,0
2026-09-04 03:26:48,Research Wing,Ground,Server Room,Fans,0.015,0.015,3,4,0
2026-09-04 03:26:48,Research Wing,Ground,Server Room,Server Units,4.184,4.184,3,4,0
2026-09-04 04:26:48,Main Block,Ground,Lab 101,AC,0.25,0.25,4,4,0
2026-09-04 04:26:48,Main Block,Ground,Lab 101,Computers,0.08,0.08,4,4,0
2026-09-04 04:26:48,Main Block,Ground,Lab 101,Lights,0.02,0.02,4,4,0
2026-09-04 04:26:48,Main Block,Ground,Lab 101,Fans,0.015,0.015,4,4,0
2026-09-04 04:26:48,Main Block,Ground,Lab 101,Server Units,4.561,4.561,4,4,0
2026-09-04 04:26:48,Main Block,First,Computer Lab 201,AC,0.25,0.25,4,4,0
2026-09-04 04:26:48,Main Block,First,Computer Lab 201,Computers,0.08,0.08,4,4,0
2026-09-04 04:26:48,Main Block,First,Computer Lab 201,Lights,0.02,0.02,4,4,0
2026-09-04 04:26:48,Main Block,First,Computer Lab 201,Fans,0.015,0.015,4,4,0
2026-09-04 04:26:48,Main Block,First,Computer Lab 201,Server Units,3.919,3.919,4,4,0
2026-09-04 04:26:48,Research Wing,Ground,AI Research Lab,AC,0.25,0.25,4,4,0
2026-09-04 04:26:48,Research Wing,Ground,AI Research Lab,Computers,0.08,0.08,4,4,0
2026-09-04 04:26:48,Research Wing,Ground,AI Research Lab,Lights,0.02,0.02,4,4,0
2026-09-04 04:26:48,Research Wing,Ground,AI Research Lab,Fans,0.015,0.015,4,4,0
2026-09-04 04:26:48,Research Wing,Ground,AI Research Lab,Server Units,4.745,4.745,4,4,0
2026-09-04 04:26:48,Research Wing,Ground,Server Room,AC,0.25,0.25,4,4,0
2026-09-04 04:26:48,Research Wing,Ground,Server Room,Computers,0.08,0.08,4,4,0
2026-09-04 04:26:48,Research Wing,Ground,Server Room,Lights,0.02,0.02,4,4,0
2026-09-04 04:26:48,Research Wing,Ground,Server Room,Fans,0.015,0.015,4,4,0
2026-09-04 04:26:48,Research Wing,Ground,Server Room,Server Units,3.766,3.766,4,4,0
2026-09-04 05:26:48,Main Block,Ground,Lab 101,AC,0.25,0.25,5,4,0
2026-09-04 05:26:48,Main Block,Ground,Lab 101,Computers,0.08,0.08,5,4,0
2026-09-04 05:26:48,Main Block,Ground,Lab 101,Lights,0.02,0.02,5,4,0
2026-09-04 05:26:48,Main Block,Ground,Lab 101,Fans,0.015,0.015,5,4,0
2026-09-04 05:26:48,Main Block,Ground,Lab 101,Server Units,4.6,4.6,5,4,0
2026-09-04 05:26:48,Main Block,First,Computer Lab 201,AC,0.25,0.25,5,4,0
2026-09-04 05:26:48,Main Block,First,Computer Lab 201,Computers,0.08,0.08,5,4,0
2026-09-04 05:26:48,Main Block,First,Computer Lab 201,Lights,0.06,0.06,5,4,0
2026-09-04 05:26:48,Main Block,First,Computer Lab 201,Fans,0.015,0.015,5,4,0
2026-09-04 05:26:48,Main Block,First,Computer Lab 201,Server Units,3.907,3.907,5,4,0
2026-09-04 05:26:48,Research Wing,Ground,AI Research Lab,AC,0.25,0.25,5,4,0
2026-09-04 05:26:48,Research Wing,Ground,AI Research Lab,Computers,0.08,0.08,5,4,0
2026-09-04 05:26:48,Research Wing,Ground,AI Research Lab,Lights,0.02,0.02,5,4,0
2026-09-04 05:26:48,Research Wing,Ground,AI Research Lab,Fans,0.015,0.015,5,4,0
2026-09-04 05:26:48,Research Wing,Ground,AI Research Lab,Server Units,3.961,3.961,5,4,0
2026-09-04 05:26:48,Research Wing,Ground,Server Room,AC,0.25,0.25,5,4,0
2026-09-04 05:26:48,Research Wing,Ground,Server Room,Computers,0.08,0.08,5,4,0
2026-09-04 05:26:48,Research Wing,Ground,Server Room,Lights,0.02,0.02,5,4,0
2026-09-04 05:26:48,Research Wing,Ground,Server Room,Fans,0.015,0.015,5,4,0
2026-09-04 05:26:48,Research Wing,Ground,Server Room,Server Units,3.883,3.883,5,4,0
2026-09-04 06:26:48,Main Block,Ground,Lab 101,AC,0.25,0.25,6,4,0
2026-09-04 06:26:48,Main Block,Ground,Lab 101,Computers,0.08,0.08,6,4,0
2026-09-04 06:26:48,Main Block,Ground,Lab 101,Lights,0.02,0.02,6,4,0
2026-09-04 06:26:48,Main Block,Ground,Lab 101,Fans,0.015,0.015,6,4,0
2026-09-04 06:26:48,Main Block,Ground,Lab 101,Server Units,4.684,4.684,6,4,0
2026-09-04 06:26:48,Main Block,First,Computer Lab 201,AC,0.25,0.25,6,4,0
2026-09-04 06:26:48,Main Block,First,Computer Lab 201,Computers,0.08,0.08,6,4,0
2026-09-04 06:26:48,Main Block,First,Computer Lab 201,Lights,0.02,0.02,6,4,0
2026-09-04 06:26:48,Main Block,First,Computer Lab 201,Fans,0.015,0.015,6,4,0
2026-09-04 06:26:48,Main Block,First,Computer Lab 201,Server Units,4.862,4.862,6,4,0
2026-09-04 06:26:48,Research Wing,Ground,AI Research Lab,AC,0.25,0.25,6,4,0
2026-09-04 06:26:48,Research Wing,Ground,AI Research Lab,Computers,0.08,0.08,6,4,0
2026-09-04 06:26:48,Research Wing,Ground,AI Research Lab,Lights,0.02,0.02,6,4,0
2026-09-04 06:26:48,Research Wing,Ground,AI Research Lab,Fans,0.015,0.015,6,4,0
2026-09-04 06:26:48,Research Wing,Ground,AI Research Lab,Server Units,4.305,4.305,6,4,0
2026-09-04 06:26:48,Research Wing,Ground,Server Room,AC,0.25,0.25,6,4,0
2026-09-04 06:26:48,Research Wing,Ground,Server Room,Computers,0.08,0.08,6,4,0
2026-09-04 06:26:48,Research Wing,Ground,Server Room,Lights,0.02,0.02,6,4,0
2026-09-04 06:26:48,Research Wing,Ground,Server Room,Fans,0.015,0.015,6,4,0
2026-09-04 06:26:48,Research Wing,Ground,Server Room,Server Units,3.879,3.879,6,4,0
2026-09-04 07:26:48,Main Block,Ground,Lab 101,AC,0.25,0.25,7,4,0
2026-09-04 07:26:48,Main Block,Ground,Lab 101,Computers,0.08,0.08,7,4,0
2026-09-04 07:26:48,Main Block,Ground,Lab 101,Lights,0.02,0.02,7,4,0
2026-09-04 07:26:48,Main Block,Ground,Lab 101,Fans,0.015,0.015,7,4,0
2026-09-04 07:26:48,Main Block,Ground,Lab 101,Server Units,4.709,4.709,7,4,0
2026-09-04 07:26:48,Main Block,First,Computer Lab 201,AC,0.25,0.25,7,4,0
2026-09-04 07:26:48,Main Block,First,Computer Lab 201,Computers,0.08,0.08,7,4,0
2026-09-04 07:26:48,Main Block,First,Computer Lab 201,Lights,0.02,0.02,7,4,0
2026-09-04 07:26:48,Main Block,First,Computer Lab 201,Fans,0.015,0.015,7,4,0
2026-09-04 07:26:48,Main Block,First,Computer Lab 201,Server Units,4.315,4.315,7,4,0
2026-09-04 07:26:48,Research Wing,Ground,AI Research Lab,AC,0.25,0.25,7,4,0
2026-09-04 07:26:48,Research Wing,Ground,AI Research Lab,Computers,0.08,0.08,7,4,0
2026-09-04 07:26:48,Research Wing,Ground,AI Research Lab,Lights,0.02,0.02,7,4,0
2026-09-04 07:26:48,Research Wing,Ground,AI Research Lab,Fans,0.015,0.015,7,4,0
2026-09-04 07:26:48,Research Wing,Ground,AI Research Lab,Server Units,4.904,4.904,7,4,0
2026-09-04 07:26:48,Research Wing,Ground,Server Room,AC,0.25,0.25,7,4,0
2026-09-04 07:26:48,Research Wing,Ground,Server Room,Computers,0.08,0.08,7,4,0
2026-09-04 07:26:48,Research Wing,Ground,Server Room,Lights,0.02,0.02,7,4,0
2026-09-04 07:26:48,Research Wing,Ground,Server Room,Fans,0.015,0.015,7,4,0
2026-09-04 07:26:48,Research Wing,Ground,Server Room,Server Units,4.863,4.863,7,4,0
2026-09-04 08:26:48,Main Block,Ground,Lab 101,AC,4.111,4.111,8,4,0
2026-09-04 08:26:48,Main Block,Ground,Lab 101,Computers,1.904,1.904,8,4,0
2026-09-04 08:26:48,Main Block,Ground,Lab 101,Lights,0.318,0.318,8,4,0
2026-09-04 08:26:48,Main Block,Ground,Lab 101,Fans,0.166,0.166,8,4,0
2026-09-04 08:26:48,Main Block,Ground,Lab 101,Server Units,3.853,3.853,8,4,0
2026-09-04 08:26:48,Main Block,First,Computer Lab 201,AC,4.485,4.485,8,4,0
2026-09-04 08:26:48,Main Block,First,Computer Lab 201,Computers,2.114,2.114,8,4,0
2026-09-04 08:26:48,Main Block,First,Computer Lab 201,Lights,0.299,0.299,8,4,0
2026-09-04 08:26:48,Main Block,First,Computer Lab 201,Fans,0.171,0.171,8,4,0
2026-09-04 08:26:48,Main Block,First,Computer Lab 201,Server Units,4.653,4.653,8,4,0
2026-09-04 08:26:48,Research Wing,Ground,AI Research Lab,AC,4.61,4.61,8,4,0
2026-09-04 08:26:48,Research Wing,Ground,AI Research Lab,Computers,2.019,2.019,8,4,0
2026-09-04 08:26:48,Research Wing,Ground,AI Research Lab,Lights,0.322,0.322,8,4,0
2026-09-04 08:26:48,Research Wing,Ground,AI Research Lab,Fans,0.207,0.207,8,4,0
2026-09-04 08:26:48,Research Wing,Ground,AI Research Lab,Server Units,4.072,4.072,8,4,0
2026-09-04 08:26:48,Research Wing,Ground,Server Room,AC,4.085,4.085,8,4,0
2026-09-04 08:26:48,Research Wing,Ground,Server Room,Computers,2.022,2.022,8,4,0
2026-09-04 08:26:48,Research Wing,Ground,Server Room,Lights,0.272,0.272,8,4,0
2026-09-04 08:26:48,Research Wing,Ground,Server Room,Fans,0.194,0.194,8,4,0
2026-09-04 08:26:48,Research Wing,Ground,Server Room,Server Units,5.029,5.029,8,4,0
2026-09-04 09:26:48,Main Block,Ground,Lab 101,AC,4.207,4.207,9,4,0
2026-09-04 09:26:48,Main Block,Ground,Lab 101,Computers,1.816,1.816,9,4,0
2026-09-04 09:26:48,Main Block,Ground,Lab 101,Lights,0.813,0.813,9,4,0
2026-09-04 09:26:48,Main Block,Ground,Lab 101,Fans,0.197,0.197,9,4,0
2026-09-04 09:26:48,Main Block,Ground,Lab 101,Server Units,5.026,5.026,9,4,0
2026-09-04 09:26:48,Main Block,First,Computer Lab 201,AC,4.767,4.767,9,4,0
2026-09-04 09:26:48,Main Block,First,Computer Lab 201,Computers,2.221,2.221,9,4,0
2026-09-04 09:26:48,Main Block,First,Computer Lab 201,Lights,0.334,0.334,9,4,0
2026-09-04 09:26:48,Main Block,First,Computer Lab 201,Fans,0.193,0.193,9,4,0
2026-09-04 09:26:48,Main Block,First,Computer Lab 201,Server Units,3.983,3.983,9,4,0
2026-09-04 09:26:48,Research Wing,Ground,AI Research Lab,AC,5.095,5.095,9,4,0
2026-09-04 09:26:48,Research Wing,Ground,AI Research Lab,Computers,2.193,2.193,9,4,0
2026-09-04 09:26:48,Research Wing,Ground,AI Research Lab,Lights,0.262,0.262,9,4,0
2026-09-04 09:26:48,Research Wing,Ground,AI Research Lab,Fans,0.169,0.169,9,4,0
2026-09-04 09:26:48,Research Wing,Ground,AI Research Lab,Server Units,4.483,4.483,9,4,0
2026-09-04 09:26:48,Research Wing,Ground,Server Room,AC,5.167,5.167,9,4,0
2026-09-04 09:26:48,Research Wing,Ground,Server Room,Computers,2.159,2.159,9,4,0
2026-09-04 09:26:48,Research Wing,Ground,Server Room,Lights,0.326,0.326,9,4,0
2026-09-04 09:26:48,Research Wing,Ground,Server Room,Fans,0.196,0.196,9,4,0
2026-09-04 09:26:48,Research Wing,Ground,Server Room,Server Units,4.324,4.324,9,4,0
2026-09-04 10:26:48,Main Block,Ground,Lab 101,AC,5.162,5.162,10,4,0
2026-09-04 10:26:48,Main Block,Ground,Lab 101,Computers,2.073,2.073,10,4,0
2026-09-04 10:26:48,Main Block,Ground,Lab 101,Lights,0.322,0.322,10,4,0
2026-09-04 10:26:48,Main Block,Ground,Lab 101,Fans,0.178,0.178,10,4,0
2026-09-04 10:26:48,Main Block,Ground,Lab 101,Server Units,4.612,4.612,10,4,0
2026-09-04 10:26:48,Main Block,First,Computer Lab 201,AC,4.06,4.06,10,4,0
2026-09-04 10:26:48,Main Block,First,Computer Lab 201,Computers,1.702,1.702,10,4,0
2026-09-04 10:26:48,Main Block,First,Computer Lab 201,Lights,0.308,0.308,10,4,0
2026-09-04 10:26:48,Main Block,First,Computer Lab 201,Fans,0.179,0.179,10,4,0
2026-09-04 10:26:48,Main Block,First,Computer Lab 201,Server Units,4.668,4.668,10,4,0
2026-09-04 10:26:48,Research Wing,Ground,AI Research Lab,AC,4.753,4.753,10,4,0
2026-09-04 10:26:48,Research Wing,Ground,AI Research Lab,Computers,2.173,2.173,10,4,0
2026-09-04 10:26:48,Research Wing,Ground,AI Research Lab,Lights,0.315,0.315,10,4,0
2026-09-04 10:26:48,Research Wing,Ground,AI Research Lab,Fans,0.191,0.191,10,4,0
2026-09-04 10:26:48,Research Wing,Ground,AI Research Lab,Server Units,4.595,4.595,10,4,0
2026-09-04 10:26:48,Research Wing,Ground,Server Room,AC,4.941,4.941,10,4,0
2026-09-04 10:26:48,Research Wing,Ground,Server Room,Computers,1.8,1.8,10,4,0
2026-09-04 10:26:48,Research Wing,Ground,Server Room,Lights,0.322,0.322,10,4,0
2026-09-04 10:26:48,Research Wing,Ground,Server Room,Fans,0.183,0.183,10,4,0
2026-09-04 10:26:48,Research Wing,Ground,Server Room,Server Units,4.649,4.649,10,4,0
2026-09-04 11:26:48,Main Block,Ground,Lab 101,AC,5.098,5.098,11,4,0
2026-09-04 11:26:48,Main Block,Ground,Lab 101,Computers,1.996,1.996,11,4,0
2026-09-04 11:26:48,Main Block,Ground,Lab 101,Lights,0.259,0.259,11,4,0
2026-09-04 11:26:48,Main Block,Ground,Lab 101,Fans,0.185,0.185,11,4,0
2026-09-04 11:26:48,Main Block,Ground,Lab 101,Server Units,3.861,3.861,11,4,0
2026-09-04 11:26:48,Main Block,First,Computer Lab 201,AC,4.954,4.954,11,4,0
2026-09-04 11:26:48,Main Block,First,Computer Lab 201,Computers,2.27,2.27,11,4,0
2026-09-04 11:26:48,Main Block,First,Computer Lab 201,Lights,0.316,0.316,11,4,0
2026-09-04 11:26:48,Main Block,First,Computer Lab 201,Fans,0.168,0.168,11,4,0
2026-09-04 11:26:48,Main Block,First,Computer Lab 201,Server Units,4.361,4.361,11,4,0
2026-09-04 11:26:48,Research Wing,Ground,AI Research Lab,AC,5.062,5.062,11,4,0
2026-09-04 11:26:48,Research Wing,Ground,AI Research Lab,Computers,2.051,2.051,11,4,0
2026-09-04 11:26:48,Research Wing,Ground,AI Research Lab,Lights,0.299,0.299,11,4,0
2026-09-04 11:26:48,Research Wing,Ground,AI Research Lab,Fans,0.186,0.186,11,4,0
2026-09-04 11:26:48,Research Wing,Ground,AI Research Lab,Server Units,4.625,4.625,11,4,0
2026-09-04 11:26:48,Research Wing,Ground,Server Room,AC,4.27,4.27,11,4,0
2026-09-04 11:26:48,Research Wing,Ground,Server Room,Computers,1.873,1.873,11,4,0
2026-09-04 11:26:48,Research Wing,Ground,Server Room,Lights,0.328,0.328,11,4,0
2026-09-04 11:26:48,Research Wing,Ground,Server Room,Fans,0.192,0.192,11,4,0
2026-09-04 11:26:48,Research Wing,Ground,Server Room,Server Units,4.167,4.167,11,4,0
2026-09-04 12:26:48,Main Block,Ground,Lab 101,AC,4.371,4.371,12,4,0
2026-09-04 12:26:48,Main Block,Ground,Lab 101,Computers,2.293,2.293,12,4,0
2026-09-04 12:26:48,Main Block,Ground,Lab 101,Lights,0.304,0.304,12,4,0
2026-09-04 12:26:48,Main Block,Ground,Lab 101,Fans,0.177,0.177,12,4,0
2026-09-04 12:26:48,Main Block,Ground,Lab 101,Server Units,4.739,4.739,12,4,0
2026-09-04 12:26:48,Main Block,First,Computer Lab 201,AC,4.851,4.851,12,4,0
2026-09-04 12:26:48,Main Block,First,Computer Lab 201,Computers,2.03,2.03,12,4,0
2026-09-04 12:26:48,Main Block,First,Computer Lab 201,Lights,0.294,0.294,12,4,0
2026-09-04 12:26:48,Main Block,First,Computer Lab 201,Fans,0.173,0.173,12,4,0
2026-09-04 12:26:48,Main Block,First,Computer Lab 201,Server Units,4.544,4.544,12,4,0
2026-09-04 12:26:48,Research Wing,Ground,AI Research Lab,AC,4.039,4.039,12,4,0
2026-09-04 12:26:48,Research Wing,Ground,AI Research Lab,Computers,2.031,2.031,12,4,0
2026-09-04 12:26:48,Research Wing,Ground,AI Research Lab,Lights,0.344,0.344,12,4,0
2026-09-04 12:26:48,Research Wing,Ground,AI Research Lab,Fans,0.193,0.193,12,4,0
2026-09-04 12:26:48,Research Wing,Ground,AI Research Lab,Server Units,4.838,4.838,12,4,0
2026-09-04 12:26:48,Research Wing,Ground,Server Room,AC,4.792,4.792,12,4,0
2026-09-04 12:26:48,Research Wing,Ground,Server Room,Computers,1.864,1.864,12,4,0
2026-09-04 12:26:48,Research Wing,Ground,Server Room,Lights,0.343,0.343,12,4,0
2026-09-04 12:26:48,Research Wing,Ground,Server Room,Fans,0.198,0.198,12,4,0
2026-09-04 12:26:48,Research Wing,Ground,Server Room,Server Units,4.957,4.957,12,4,0
2026-09-04 13:26:48,Main Block,Ground,Lab 101,AC,5.012,5.012,13,4,0
2026-09-04 13:26:48,Main Block,Ground,Lab 101,Computers,1.866,1.866,13,4,0
2026-09-04 13:26:48,Main Block,Ground,Lab 101,Lights,0.292,0.292,13,4,0
2026-09-04 13:26:48,Main Block,Ground,Lab 101,Fans,0.195,0.195,13,4,0
2026-09-04 13:26:48,Main Block,Ground,Lab 101,Server Units,4.113,4.113,13,4,0
2026-09-04 13:26:48,Main Block,First,Computer Lab 201,AC,4.617,4.617,13,4,0
2026-09-04 13:26:48,Main Block,First,Computer Lab 201,Computers,1.994,1.994,13,4,0
2026-09-04 13:26:48,Main Block,First,Computer Lab 201,Lights,0.303,0.303,13,4,0
2026-09-04 13:26:48,Main Block,First,Computer Lab 201,Fans,0.198,0.198,13,4,0
2026-09-04 13:26:48,Main Block,First,Computer Lab 201,Server Units,4.341,4.341,13,4,0
2026-09-04 13:26:48,Research Wing,Ground,AI Research Lab,AC,4.08,4.08,13,4,0
2026-09-04 13:26:48,Research Wing,Ground,AI Research Lab,Computers,2.043,2.043,13,4,0
2026-09-04 13:26:48,Research Wing,Ground,AI Research Lab,Lights,0.325,0.325,13,4,0
2026-09-04 13:26:48,Research Wing,Ground,AI Research Lab,Fans,0.209,0.209,13,4,0
2026-09-04 13:26:48,Research Wing,Ground,AI Research Lab,Server Units,4.811,4.811,13,4,0
2026-09-04 13:26:48,Research Wing,Ground,Server Room,AC,4.721,4.721,13,4,0
2026-09-04 13:26:48,Research Wing,Ground,Server Room,Computers,2.288,2.288,13,4,0
2026-09-04 13:26:48,Research Wing,Ground,Server Room,Lights,0.258,0.258,13,4,0
2026-09-04 13:26:48,Research Wing,Ground,Server Room,Fans,0.2,0.2,13,4,0
2026-09-04 13:26:48,Research Wing,Ground,Server Room,Server Units,4.894,4.894,13,4,0
2026-09-04 14:26:48,Main Block,Ground,Lab 101,AC,4.535,4.535,14,4,0
2026-09-04 14:26:48,Main Block,Ground,Lab 101,Computers,2.133,2.133,14,4,0
2026-09-04 14:26:48,Main Block,Ground,Lab 101,Lights,0.314,0.314,14,4,0
2026-09-04 14:26:48,Main Block,Ground,Lab 101,Fans,0.193,0.193,14,4,0
2026-09-04 14:26:48,Main Block,Ground,Lab 101,Server Units,4.187,4.187,14,4,0
2026-09-04 14:26:48,Main Block,First,Computer Lab 201,AC,4.702,4.702,14,4,0
2026-09-04 14:26:48,Main Block,First,Computer Lab 201,Computers,2.211,2.211,14,4,0
2026-09-04 14:26:48,Main Block,First,Computer Lab 201,Lights,0.289,0.289,14,4,0
2026-09-04 14:26:48,Main Block,First,Computer Lab 201,Fans,0.208,0.208,14,4,0
2026-09-04 14:26:48,Main Block,First,Computer Lab 201,Server Units,4.892,4.892,14,4,0
2026-09-04 14:26:48,Research Wing,Ground,AI Research Lab,AC,3.917,3.917,14,4,0
2026-09-04 14:26:48,Research Wing,Ground,AI Research Lab,Computers,2.253,2.253,14,4,0
2026-09-04 14:26:48,Research Wing,Ground,AI Research Lab,Lights,0.322,0.322,14,4,0
2026-09-04 14:26:48,Research Wing,Ground,AI Research Lab,Fans,0.172,0.172,14,4,0
2026-09-04 14:26:48,Research Wing,Ground,AI Research Lab,Server Units,4.892,4.892,14,4,0
2026-09-04 14:26:48,Research Wing,Ground,Server Room,AC,4.762,4.762,14,4,0
2026-09-04 14:26:48,Research Wing,Ground,Server Room,Computers,1.728,1.728,14,4,0
2026-09-04 14:26:48,Research Wing,Ground,Server Room,Lights,0.281,0.281,14,4,0
2026-09-04 14:26:48,Research Wing,Ground,Server Room,Fans,0.174,0.174,14,4,0
2026-09-04 14:26:48,Research Wing,Ground,Server Room,Server Units,4.487,4.487,14,4,0
2026-09-04 15:26:48,Main Block,Ground,Lab 101,AC,4.054,4.054,15,4,0
2026-09-04 15:26:48,Main Block,Ground,Lab 101,Computers,2.223,2.223,15,4,0
2026-09-04 15:26:48,Main Block,Ground,Lab 101,Lights,0.277,0.277,15,4,0
2026-09-04 15:26:48,Main Block,Ground,Lab 101,Fans,0.174,0.174,15,4,0
2026-09-04 15:26:48,Main Block,Ground,Lab 101,Server Units,4.075,4.075,15,4,0
2026-09-04 15:26:48,Main Block,First,Computer Lab 201,AC,3.838,3.838,15,4,0
2026-09-04 15:26:48,Main Block,First,Computer Lab 201,Computers,2.241,2.241,15,4,0
2026-09-04 15:26:48,Main Block,First,Computer Lab 201,Lights,0.269,0.269,15,4,0
2026-09-04 15:26:48,Main Block,First,Computer Lab 201,Fans,0.186,0.186,15,4,0
2026-09-04 15:26:48,Main Block,First,Computer Lab 201,Server Units,4.583,4.583,15,4,0
2026-09-04 15:26:48,Research Wing,Ground,AI Research Lab,AC,4.163,4.163,15,4,0
2026-09-04 15:26:48,Research Wing,Ground,AI Research Lab,Computers,1.82,1.82,15,4,0
2026-09-04 15:26:48,Research Wing,Ground,AI Research Lab,Lights,0.298,0.298,15,4,0
2026-09-04 15:26:48,Research Wing,Ground,AI Research Lab,Fans,0.199,0.199,15,4,0
2026-09-04 15:26:48,Research Wing,Ground,AI Research Lab,Server Units,5.05,5.05,15,4,0
2026-09-04 15:26:48,Research Wing,Ground,Server Room,AC,5.145,5.145,15,4,0
2026-09-04 15:26:48,Research Wing,Ground,Server Room,Computers,1.865,1.865,15,4,0
2026-09-04 15:26:48,Research Wing,Ground,Server Room,Lights,0.317,0.317,15,4,0
2026-09-04 15:26:48,Research Wing,Ground,Server Room,Fans,0.169,0.169,15,4,0
2026-09-04 15:26:48,Research Wing,Ground,Server Room,Server Units,4.396,4.396,15,4,0
2026-09-04 16:26:48,Main Block,Ground,Lab 101,AC,4.211,4.211,16,4,0
2026-09-04 16:26:48,Main Block,Ground,Lab 101,Computers,2.064,2.064,16,4,0
2026-09-04 16:26:48,Main Block,Ground,Lab 101,Lights,0.312,0.312,16,4,0
2026-09-04 16:26:48,Main Block,Ground,Lab 101,Fans,0.205,0.205,16,4,0
2026-09-04 16:26:48,Main Block,Ground,Lab 101,Server Units,4.61,4.61,16,4,0
2026-09-04 16:26:48,Main Block,First,Computer Lab 201,AC,4.673,4.673,16,4,0
2026-09-04 16:26:48,Main Block,First,Computer Lab 201,Computers,2.088,2.088,16,4,0
2026-09-04 16:26:48,Main Block,First,Computer Lab 201,Lights,0.295,0.295,16,4,0
2026-09-04 16:26:48,Main Block,First,Computer Lab 201,Fans,0.209,0.209,16,4,0
2026-09-04 16:26:48,Main Block,First,Computer Lab 201,Server Units,4.13,4.13,16,4,0
2026-09-04 16:26:48,Research Wing,Ground,AI Research Lab,AC,4.062,4.062,16,4,0
2026-09-04 16:26:48,Research Wing,Ground,AI Research Lab,Computers,2.024,2.024,16,4,0
2026-09-04 16:26:48,Research Wing,Ground,AI Research Lab,Lights,0.303,0.303,16,4,0
2026-09-04 16:26:48,Research Wing,Ground,AI Research Lab,Fans,0.214,0.214,16,4,0
2026-09-04 16:26:48,Research Wing,Ground,AI Research Lab,Server Units,4.829,4.829,16,4,0
2026-09-04 16:26:48,Research Wing,Ground,Server Room,AC,4.914,4.914,16,4,0
2026-09-04 16:26:48,Research Wing,Ground,Server Room,Computers,1.903,1.903,16,4,0
2026-09-04 16:26:48,Research Wing,Ground,Server Room,Lights,0.342,0.342,16,4,0
2026-09-04 16:26:48,Research Wing,Ground,Server Room,Fans,0.222,0.222,16,4,0
2026-09-04 16:26:48,Research Wing,Ground,Server Room,Server Units,4.696,4.696,16,4,0
2026-09-04 17:26:48,Main Block,Ground,Lab 101,AC,5.131,5.131,17,4,0
2026-09-04 17:26:48,Main Block,Ground,Lab 101,Computers,1.919,1.919,17,4,0
2026-09-04 17:26:48,Main Block,Ground,Lab 101,Lights,0.256,0.256,17,4,0
2026-09-04 17:26:48,Main Block,Ground,Lab 101,Fans,0.192,0.192,17,4,0
2026-09-04 17:26:48,Main Block,Ground,Lab 101,Server Units,4.627,4.627,17,4,0
2026-09-04 17:26:48,Main Block,First,Computer Lab 201,AC,4.935,4.935,17,4,0
2026-09-04 17:26:48,Main Block,First,Computer Lab 201,Computers,1.765,1.765,17,4,0
2026-09-04 17:26:48,Main Block,First,Computer Lab 201,Lights,0.257,0.257,17,4,0
2026-09-04 17:26:48,Main Block,First,Computer Lab 201,Fans,0.199,0.199,17,4,0
2026-09-04 17:26:48,Main Block,First,Computer Lab 201,Server Units,4.032,4.032,17,4,0
2026-09-04 17:26:48,Research Wing,Ground,AI Research Lab,AC,4.937,4.937,17,4,0
2026-09-04 17:26:48,Research Wing,Ground,AI Research Lab,Computers,1.881,1.881,17,4,0
2026-09-04 17:26:48,Research Wing,Ground,AI Research Lab,Lights,0.268,0.268,17,4,0
2026-09-04 17:26:48,Research Wing,Ground,AI Research Lab,Fans,0.184,0.184,17,4,0
2026-09-04 17:26:48,Research Wing,Ground,AI Research Lab,Server Units,3.868,3.868,17,4,0
2026-09-04 17:26:48,Research Wing,Ground,Server Room,AC,4.008,4.008,17,4,0
2026-09-04 17:26:48,Research Wing,Ground,Server Room,Computers,2.102,2.102,17,4,0
2026-09-04 17:26:48,Research Wing,Ground,Server Room,Lights,0.34,0.34,17,4,0
2026-09-04 17:26:48,Research Wing,Ground,Server Room,Fans,0.209,0.209,17,4,0
2026-09-04 17:26:48,Research Wing,Ground,Server Room,Server Units,4.288,4.288,17,4,0
2026-09-04 18:26:48,Main Block,Ground,Lab 101,AC,4.486,4.486,18,4,0
2026-09-04 18:26:48,Main Block,Ground,Lab 101,Computers,2.271,2.271,18,4,0
2026-09-04 18:26:48,Main Block,Ground,Lab 101,Lights,0.288,0.288,18,4,0
2026-09-04 18:26:48,Main Block,Ground,Lab 101,Fans,0.221,0.221,18,4,0
2026-09-04 18:26:48,Main Block,Ground,Lab 101,Server Units,3.871,3.871,18,4,0
2026-09-04 18:26:48,Main Block,First,Computer Lab 201,AC,4.56,4.56,18,4,0
2026-09-04 18:26:48,Main Block,First,Computer Lab 201,Computers,1.915,1.915,18,4,0
2026-09-04 18:26:48,Main Block,First,Computer Lab 201,Lights,0.272,0.272,18,4,0
2026-09-04 18:26:48,Main Block,First,Computer Lab 201,Fans,0.215,0.215,18,4,0
2026-09-04 18:26:48,Main Block,First,Computer Lab 201,Server Units,4.615,4.615,18,4,0
2026-09-04 18:26:48,Research Wing,Ground,AI Research Lab,AC,13.893,13.893,18,4,0
2026-09-04 18:26:48,Research Wing,Ground,AI Research Lab,Computers,2.172,2.172,18,4,0
2026-09-04 18:26:48,Research Wing,Ground,AI Research Lab,Lights,0.266,0.266,18,4,0
2026-09-04 18:26:48,Research Wing,Ground,AI Research Lab,Fans,0.17,0.17,18,4,0
2026-09-04 18:26:48,Research Wing,Ground,AI Research Lab,Server Units,4.013,4.013,18,4,0
2026-09-04 18:26:48,Research Wing,Ground,Server Room,AC,4.999,4.999,18,4,0
2026-09-04 18:26:48,Research Wing,Ground,Server Room,Computers,1.789,1.789,18,4,0
2026-09-04 18:26:48,Research Wing,Ground,Server Room,Lights,0.255,0.255,18,4,0
2026-09-04 18:26:48,Research Wing,Ground,Server Room,Fans,0.174,0.174,18,4,0
2026-09-04 18:26:48,Research Wing,Ground,Server Room,Server Units,4.071,4.071,18,4,0
2026-09-04 19:26:48,Main Block,Ground,Lab 101,AC,0.25,0.25,19,4,0
2026-09-04 19:26:48,Main Block,Ground,Lab 101,Computers,0.08,0.08,19,4,0
2026-09-04 19:26:48,Main Block,Ground,Lab 101,Lights,0.06,0.06,19,4,0
2026-09-04 19:26:48,Main Block,Ground,Lab 101,Fans,0.015,0.015,19,4,0
2026-09-04 19:26:48,Main Block,Ground,Lab 101,Server Units,4.054,4.054,19,4,0
2026-09-04 19:26:48,Main Block,First,Computer Lab 201,AC,0.25,0.25,19,4,0
2026-09-04 19:26:48,Main Block,First,Computer Lab 201,Computers,0.08,0.08,19,4,0
2026-09-04 19:26:48,Main Block,First,Computer Lab 201,Lights,0.02,0.02,19,4,0
2026-09-04 19:26:48,Main Block,First,Computer Lab 201,Fans,0.015,0.015,19,4,0
2026-09-04 19:26:48,Main Block,First,Computer Lab 201,Server Units,4.724,4.724,19,4,0
2026-09-04 19:26:48,Research Wing,Ground,AI Research Lab,AC,0.25,0.25,19,4,0
2026-09-04 19:26:48,Research Wing,Ground,AI Research Lab,Computers,0.08,0.08,19,4,0
2026-09-04 19:26:48,Research Wing,Ground,AI Research Lab,Lights,0.02,0.02,19,4,0
2026-09-04 19:26:48,Research Wing,Ground,AI Research Lab,Fans,0.015,0.015,19,4,0
2026-09-04 19:26:48,Research Wing,Ground,AI Research Lab,Server Units,4.988,4.988,19,4,0
2026-09-04 19:26:48,Research Wing,Ground,Server Room,AC,0.25,0.25,19,4,0
2026-09-04 19:26:48,Research Wing,Ground,Server Room,Computers,0.08,0.08,19,4,0
2026-09-04 19:26:48,Research Wing,Ground,Server Room,Lights,0.02,0.02,19,4,0
2026-09-04 19:26:48,Research Wing,Ground,Server Room,Fans,0.015,0.015,19,4,0
2026-09-04 19:26:48,Research Wing,Ground,Server Room,Server Units,5.013,5.013,19,4,0
2026-09-04 20:26:48,Main Block,Ground,Lab 101,AC,0.25,0.25,20,4,0
2026-09-04 20:26:48,Main Block,Ground,Lab 101,Computers,0.08,0.08,20,4,0
2026-09-04 20:26:48,Main Block,Ground,Lab 101,Lights,0.02,0.02,20,4,0
2026-09-04 20:26:48,Main Block,Ground,Lab 101,Fans,0.015,0.015,20,4,0
2026-09-04 20:26:48,Main Block,Ground,Lab 101,Server Units,4.941,4.941,20,4,0
2026-09-04 20:26:48,Main Block,First,Computer Lab 201,AC,0.25,0.25,20,4,0
2026-09-04 20:26:48,Main Block,First,Computer Lab 201,Computers,0.08,0.08,20,4,0
2026-09-04 20:26:48,Main Block,First,Computer Lab 201,Lights,0.02,0.02,20,4,0
2026-09-04 20:26:48,Main Block,First,Computer Lab 201,Fans,0.015,0.015,20,4,0
2026-09-04 20:26:48,Main Block,First,Computer Lab 201,Server Units,4.576,4.576,20,4,0
2026-09-04 20:26:48,Research Wing,Ground,AI Research Lab,AC,0.25,0.25,20,4,0
2026-09-04 20:26:48,Research Wing,Ground,AI Research Lab,Computers,0.08,0.08,20,4,0
2026-09-04 20:26:48,Research Wing,Ground,AI Research Lab,Lights,0.02,0.02,20,4,0
2026-09-04 20:26:48,Research Wing,Ground,AI Research Lab,Fans,0.015,0.015,20,4,0
2026-09-04 20:26:48,Research Wing,Ground,AI Research Lab,Server Units,4.539,4.539,20,4,0
2026-09-04 20:26:48,Research Wing,Ground,Server Room,AC,0.25,0.25,20,4,0
2026-09-04 20:26:48,Research Wing,Ground,Server Room,Computers,0.08,0.08,20,4,0
2026-09-04 20:26:48,Research Wing,Ground,Server Room,Lights,0.02,0.02,20,4,0
2026-09-04 20:26:48,Research Wing,Ground,Server Room,Fans,0.015,0.015,20,4,0
2026-09-04 20:26:48,Research Wing,Ground,Server Room,Server Units,4.692,4.692,20,4,0
2026-09-04 21:26:48,Main Block,Ground,Lab 101,AC,0.25,0.25,21,4,0
2026-09-04 21:26:48,Main Block,Ground,Lab 101,Computers,0.08,0.08,21,4,0
2026-09-04 21:26:48,Main Block,Ground,Lab 101,Lights,0.02,0.02,21,4,0
2026-09-04 21:26:48,Main Block,Ground,Lab 101,Fans,0.015,0.015,21,4,0
2026-09-04 21:26:48,Main Block,Ground,Lab 101,Server Units,4.289,4.289,21,4,0
2026-09-04 21:26:48,Main Block,First,Computer Lab 201,AC,0.25,0.25,21,4,0
2026-09-04 21:26:48,Main Block,First,Computer Lab 201,Computers,0.08,0.08,21,4,0
2026-09-04 21:26:48,Main Block,First,Computer Lab 201,Lights,0.02,0.02,21,4,0
2026-09-04 21:26:48,Main Block,First,Computer Lab 201,Fans,0.015,0.015,21,4,0
2026-09-04 21:26:48,Main Block,First,Computer Lab 201,Server Units,4.958,4.958,21,4,0
2026-09-04 21:26:48,Research Wing,Ground,AI Research Lab,AC,0.25,0.25,21,4,0
2026-09-04 21:26:48,Research Wing,Ground,AI Research Lab,Computers,0.08,0.08,21,4,0
2026-09-04 21:26:48,Research Wing,Ground,AI Research Lab,Lights,0.02,0.02,21,4,0
2026-09-04 21:26:48,Research Wing,Ground,AI Research Lab,Fans,0.015,0.015,21,4,0
2026-09-04 21:26:48,Research Wing,Ground,AI Research Lab,Server Units,4.812,4.812,21,4,0
2026-09-04 21:26:48,Research Wing,Ground,Server Room,AC,0.25,0.25,21,4,0
2026-09-04 21:26:48,Research Wing,Ground,Server Room,Computers,0.08,0.08,21,4,0
2026-09-04 21:26:48,Research Wing,Ground,Server Room,Lights,0.02,0.02,21,4,0
2026-09-04 21:26:48,Research Wing,Ground,Server Room,Fans,0.015,0.015,21,4,0
2026-09-04 21:26:48,Research Wing,Ground,Server Room,Server Units,4.207,4.207,21,4,0
2026-09-04 22:26:48,Main Block,Ground,Lab 101,AC,0.25,0.25,22,4,0
2026-09-04 22:26:48,Main Block,Ground,Lab 101,Computers,0.08,0.08,22,4,0
2026-09-04 22:26:48,Main Block,Ground,Lab 101,Lights,0.02,0.02,22,4,0
2026-09-04 22:26:48,Main Block,Ground,Lab 101,Fans,0.015,0.015,22,4,0
2026-09-04 22:26:48,Main Block,Ground,Lab 101,Server Units,4.533,4.533,22,4,0
2026-09-04 22:26:48,Main Block,First,Computer Lab 201,AC,0.25,0.25,22,4,0
2026-09-04 22:26:48,Main Block,First,Computer Lab 201,Computers,0.08,0.08,22,4,0
2026-09-04 22:26:48,Main Block,First,Computer Lab 201,Lights,0.02,0.02,22,4,0
2026-09-04 22:26:48,Main Block,First,Computer Lab 201,Fans,0.015,0.015,22,4,0
2026-09-04 22:26:48,Main Block,First,Computer Lab 201,Server Units,3.883,3.883,22,4,0
2026-09-04 22:26:48,Research Wing,Ground,AI Research Lab,AC,0.25,0.25,22,4,0
2026-09-04 22:26:48,Research Wing,Ground,AI Research Lab,Computers,0.08,0.08,22,4,0
2026-09-04 22:26:48,Research Wing,Ground,AI Research Lab,Lights,0.02,0.02,22,4,0
2026-09-04 22:26:48,Research Wing,Ground,AI Research Lab,Fans,0.015,0.015,22,4,0
2026-09-04 22:26:48,Research Wing,Ground,AI Research Lab,Server Units,4.856,4.856,22,4,0
2026-09-04 22:26:48,Research Wing,Ground,Server Room,AC,0.25,0.25,22,4,0
2026-09-04 22:26:48,Research Wing,Ground,Server Room,Computers,0.08,0.08,22,4,0
2026-09-04 22:26:48,Research Wing,Ground,Server Room,Lights,0.02,0.02,22,4,0
2026-09-04 22:26:48,Research Wing,Ground,Server Room,Fans,0.015,0.015,22,4,0
2026-09-04 22:26:48,Research Wing,Ground,Server Room,Server Units,4.966,4.966,22,4,0
2026-09-04 23:26:48,Main Block,Ground,Lab 101,AC,0.25,0.25,23,4,0
2026-09-04 23:26:48,Main Block,Ground,Lab 101,Computers,0.08,0.08,23,4,0
2026-09-04 23:26:48,Main Block,Ground,Lab 101,Lights,0.02,0.02,23,4,0
2026-09-04 23:26:48,Main Block,Ground,Lab 101,Fans,0.015,0.015,23,4,0
2026-09-04 23:26:48,Main Block,Ground,Lab 101,Server Units,12.566,12.566,23,4,0
2026-09-04 23:26:48,Main Block,First,Computer Lab 201,AC,0.25,0.25,23,4,0
2026-09-04 23:26:48,Main Block,First,Computer Lab 201,Computers,0.08,0.08,23,4,0
2026-09-04 23:26:48,Main Block,First,Computer Lab 201,Lights,0.02,0.02,23,4,0
2026-09-04 23:26:48,Main Block,First,Computer Lab 201,Fans,0.015,0.015,23,4,0
2026-09-04 23:26:48,Main Block,First,Computer Lab 201,Server Units,4.576,4.576,23,4,0
2026-09-04 23:26:48,Research Wing,Ground,AI Research Lab,AC,0.25,0.25,23,4,0
2026-09-04 23:26:48,Research Wing,Ground,AI Research Lab,Computers,0.08,0.08,23,4,0
2026-09-04 23:26:48,Research Wing,Ground,AI Research Lab,Lights,0.02,0.02,23,4,0
2026-09-04 23:26:48,Research Wing,Ground,AI Research Lab,Fans,0.015,0.015,23,4,0
2026-09-04 23:26:48,Research Wing,Ground,AI Research Lab,Server Units,4.228,4.228,23,4,0
2026-09-04 23:26:48,Research Wing,Ground,Server Room,AC,0.25,0.25,23,4,0
2026-09-04 23:26:48,Research Wing,Ground,Server Room,Computers,0.08,0.08,23,4,0
2026-09-04 23:26:48,Research Wing,Ground,Server Room,Lights,0.02,0.02,23,4,0
2026-09-04 23:26:48,Research Wing,Ground,Server Room,Fans,0.015,0.015,23,4,0
2026-09-04 23:26:48,Research Wing,Ground,Server Room,Server Units,3.948,3.948,23,4,0
2026-09-05 00:26:48,Main Block,Ground,Lab 101,AC,0.25,0.25,0,5,1
2026-09-05 00:26:48,Main Block,Ground,Lab 101,Computers,0.08,0.08,0,5,1
2026-09-05 00:26:48,Main Block,Ground,Lab 101,Lights,0.02,0.02,0,5,1
2026-09-05 00:26:48,Main Block,Ground,Lab 101,Fans,0.015,0.015,0,5,1
2026-09-05 00:26:48,Main Block,Ground,Lab 101,Server Units,4.323,4.323,0,5,1
2026-09-05 00:26:48,Main Block,First,Computer Lab 201,AC,0.25,0.25,0,5,1
2026-09-05 00:26:48,Main Block,First,Computer Lab 201,Computers,0.08,0.08,0,5,1
2026-09-05 00:26:48,Main Block,First,Computer Lab 201,Lights,0.02,0.02,0,5,1
2026-09-05 00:26:48,Main Block,First,Computer Lab 201,Fans,0.015,0.015,0,5,1
2026-09-05 00:26:48,Main Block,First,Computer Lab 201,Server Units,4.636,4.636,0,5,1
2026-09-05 00:26:48,Research Wing,Ground,AI Research Lab,AC,0.25,0.25,0,5,1
2026-09-05 00:26:48,Research Wing,Ground,AI Research Lab,Computers,0.08,0.08,0,5,1
2026-09-05 00:26:48,Research Wing,Ground,AI Research Lab,Lights,0.02,0.02,0,5,1
2026-09-05 00:26:48,Research Wing,Ground,AI Research Lab,Fans,0.015,0.015,0,5,1
2026-09-05 00:26:48,Research Wing,Ground,AI Research Lab,Server Units,3.75,3.75,0,5,1
2026-09-05 00:26:48,Research Wing,Ground,Server Room,AC,0.25,0.25,0,5,1
2026-09-05 00:26:48,Research Wing,Ground,Server Room,Computers,0.08,0.08,0,5,1
2026-09-05 00:26:48,Research Wing,Ground,Server Room,Lights,0.02,0.02,0,5,1
2026-09-05 00:26:48,Research Wing,Ground,Server Room,Fans,0.015,0.015,0,5,1
2026-09-05 00:26:48,Research Wing,Ground,Server Room,Server Units,3.75,3.75,0,5,1
2026-09-05 01:26:48,Main Block,Ground,Lab 101,AC,0.25,0.25,1,5,1
2026-09-05 01:26:48,Main Block,Ground,Lab 101,Computers,0.08,0.08,1,5,1
2026-09-05 01:26:48,Main Block,Ground,Lab 101,Lights,0.02,0.02,1,5,1
2026-09-05 01:26:48,Main Block,Ground,Lab 101,Fans,0.015,0.015,1,5,1
2026-09-05 01:26:48,Main Block,Ground,Lab 101,Server Units,4.84,4.84,1,5,1
2026-09-05 01:26:48,Main Block,First,Computer Lab 201,AC,0.25,0.25,1,5,1
2026-09-05 01:26:48,Main Block,First,Computer Lab 201,Computers,0.08,0.08,1,5,1
2026-09-05 01:26:48,Main Block,First,Computer Lab 201,Lights,0.02,0.02,1,5,1
2026-09-05 01:26:48,Main Block,First,Computer Lab 201,Fans,0.045,0.045,1,5,1
2026-09-05 01:26:48,Main Block,First,Computer Lab 201,Server Units,4.956,4.956,1,5,1
2026-09-05 01:26:48,Research Wing,Ground,AI Research Lab,AC,0.25,0.25,1,5,1
2026-09-05 01:26:48,Research Wing,Ground,AI Research Lab,Computers,0.08,0.08,1,5,1
2026-09-05 01:26:48,Research Wing,Ground,AI Research Lab,Lights,0.02,0.02,1,5,1
2026-09-05 01:26:48,Research Wing,Ground,AI Research Lab,Fans,0.015,0.015,1,5,1
2026-09-05 01:26:48,Research Wing,Ground,AI Research Lab,Server Units,11.676,11.676,1,5,1
2026-09-05 01:26:48,Research Wing,Ground,Server Room,AC,0.25,0.25,1,5,1
2026-09-05 01:26:48,Research Wing,Ground,Server Room,Computers,0.08,0.08,1,5,1
2026-09-05 01:26:48,Research Wing,Ground,Server Room,Lights,0.02,0.02,1,5,1
2026-09-05 01:26:48,Research Wing,Ground,Server Room,Fans,0.015,0.015,1,5,1
2026-09-05 01:26:48,Research Wing,Ground,Server Room,Server Units,4.954,4.954,1,5,1
2026-09-05 02:26:48,Main Block,Ground,Lab 101,AC,0.25,0.25,2,5,1
2026-09-05 02:26:48,Main Block,Ground,Lab 101,Computers,0.08,0.08,2,5,1
2026-09-05 02:26:48,Main Block,Ground,Lab 101,Lights,0.02,0.02,2,5,1
2026-09-05 02:26:48,Main Block,Ground,Lab 101,Fans,0.015,0.015,2,5,1
2026-09-05 02:26:48,Main Block,Ground,Lab 101,Server Units,4.262,4.262,2,5,1
2026-09-05 02:26:48,Main Block,First,Computer Lab 201,AC,0.25,0.25,2,5,1
2026-09-05 02:26:48,Main Block,First,Computer Lab 201,Computers,0.08,0.08,2,5,1
2026-09-05 02:26:48,Main Block,First,Computer Lab 201,Lights,0.02,0.02,2,5,1
2026-09-05 02:26:48,Main Block,First,Computer Lab 201,Fans,0.015,0.015,2,5,1
2026-09-05 02:26:48,Main Block,First,Computer Lab 201,Server Units,3.891,3.891,2,5,1
2026-09-05 02:26:48,Research Wing,Ground,AI Research Lab,AC,0.25,0.25,2,5,1
2026-09-05 02:26:48,Research Wing,Ground,AI Research Lab,Computers,0.08,0.08,2,5,1
2026-09-05 02:26:48,Research Wing,Ground,AI Research Lab,Lights,0.02,0.02,2,5,1
2026-09-05 02:26:48,Research Wing,Ground,AI Research Lab,Fans,0.015,0.015,2,5,1
2026-09-05 02:26:48,Research Wing,Ground,AI Research Lab,Server Units,4.816,4.816,2,5,1
2026-09-05 02:26:48,Research Wing,Ground,Server Room,AC,0.25,0.25,2,5,1
2026-09-05 02:26:48,Research Wing,Ground,Server Room,Computers,0.08,0.08,2,5,1
2026-09-05 02:26:48,Research Wing,Ground,Server Room,Lights,0.02,0.02,2,5,1
2026-09-05 02:26:48,Research Wing,Ground,Server Room,Fans,0.015,0.015,2,5,1
2026-09-05 02:26:48,Research Wing,Ground,Server Room,Server Units,4.605,4.605,2,5,1
2026-09-05 03:26:48,Main Block,Ground,Lab 101,AC,0.25,0.25,3,5,1
2026-09-05 03:26:48,Main Block,Ground,Lab 101,Computers,0.08,0.08,3,5,1
2026-09-05 03:26:48,Main Block,Ground,Lab 101,Lights,0.02,0.02,3,5,1
2026-09-05 03:26:48,Main Block,Ground,Lab 101,Fans,0.015,0.015,3,5,1
2026-09-05 03:26:48,Main Block,Ground,Lab 101,Server Units,4.333,4.333,3,5,1
2026-09-05 03:26:48,Main Block,First,Computer Lab 201,AC,0.25,0.25,3,5,1
2026-09-05 03:26:48,Main Block,First,Computer Lab 201,Computers,0.08,0.08,3,5,1
2026-09-05 03:26:48,Main Block,First,Computer Lab 201,Lights,0.02,0.02,3,5,1
2026-09-05 03:26:48,Main Block,First,Computer Lab 201,Fans,0.015,0.015,3,5,1
2026-09-05 03:26:48,Main Block,First,Computer Lab 201,Server Units,4.568,4.568,3,5,1
2026-09-05 03:26:48,Research Wing,Ground,AI Research Lab,AC,0.25,0.25,3,5,1
2026-09-05 03:26:48,Research Wing,Ground,AI Research Lab,Computers,0.08,0.08,3,5,1
2026-09-05 03:26:48,Research Wing,Ground,AI Research Lab,Lights,0.02,0.02,3,5,1
2026-09-05 03:26:48,Research Wing,Ground,AI Research Lab,Fans,0.015,0.015,3,5,1
2026-09-05 03:26:48,Research Wing,Ground,AI Research Lab,Server Units,3.814,3.814,3,5,1
2026-09-05 03:26:48,Research Wing,Ground,Server Room,AC,0.25,0.25,3,5,1
2026-09-05 03:26:48,Research Wing,Ground,Server Room,Computers,0.08,0.08,3,5,1
2026-09-05 03:26:48,Research Wing,Ground,Server Room,Lights,0.02,0.02,3,5,1
2026-09-05 03:26:48,Research Wing,Ground,Server Room,Fans,0.015,0.015,3,5,1
2026-09-05 03:26:48,Research Wing,Ground,Server Room,Server Units,3.841,3.841,3,5,1
2026-09-05 04:26:48,Main Block,Ground,Lab 101,AC,0.25,0.25,4,5,1
2026-09-05 04:26:48,Main Block,Ground,Lab 101,Computers,0.08,0.08,4,5,1
2026-09-05 04:26:48,Main Block,Ground,Lab 101,Lights,0.02,0.02,4,5,1
2026-09-05 04:26:48,Main Block,Ground,Lab 101,Fans,0.015,0.015,4,5,1
2026-09-05 04:26:48,Main Block,Ground,Lab 101,Server Units,4.472,4.472,4,5,1
2026-09-05 04:26:48,Main Block,First,Computer Lab 201,AC,0.25,0.25,4,5,1
2026-09-05 04:26:48,Main Block,First,Computer Lab 201,Computers,0.08,0.08,4,5,1
2026-09-05 04:26:48,Main Block,First,Computer Lab 201,Lights,0.02,0.02,4,5,1
2026-09-05 04:26:48,Main Block,First,Computer Lab 201,Fans,0.015,0.015,4,5,1
2026-09-05 04:26:48,Main Block,First,Computer Lab 201,Server Units,4.164,4.164,4,5,1
2026-09-05 04:26:48,Research Wing,Ground,AI Research Lab,AC,0.25,0.25,4,5,1
2026-09-05 04:26:48,Research Wing,Ground,AI Research Lab,Computers,0.08,0.08,4,5,1
2026-09-05 04:26:48,Research Wing,Ground,AI Research Lab,Lights,0.02,0.02,4,5,1
2026-09-05 04:26:48,Research Wing,Ground,AI Research Lab,Fans,0.015,0.015,4,5,1
2026-09-05 04:26:48,Research Wing,Ground,AI Research Lab,Server Units,4.193,4.193,4,5,1
2026-09-05 04:26:48,Research Wing,Ground,Server Room,AC,0.25,0.25,4,5,1
2026-09-05 04:26:48,Research Wing,Ground,Server Room,Computers,0.08,0.08,4,5,1
2026-09-05 04:26:48,Research Wing,Ground,Server Room,Lights,0.02,0.02,4,5,1
2026-09-05 04:26:48,Research Wing,Ground,Server Room,Fans,0.015,0.015,4,5,1
2026-09-05 04:26:48,Research Wing,Ground,Server Room,Server Units,4.32,4.32,4,5,1
2026-09-05 05:26:48,Main Block,Ground,Lab 101,AC,0.25,0.25,5,5,1
2026-09-05 05:26:48,Main Block,Ground,Lab 101,Computers,0.08,0.08,5,5,1
2026-09-05 05:26:48,Main Block,Ground,Lab 101,Lights,0.02,0.02,5,5,1
2026-09-05 05:26:48,Main Block,Ground,Lab 101,Fans,0.015,0.015,5,5,1
2026-09-05 05:26:48,Main Block,Ground,Lab 101,Server Units,4.187,4.187,5,5,1
2026-09-05 05:26:48,Main Block,First,Computer Lab 201,AC,0.25,0.25,5,5,1
2026-09-05 05:26:48,Main Block,First,Computer Lab 201,Computers,0.08,0.08,5,5,1
2026-09-05 05:26:48,Main Block,First,Computer Lab 201,Lights,0.02,0.02,5,5,1
2026-09-05 05:26:48,Main Block,First,Computer Lab 201,Fans,0.015,0.015,5,5,1
2026-09-05 05:26:48,Main Block,First,Computer Lab 201,Server Units,4.635,4.635,5,5,1
2026-09-05 05:26:48,Research Wing,Ground,AI Research Lab,AC,0.25,0.25,5,5,1
2026-09-05 05:26:48,Research Wing,Ground,AI Research Lab,Computers,0.08,0.08,5,5,1
2026-09-05 05:26:48,Research Wing,Ground,AI Research Lab,Lights,0.02,0.02,5,5,1
2026-09-05 05:26:48,Research Wing,Ground,AI Research Lab,Fans,0.015,0.015,5,5,1
2026-09-05 05:26:48,Research Wing,Ground,AI Research Lab,Server Units,4.18,4.18,5,5,1
2026-09-05 05:26:48,Research Wing,Ground,Server Room,AC,0.25,0.25,5,5,1
2026-09-05 05:26:48,Research Wing,Ground,Server Room,Computers,0.08,0.08,5,5,1
2026-09-05 05:26:48,Research Wing,Ground,Server Room,Lights,0.02,0.02,5,5,1
2026-09-05 05:26:48,Research Wing,Ground,Server Room,Fans,0.015,0.015,5,5,1
2026-09-05 05:26:48,Research Wing,Ground,Server Room,Server Units,4.257,4.257,5,5,1
2026-09-05 06:26:48,Main Block,Ground,Lab 101,AC,0.25,0.25,6,5,1
2026-09-05 06:26:48,Main Block,Ground,Lab 101,Computers,0.08,0.08,6,5,1
2026-09-05 06:26:48,Main Block,Ground,Lab 101,Lights,0.02,0.02,6,5,1
2026-09-05 06:26:48,Main Block,Ground,Lab 101,Fans,0.015,0.015,6,5,1
2026-09-05 06:26:48,Main Block,Ground,Lab 101,Server Units,4.813,4.813,6,5,1
2026-09-05 06:26:48,Main Block,First,Computer Lab 201,AC,0.25,0.25,6,5,1
2026-09-05 06:26:48,Main Block,First,Computer Lab 201,Computers,0.08,0.08,6,5,1
2026-09-05 06:26:48,Main Block,First,Computer Lab 201,Lights,0.02,0.02,6,5,1
2026-09-05 06:26:48,Main Block,First,Computer Lab 201,Fans,0.015,0.015,6,5,1
2026-09-05 06:26:48,Main Block,First,Computer Lab 201,Server Units,4.593,4.593,6,5,1
2026-09-05 06:26:48,Research Wing,Ground,AI Research Lab,AC,0.25,0.25,6,5,1
2026-09-05 06:26:48,Research Wing,Ground,AI Research Lab,Computers,0.08,0.08,6,5,1
2026-09-05 06:26:48,Research Wing,Ground,AI Research Lab,Lights,0.02,0.02,6,5,1
2026-09-05 06:26:48,Research Wing,Ground,AI Research Lab,Fans,0.015,0.015,6,5,1
2026-09-05 06:26:48,Research Wing,Ground,AI Research Lab,Server Units,4.991,4.991,6,5,1
2026-09-05 06:26:48,Research Wing,Ground,Server Room,AC,0.25,0.25,6,5,1
2026-09-05 06:26:48,Research Wing,Ground,Server Room,Computers,0.08,0.08,6,5,1
2026-09-05 06:26:48,Research Wing,Ground,Server Room,Lights,0.02,0.02,6,5,1
2026-09-05 06:26:48,Research Wing,Ground,Server Room,Fans,0.015,0.015,6,5,1
2026-09-05 06:26:48,Research Wing,Ground,Server Room,Server Units,3.874,3.874,6,5,1
2026-09-05 07:26:48,Main Block,Ground,Lab 101,AC,0.25,0.25,7,5,1
2026-09-05 07:26:48,Main Block,Ground,Lab 101,Computers,0.08,0.08,7,5,1
2026-09-05 07:26:48,Main Block,Ground,Lab 101,Lights,0.02,0.02,7,5,1
2026-09-05 07:26:48,Main Block,Ground,Lab 101,Fans,0.015,0.015,7,5,1
2026-09-05 07:26:48,Main Block,Ground,Lab 101,Server Units,4.752,4.752,7,5,1
2026-09-05 07:26:48,Main Block,First,Computer Lab 201,AC,0.25,0.25,7,5,1
2026-09-05 07:26:48,Main Block,First,Computer Lab 201,Computers,0.08,0.08,7,5,1
2026-09-05 07:26:48,Main Block,First,Computer Lab 201,Lights,0.02,0.02,7,5,1
2026-09-05 07:26:48,Main Block,First,Computer Lab 201,Fans,0.015,0.015,7,5,1
2026-09-05 07:26:48,Main Block,First,Computer Lab 201,Server Units,4.808,4.808,7,5,1
2026-09-05 07:26:48,Research Wing,Ground,AI Research Lab,AC,0.25,0.25,7,5,1
2026-09-05 07:26:48,Research Wing,Ground,AI Research Lab,Computers,0.08,0.08,7,5,1
2026-09-05 07:26:48,Research Wing,Ground,AI Research Lab,Lights,0.02,0.02,7,5,1
2026-09-05 07:26:48,Research Wing,Ground,AI Research Lab,Fans,0.015,0.015,7,5,1
2026-09-05 07:26:48,Research Wing,Ground,AI Research Lab,Server Units,4.326,4.326,7,5,1
2026-09-05 07:26:48,Research Wing,Ground,Server Room,AC,0.25,0.25,7,5,1
2026-09-05 07:26:48,Research Wing,Ground,Server Room,Computers,0.08,0.08,7,5,1
2026-09-05 07:26:48,Research Wing,Ground,Server Room,Lights,0.02,0.02,7,5,1
2026-09-05 07:26:48,Research Wing,Ground,Server Room,Fans,0.015,0.015,7,5,1
2026-09-05 07:26:48,Research Wing,Ground,Server Room,Server Units,4.807,4.807,7,5,1
2026-09-05 08:26:48,Main Block,Ground,Lab 101,AC,4.952,4.952,8,5,1
2026-09-05 08:26:48,Main Block,Ground,Lab 101,Computers,2.268,2.268,8,5,1
2026-09-05 08:26:48,Main Block,Ground,Lab 101,Lights,0.297,0.297,8,5,1
2026-09-05 08:26:48,Main Block,Ground,Lab 101,Fans,0.188,0.188,8,5,1
2026-09-05 08:26:48,Main Block,Ground,Lab 101,Server Units,5.015,5.015,8,5,1
2026-09-05 08:26:48,Main Block,First,Computer Lab 201,AC,4.907,4.907,8,5,1
2026-09-05 08:26:48,Main Block,First,Computer Lab 201,Computers,1.85,1.85,8,5,1
2026-09-05 08:26:48,Main Block,First,Computer Lab 201,Lights,0.334,0.334,8,5,1
2026-09-05 08:26:48,Main Block,First,Computer Lab 201,Fans,0.172,0.172,8,5,1
2026-09-05 08:26:48,Main Block,First,Computer Lab 201,Server Units,4.864,4.864,8,5,1
2026-09-05 08:26:48,Research Wing,Ground,AI Research Lab,AC,4.855,4.855,8,5,1
2026-09-05 08:26:48,Research Wing,Ground,AI Research Lab,Computers,2.243,2.243,8,5,1
2026-09-05 08:26:48,Research Wing,Ground,AI Research Lab,Lights,0.294,0.294,8,5,1
2026-09-05 08:26:48,Research Wing,Ground,AI Research Lab,Fans,0.179,0.179,8,5,1
2026-09-05 08:26:48,Research Wing,Ground,AI Research Lab,Server Units,4.201,4.201,8,5,1
2026-09-05 08:26:48,Research Wing,Ground,Server Room,AC,3.897,3.897,8,5,1
2026-09-05 08:26:48,Research Wing,Ground,Server Room,Computers,1.841,1.841,8,5,1
2026-09-05 08:26:48,Research Wing,Ground,Server Room,Lights,0.289,0.289,8,5,1
2026-09-05 08:26:48,Research Wing,Ground,Server Room,Fans,0.22,0.22,8,5,1
2026-09-05 08:26:48,Research Wing,Ground,Server Room,Server Units,4.598,4.598,8,5,1
2026-09-05 09:26:48,Main Block,Ground,Lab 101,AC,4.011,4.011,9,5,1
2026-09-05 09:26:48,Main Block,Ground,Lab 101,Computers,2.198,2.198,9,5,1
2026-09-05 09:26:48,Main Block,Ground,Lab 101,Lights,0.267,0.267,9,5,1
2026-09-05 09:26:48,Main Block,Ground,Lab 101,Fans,0.576,0.576,9,5,1
2026-09-05 09:26:48,Main Block,Ground,Lab 101,Server Units,3.845,3.845,9,5,1
2026-09-05 09:26:48,Main Block,First,Computer Lab 201,AC,4.952,4.952,9,5,1
2026-09-05 09:26:48,Main Block,First,Computer Lab 201,Computers,2.136,2.136,9,5,1
2026-09-05 09:26:48,Main Block,First,Computer Lab 201,Lights,0.265,0.265,9,5,1
2026-09-05 09:26:48,Main Block,First,Computer Lab 201,Fans,0.183,0.183,9,5,1
2026-09-05 09:26:48,Main Block,First,Computer Lab 201,Server Units,4.294,4.294,9,5,1
2026-09-05 09:26:48,Research Wing,Ground,AI Research Lab,AC,4.442,4.442,9,5,1
2026-09-05 09:26:48,Research Wing,Ground,AI Research Lab,Computers,2.243,2.243,9,5,1
2026-09-05 09:26:48,Research Wing,Ground,AI Research Lab,Lights,0.256,0.256,9,5,1
2026-09-05 09:26:48,Research Wing,Ground,AI Research Lab,Fans,0.18,0.18,9,5,1
2026-09-05 09:26:48,Research Wing,Ground,AI Research Lab,Server Units,4.307,4.307,9,5,1
2026-09-05 09:26:48,Research Wing,Ground,Server Room,AC,4.15,4.15,9,5,1
2026-09-05 09:26:48,Research Wing,Ground,Server Room,Computers,2.099,2.099,9,5,1
2026-09-05 09:26:48,Research Wing,Ground,Server Room,Lights,0.343,0.343,9,5,1
2026-09-05 09:26:48,Research Wing,Ground,Server Room,Fans,0.197,0.197,9,5,1
2026-09-05 09:26:48,Research Wing,Ground,Server Room,Server Units,5.045,5.045,9,5,1
2026-09-05 10:26:48,Main Block,Ground,Lab 101,AC,4.352,4.352,10,5,1
2026-09-05 10:26:48,Main Block,Ground,Lab 101,Computers,2.081,2.081,10,5,1
2026-09-05 10:26:48,Main Block,Ground,Lab 101,Lights,0.833,0.833,10,5,1
2026-09-05 10:26:48,Main Block,Ground,Lab 101,Fans,0.212,0.212,10,5,1
2026-09-05 10:26:48,Main Block,Ground,Lab 101,Server Units,4.707,4.707,10,5,1
2026-09-05 10:26:48,Main Block,First,Computer Lab 201,AC,4.867,4.867,10,5,1
2026-09-05 10:26:48,Main Block,First,Computer Lab 201,Computers,1.9,1.9,10,5,1
2026-09-05 10:26:48,Main Block,First,Computer Lab 201,Lights,0.304,0.304,10,5,1
2026-09-05 10:26:48,Main Block,First,Computer Lab 201,Fans,0.176,0.176,10,5,1
2026-09-05 10:26:48,Main Block,First,Computer Lab 201,Server Units,4.353,4.353,10,5,1
2026-09-05 10:26:48,Research Wing,Ground,AI Research Lab,AC,4.678,4.678,10,5,1
2026-09-05 10:26:48,Research Wing,Ground,AI Research Lab,Computers,1.738,1.738,10,5,1
2026-09-05 10:26:48,Research Wing,Ground,AI Research Lab,Lights,0.296,0.296,10,5,1
2026-09-05 10:26:48,Research Wing,Ground,AI Research Lab,Fans,0.168,0.168,10,5,1
2026-09-05 10:26:48,Research Wing,Ground,AI Research Lab,Server Units,3.795,3.795,10,5,1
2026-09-05 10:26:48,Research Wing,Ground,Server Room,AC,4.521,4.521,10,5,1
2026-09-05 10:26:48,Research Wing,Ground,Server Room,Computers,2.026,2.026,10,5,1
2026-09-05 10:26:48,Research Wing,Ground,Server Room,Lights,0.323,0.323,10,5,1
2026-09-05 10:26:48,Research Wing,Ground,Server Room,Fans,0.187,0.187,10,5,1
2026-09-05 10:26:48,Research Wing,Ground,Server Room,Server Units,4.883,4.883,10,5,1
2026-09-05 11:26:48,Main Block,Ground,Lab 101,AC,3.993,3.993,11,5,1
2026-09-05 11:26:48,Main Block,Ground,Lab 101,Computers,2.234,2.234,11,5,1
2026-09-05 11:26:48,Main Block,Ground,Lab 101,Lights,0.336,0.336,11,5,1
2026-09-05 11:26:48,Main Block,Ground,Lab 101,Fans,0.223,0.223,11,5,1
2026-09-05 11:26:48,Main Block,Ground,Lab 101,Server Units,4.397,4.397,11,5,1
2026-09-05 11:26:48,Main Block,First,Computer Lab 201,AC,4.526,4.526,11,5,1
2026-09-05 11:26:48,Main Block,First,Computer Lab 201,Computers,2.136,2.136,11,5,1
2026-09-05 11:26:48,Main Block,First,Computer Lab 201,Lights,0.309,0.309,11,5,1
2026-09-05 11:26:48,Main Block,First,Computer Lab 201,Fans,0.198,0.198,11,5,1
2026-09-05 11:26:48,Main Block,First,Computer Lab 201,Server Units,3.846,3.846,11,5,1
2026-09-05 11:26:48,Research Wing,Ground,AI Research Lab,AC,4.239,4.239,11,5,1
2026-09-05 11:26:48,Research Wing,Ground,AI Research Lab,Computers,1.956,1.956,11,5,1
2026-09-05 11:26:48,Research Wing,Ground,AI Research Lab,Lights,0.287,0.287,11,5,1
2026-09-05 11:26:48,Research Wing,Ground,AI Research Lab,Fans,0.217,0.217,11,5,1
2026-09-05 11:26:48,Research Wing,Ground,AI Research Lab,Server Units,5.058,5.058,11,5,1
2026-09-05 11:26:48,Research Wing,Ground,Server Room,AC,5.148,5.148,11,5,1
2026-09-05 11:26:48,Research Wing,Ground,Server Room,Computers,1.745,1.745,11,5,1
2026-09-05 11:26:48,Research Wing,Ground,Server Room,Lights,0.288,0.288,11,5,1
2026-09-05 11:26:48,Research Wing,Ground,Server Room,Fans,0.205,0.205,11,5,1
2026-09-05 11:26:48,Research Wing,Ground,Server Room,Server Units,3.928,3.928,11,5,1
2026-09-05 12:26:48,Main Block,Ground,Lab 101,AC,4.88,4.88,12,5,1
2026-09-05 12:26:48,Main Block,Ground,Lab 101,Computers,1.74,1.74,12,5,1
2026-09-05 12:26:48,Main Block,Ground,Lab 101,Lights,0.288,0.288,12,5,1
2026-09-05 12:26:48,Main Block,Ground,Lab 101,Fans,0.199,0.199,12,5,1
2026-09-05 12:26:48,Main Block,Ground,Lab 101,Server Units,4.636,4.636,12,5,1
2026-09-05 12:26:48,Main Block,First,Computer Lab 201,AC,4.327,4.327,12,5,1
2026-09-05 12:26:48,Main Block,First,Computer Lab 201,Computers,2.044,2.044,12,5,1
2026-09-05 12:26:48,Main Block,First,Computer Lab 201,Lights,0.291,0.291,12,5,1
2026-09-05 12:26:48,Main Block,First,Computer Lab 201,Fans,0.18,0.18,12,5,1
2026-09-05 12:26:48,Main Block,First,Computer Lab 201,Server Units,4.711,4.711,12,5,1
2026-09-05 12:26:48,Research Wing,Ground,AI Research Lab,AC,4.347,4.347,12,5,1
2026-09-05 12:26:48,Research Wing,Ground,AI Research Lab,Computers,1.857,1.857,12,5,1
2026-09-05 12:26:48,Research Wing,Ground,AI Research Lab,Lights,0.295,0.295,12,5,1
2026-09-05 12:26:48,Research Wing,Ground,AI Research Lab,Fans,0.182,0.182,12,5,1
2026-09-05 12:26:48,Research Wing,Ground,AI Research Lab,Server Units,4.388,4.388,12,5,1
2026-09-05 12:26:48,Research Wing,Ground,Server Room,AC,4.976,4.976,12,5,1
2026-09-05 12:26:48,Research Wing,Ground,Server Room,Computers,2.239,2.239,12,5,1
2026-09-05 12:26:48,Research Wing,Ground,Server Room,Lights,0.263,0.263,12,5,1
2026-09-05 12:26:48,Research Wing,Ground,Server Room,Fans,0.215,0.215,12,5,1
2026-09-05 12:26:48,Research Wing,Ground,Server Room,Server Units,4.199,4.199,12,5,1
2026-09-05 13:26:48,Main Block,Ground,Lab 101,AC,4.557,4.557,13,5,1
2026-09-05 13:26:48,Main Block,Ground,Lab 101,Computers,2.211,2.211,13,5,1
2026-09-05 13:26:48,Main Block,Ground,Lab 101,Lights,0.338,0.338,13,5,1
2026-09-05 13:26:48,Main Block,Ground,Lab 101,Fans,0.212,0.212,13,5,1
2026-09-05 13:26:48,Main Block,Ground,Lab 101,Server Units,3.9,3.9,13,5,1
2026-09-05 13:26:48,Main Block,First,Computer Lab 201,AC,4.012,4.012,13,5,1
2026-09-05 13:26:48,Main Block,First,Computer Lab 201,Computers,1.716,1.716,13,5,1
2026-09-05 13:26:48,Main Block,First,Computer Lab 201,Lights,0.288,0.288,13,5,1
2026-09-05 13:26:48,Main Block,First,Computer Lab 201,Fans,0.198,0.198,13,5,1
2026-09-05 13:26:48,Main Block,First,Computer Lab 201,Server Units,3.854,3.854,13,5,1
2026-09-05 13:26:48,Research Wing,Ground,AI Research Lab,AC,5.174,5.174,13,5,1
2026-09-05 13:26:48,Research Wing,Ground,AI Research Lab,Computers,2.015,2.015,13,5,1
2026-09-05 13:26:48,Research Wing,Ground,AI Research Lab,Lights,0.329,0.329,13,5,1
2026-09-05 13:26:48,Research Wing,Ground,AI Research Lab,Fans,0.223,0.223,13,5,1
2026-09-05 13:26:48,Research Wing,Ground,AI Research Lab,Server Units,4.334,4.334,13,5,1
2026-09-05 13:26:48,Research Wing,Ground,Server Room,AC,4.29,4.29,13,5,1
2026-09-05 13:26:48,Research Wing,Ground,Server Room,Computers,2.168,2.168,13,5,1
2026-09-05 13:26:48,Research Wing,Ground,Server Room,Lights,0.271,0.271,13,5,1
2026-09-05 13:26:48,Research Wing,Ground,Server Room,Fans,0.191,0.191,13,5,1
2026-09-05 13:26:48,Research Wing,Ground,Server Room,Server Units,3.813,3.813,13,5,1
2026-09-05 14:26:48,Main Block,Ground,Lab 101,AC,4.032,4.032,14,5,1
2026-09-05 14:26:48,Main Block,Ground,Lab 101,Computers,1.894,1.894,14,5,1
2026-09-05 14:26:48,Main Block,Ground,Lab 101,Lights,0.286,0.286,14,5,1
2026-09-05 14:26:48,Main Block,Ground,Lab 101,Fans,0.218,0.218,14,5,1
2026-09-05 14:26:48,Main Block,Ground,Lab 101,Server Units,4.071,4.071,14,5,1
2026-09-05 14:26:48,Main Block,First,Computer Lab 201,AC,4.569,4.569,14,5,1
2026-09-05 14:26:48,Main Block,First,Computer Lab 201,Computers,1.882,1.882,14,5,1
2026-09-05 14:26:48,Main Block,First,Computer Lab 201,Lights,0.3,0.3,14,5,1
2026-09-05 14:26:48,Main Block,First,Computer Lab 201,Fans,0.221,0.221,14,5,1
2026-09-05 14:26:48,Main Block,First,Computer Lab 201,Server Units,4.61,4.61,14,5,1
2026-09-05 14:26:48,Research Wing,Ground,AI Research Lab,AC,4.642,4.642,14,5,1
2026-09-05 14:26:48,Research Wing,Ground,AI Research Lab,Computers,2.038,2.038,14,5,1
2026-09-05 14:26:48,Research Wing,Ground,AI Research Lab,Lights,0.258,0.258,14,5,1
2026-09-05 14:26:48,Research Wing,Ground,AI Research Lab,Fans,0.203,0.203,14,5,1
2026-09-05 14:26:48,Research Wing,Ground,AI Research Lab,Server Units,4.599,4.599,14,5,1
2026-09-05 14:26:48,Research Wing,Ground,Server Room,AC,4.387,4.387,14,5,1
2026-09-05 14:26:48,Research Wing,Ground,Server Room,Computers,1.999,1.999,14,5,1
2026-09-05 14:26:48,Research Wing,Ground,Server Room,Lights,0.281,0.281,14,5,1
2026-09-05 14:26:48,Research Wing,Ground,Server Room,Fans,0.194,0.194,14,5,1
2026-09-05 14:26:48,Research Wing,Ground,Server Room,Server Units,4.644,4.644,14,5,1
2026-09-05 15:26:48,Main Block,Ground,Lab 101,AC,3.924,3.924,15,5,1
2026-09-05 15:26:48,Main Block,Ground,Lab 101,Computers,1.964,1.964,15,5,1
2026-09-05 15:26:48,Main Block,Ground,Lab 101,Lights,0.273,0.273,15,5,1
2026-09-05 15:26:48,Main Block,Ground,Lab 101,Fans,0.184,0.184,15,5,1
2026-09-05 15:26:48,Main Block,Ground,Lab 101,Server Units,4.709,4.709,15,5,1
2026-09-05 15:26:48,Main Block,First,Computer Lab 201,AC,5.142,5.142,15,5,1
2026-09-05 15:26:48,Main Block,First,Computer Lab 201,Computers,1.922,1.922,15,5,1
2026-09-05 15:26:48,Main Block,First,Computer Lab 201,Lights,0.284,0.284,15,5,1
2026-09-05 15:26:48,Main Block,First,Computer Lab 201,Fans,0.181,0.181,15,5,1
2026-09-05 15:26:48,Main Block,First,Computer Lab 201,Server Units,3.868,3.868,15,5,1
2026-09-05 15:26:48,Research Wing,Ground,AI Research Lab,AC,4.344,4.344,15,5,1
2026-09-05 15:26:48,Research Wing,Ground,AI Research Lab,Computers,1.849,1.849,15,5,1
2026-09-05 15:26:48,Research Wing,Ground,AI Research Lab,Lights,0.269,0.269,15,5,1
2026-09-05 15:26:48,Research Wing,Ground,AI Research Lab,Fans,0.2,0.2,15,5,1
2026-09-05 15:26:48,Research Wing,Ground,AI Research Lab,Server Units,4.747,4.747,15,5,1
2026-09-05 15:26:48,Research Wing,Ground,Server Room,AC,4.52,4.52,15,5,1
2026-09-05 15:26:48,Research Wing,Ground,Server Room,Computers,5.655,5.655,15,5,1
2026-09-05 15:26:48,Research Wing,Ground,Server Room,Lights,0.34,0.34,15,5,1
2026-09-05 15:26:48,Research Wing,Ground,Server Room,Fans,0.222,0.222,15,5,1
2026-09-05 15:26:48,Research Wing,Ground,Server Room,Server Units,4.206,4.206,15,5,1
2026-09-05 16:26:48,Main Block,Ground,Lab 101,AC,4.493,4.493,16,5,1
2026-09-05 16:26:48,Main Block,Ground,Lab 101,Computers,2.093,2.093,16,5,1
2026-09-05 16:26:48,Main Block,Ground,Lab 101,Lights,0.303,0.303,16,5,1
2026-09-05 16:26:48,Main Block,Ground,Lab 101,Fans,0.191,0.191,16,5,1
2026-09-05 16:26:48,Main Block,Ground,Lab 101,Server Units,4.7,4.7,16,5,1
2026-09-05 16:26:48,Main Block,First,Computer Lab 201,AC,4.319,4.319,16,5,1
2026-09-05 16:26:48,Main Block,First,Computer Lab 201,Computers,2.042,2.042,16,5,1
2026-09-05 16:26:48,Main Block,First,Computer Lab 201,Lights,0.305,0.305,16,5,1
2026-09-05 16:26:48,Main Block,First,Computer Lab 201,Fans,0.195,0.195,16,5,1
2026-09-05 16:26:48,Main Block,First,Computer Lab 201,Server Units,4.109,4.109,16,5,1
2026-09-05 16:26:48,Research Wing,Ground,AI Research Lab,AC,4.744,4.744,16,5,1
2026-09-05 16:26:48,Research Wing,Ground,AI Research Lab,Computers,2.285,2.285,16,5,1
2026-09-05 16:26:48,Research Wing,Ground,AI Research Lab,Lights,0.327,0.327,16,5,1
2026-09-05 16:26:48,Research Wing,Ground,AI Research Lab,Fans,0.221,0.221,16,5,1
2026-09-05 16:26:48,Research Wing,Ground,AI Research Lab,Server Units,4.003,4.003,16,5,1
2026-09-05 16:26:48,Research Wing,Ground,Server Room,AC,4.5,4.5,16,5,1
2026-09-05 16:26:48,Research Wing,Ground,Server Room,Computers,1.782,1.782,16,5,1
2026-09-05 16:26:48,Research Wing,Ground,Server Room,Lights,0.298,0.298,16,5,1
2026-09-05 16:26:48,Research Wing,Ground,Server Room,Fans,0.201,0.201,16,5,1
2026-09-05 16:26:48,Research Wing,Ground,Server Room,Server Units,4.173,4.173,16,5,1
2026-09-05 17:26:48,Main Block,Ground,Lab 101,AC,4.044,4.044,17,5,1
2026-09-05 17:26:48,Main Block,Ground,Lab 101,Computers,2.144,2.144,17,5,1
2026-09-05 17:26:48,Main Block,Ground,Lab 101,Lights,0.285,0.285,17,5,1
2026-09-05 17:26:48,Main Block,Ground,Lab 101,Fans,0.197,0.197,17,5,1
2026-09-05 17:26:48,Main Block,Ground,Lab 101,Server Units,4.136,4.136,17,5,1
2026-09-05 17:26:48,Main Block,First,Computer Lab 201,AC,4.322,4.322,17,5,1
2026-09-05 17:26:48,Main Block,First,Computer Lab 201,Computers,2.288,2.288,17,5,1
2026-09-05 17:26:48,Main Block,First,Computer Lab 201,Lights,0.327,0.327,17,5,1
2026-09-05 17:26:48,Main Block,First,Computer Lab 201,Fans,0.206,0.206,17,5,1
2026-09-05 17:26:48,Main Block,First,Computer Lab 201,Server Units,4.366,4.366,17,5,1
2026-09-05 17:26:48,Research Wing,Ground,AI Research Lab,AC,4.882,4.882,17,5,1
2026-09-05 17:26:48,Research Wing,Ground,AI Research Lab,Computers,2.047,2.047,17,5,1
2026-09-05 17:26:48,Research Wing,Ground,AI Research Lab,Lights,0.308,0.308,17,5,1
2026-09-05 17:26:48,Research Wing,Ground,AI Research Lab,Fans,0.203,0.203,17,5,1
2026-09-05 17:26:48,Research Wing,Ground,AI Research Lab,Server Units,4.85,4.85,17,5,1
2026-09-05 17:26:48,Research Wing,Ground,Server Room,AC,4.744,4.744,17,5,1
2026-09-05 17:26:48,Research Wing,Ground,Server Room,Computers,2.269,2.269,17,5,1
2026-09-05 17:26:48,Research Wing,Ground,Server Room,Lights,0.257,0.257,17,5,1
2026-09-05 17:26:48,Research Wing,Ground,Server Room,Fans,0.175,0.175,17,5,1
2026-09-05 17:26:48,Research Wing,Ground,Server Room,Server Units,4.282,4.282,17,5,1
2026-09-05 18:26:48,Main Block,Ground,Lab 101,AC,5.068,5.068,18,5,1
2026-09-05 18:26:48,Main Block,Ground,Lab 101,Computers,2.142,2.142,18,5,1
2026-09-05 18:26:48,Main Block,Ground,Lab 101,Lights,0.267,0.267,18,5,1
2026-09-05 18:26:48,Main Block,Ground,Lab 101,Fans,0.185,0.185,18,5,1
2026-09-05 18:26:48,Main Block,Ground,Lab 101,Server Units,4.434,4.434,18,5,1
2026-09-05 18:26:48,Main Block,First,Computer Lab 201,AC,4.059,4.059,18,5,1
2026-09-05 18:26:48,Main Block,First,Computer Lab 201,Computers,1.905,1.905,18,5,1
2026-09-05 18:26:48,Main Block,First,Computer Lab 201,Lights,0.324,0.324,18,5,1
2026-09-05 18:26:48,Main Block,First,Computer Lab 201,Fans,0.203,0.203,18,5,1
2026-09-05 18:26:48,Main Block,First,Computer Lab 201,Server Units,4.545,4.545,18,5,1
2026-09-05 18:26:48,Research Wing,Ground,AI Research Lab,AC,4.158,4.158,18,5,1
2026-09-05 18:26:48,Research Wing,Ground,AI Research Lab,Computers,1.835,1.835,18,5,1
2026-09-05 18:26:48,Research Wing,Ground,AI Research Lab,Lights,0.282,0.282,18,5,1
2026-09-05 18:26:48,Research Wing,Ground,AI Research Lab,Fans,0.178,0.178,18,5,1
2026-09-05 18:26:48,Research Wing,Ground,AI Research Lab,Server Units,4.158,4.158,18,5,1
2026-09-05 18:26:48,Research Wing,Ground,Server Room,AC,5.085,5.085,18,5,1
2026-09-05 18:26:48,Research Wing,Ground,Server Room,Computers,1.864,1.864,18,5,1
2026-09-05 18:26:48,Research Wing,Ground,Server Room,Lights,0.316,0.316,18,5,1
2026-09-05 18:26:48,Research Wing,Ground,Server Room,Fans,0.223,0.223,18,5,1
2026-09-05 18:26:48,Research Wing,Ground,Server Room,Server Units,5.0,5.0,18,5,1
2026-09-05 19:26:48,Main Block,Ground,Lab 101,AC,0.25,0.25,19,5,1
2026-09-05 19:26:48,Main Block,Ground,Lab 101,Computers,0.08,0.08,19,5,1
2026-09-05 19:26:48,Main Block,Ground,Lab 101,Lights,0.02,0.02,19,5,1
2026-09-05 19:26:48,Main Block,Ground,Lab 101,Fans,0.015,0.015,19,5,1
2026-09-05 19:26:48,Main Block,Ground,Lab 101,Server Units,4.324,4.324,19,5,1
2026-09-05 19:26:48,Main Block,First,Computer Lab 201,AC,0.25,0.25,19,5,1
2026-09-05 19:26:48,Main Block,First,Computer Lab 201,Computers,0.08,0.08,19,5,1
2026-09-05 19:26:48,Main Block,First,Computer Lab 201,Lights,0.02,0.02,19,5,1
2026-09-05 19:26:48,Main Block,First,Computer Lab 201,Fans,0.015,0.015,19,5,1
2026-09-05 19:26:48,Main Block,First,Computer Lab 201,Server Units,4.659,4.659,19,5,1
2026-09-05 19:26:48,Research Wing,Ground,AI Research Lab,AC,0.25,0.25,19,5,1
2026-09-05 19:26:48,Research Wing,Ground,AI Research Lab,Computers,0.08,0.08,19,5,1
2026-09-05 19:26:48,Research Wing,Ground,AI Research Lab,Lights,0.02,0.02,19,5,1
2026-09-05 19:26:48,Research Wing,Ground,AI Research Lab,Fans,0.015,0.015,19,5,1
2026-09-05 19:26:48,Research Wing,Ground,AI Research Lab,Server Units,4.441,4.441,19,5,1
2026-09-05 19:26:48,Research Wing,Ground,Server Room,AC,0.25,0.25,19,5,1
2026-09-05 19:26:48,Research Wing,Ground,Server Room,Computers,0.08,0.08,19,5,1
2026-09-05 19:26:48,Research Wing,Ground,Server Room,Lights,0.02,0.02,19,5,1
2026-09-05 19:26:48,Research Wing,Ground,Server Room,Fans,0.015,0.015,19,5,1
2026-09-05 19:26:48,Research Wing,Ground,Server Room,Server Units,14.272,14.272,19,5,1
2026-09-05 20:26:48,Main Block,Ground,Lab 101,AC,0.25,0.25,20,5,1
2026-09-05 20:26:48,Main Block,Ground,Lab 101,Computers,0.08,0.08,20,5,1
2026-09-05 20:26:48,Main Block,Ground,Lab 101,Lights,0.02,0.02,20,5,1
2026-09-05 20:26:48,Main Block,Ground,Lab 101,Fans,0.015,0.015,20,5,1
2026-09-05 20:26:48,Main Block,Ground,Lab 101,Server Units,4.899,4.899,20,5,1
2026-09-05 20:26:48,Main Block,First,Computer Lab 201,AC,0.25,0.25,20,5,1
2026-09-05 20:26:48,Main Block,First,Computer Lab 201,Computers,0.08,0.08,20,5,1
2026-09-05 20:26:48,Main Block,First,Computer Lab 201,Lights,0.02,0.02,20,5,1
2026-09-05 20:26:48,Main Block,First,Computer Lab 201,Fans,0.015,0.015,20,5,1
2026-09-05 20:26:48,Main Block,First,Computer Lab 201,Server Units,4.938,4.938,20,5,1
2026-09-05 20:26:48,Research Wing,Ground,AI Research Lab,AC,0.25,0.25,20,5,1
2026-09-05 20:26:48,Research Wing,Ground,AI Research Lab,Computers,0.08,0.08,20,5,1
2026-09-05 20:26:48,Research Wing,Ground,AI Research Lab,Lights,0.02,0.02,20,5,1
2026-09-05 20:26:48,Research Wing,Ground,AI Research Lab,Fans,0.015,0.015,20,5,1
2026-09-05 20:26:48,Research Wing,Ground,AI Research Lab,Server Units,4.945,4.945,20,5,1
2026-09-05 20:26:48,Research Wing,Ground,Server Room,AC,0.25,0.25,20,5,1
2026-09-05 20:26:48,Research Wing,Ground,Server Room,Computers,0.08,0.08,20,5,1
2026-09-05 20:26:48,Research Wing,Ground,Server Room,Lights,0.02,0.02,20,5,1
2026-09-05 20:26:48,Research Wing,Ground,Server Room,Fans,0.015,0.015,20,5,1
2026-09-05 20:26:48,Research Wing,Ground,Server Room,Server Units,4.264,4.264,20,5,1
2026-09-05 21:26:48,Main Block,Ground,Lab 101,AC,0.25,0.25,21,5,1
2026-09-05 21:26:48,Main Block,Ground,Lab 101,Computers,0.08,0.08,21,5,1
2026-09-05 21:26:48,Main Block,Ground,Lab 101,Lights,0.02,0.02,21,5,1
2026-09-05 21:26:48,Main Block,Ground,Lab 101,Fans,0.015,0.015,21,5,1
2026-09-05 21:26:48,Main Block,Ground,Lab 101,Server Units,3.752,3.752,21,5,1
2026-09-05 21:26:48,Main Block,First,Computer Lab 201,AC,0.25,0.25,21,5,1
2026-09-05 21:26:48,Main Block,First,Computer Lab 201,Computers,0.08,0.08,21,5,1
2026-09-05 21:26:48,Main Block,First,Computer Lab 201,Lights,0.02,0.02,21,5,1
2026-09-05 21:26:48,Main Block,First,Computer Lab 201,Fans,0.015,0.015,21,5,1
2026-09-05 21:26:48,Main Block,First,Computer Lab 201,Server Units,4.457,4.457,21,5,1
2026-09-05 21:26:48,Research Wing,Ground,AI Research Lab,AC,0.25,0.25,21,5,1
2026-09-05 21:26:48,Research Wing,Ground,AI Research Lab,Computers,0.08,0.08,21,5,1
2026-09-05 21:26:48,Research Wing,Ground,AI Research Lab,Lights,0.02,0.02,21,5,1
2026-09-05 21:26:48,Research Wing,Ground,AI Research Lab,Fans,0.015,0.015,21,5,1
2026-09-05 21:26:48,Research Wing,Ground,AI Research Lab,Server Units,3.889,3.889,21,5,1
2026-09-05 21:26:48,Research Wing,Ground,Server Room,AC,0.25,0.25,21,5,1
2026-09-05 21:26:48,Research Wing,Ground,Server Room,Computers,0.08,0.08,21,5,1
2026-09-05 21:26:48,Research Wing,Ground,Server Room,Lights,0.02,0.02,21,5,1
2026-09-05 21:26:48,Research Wing,Ground,Server Room,Fans,0.015,0.015,21,5,1
2026-09-05 21:26:48,Research Wing,Ground,Server Room,Server Units,4.784,4.784,21,5,1
2026-09-05 22:26:48,Main Block,Ground,Lab 101,AC,0.25,0.25,22,5,1
2026-09-05 22:26:48,Main Block,Ground,Lab 101,Computers,0.08,0.08,22,5,1
2026-09-05 22:26:48,Main Block,Ground,Lab 101,Lights,0.02,0.02,22,5,1
2026-09-05 22:26:48,Main Block,Ground,Lab 101,Fans,0.015,0.015,22,5,1
2026-09-05 22:26:48,Main Block,Ground,Lab 101,Server Units,4.832,4.832,22,5,1
2026-09-05 22:26:48,Main Block,First,Computer Lab 201,AC,0.25,0.25,22,5,1
2026-09-05 22:26:48,Main Block,First,Computer Lab 201,Computers,0.08,0.08,22,5,1
2026-09-05 22:26:48,Main Block,First,Computer Lab 201,Lights,0.02,0.02,22,5,1
2026-09-05 22:26:48,Main Block,First,Computer Lab 201,Fans,0.015,0.015,22,5,1
2026-09-05 22:26:48,Main Block,First,Computer Lab 201,Server Units,4.167,4.167,22,5,1
2026-09-05 22:26:48,Research Wing,Ground,AI Research Lab,AC,0.25,0.25,22,5,1
2026-09-05 22:26:48,Research Wing,Ground,AI Research Lab,Computers,0.08,0.08,22,5,1
2026-09-05 22:26:48,Research Wing,Ground,AI Research Lab,Lights,0.02,0.02,22,5,1
2026-09-05 22:26:48,Research Wing,Ground,AI Research Lab,Fans,0.015,0.015,22,5,1
2026-09-05 22:26:48,Research Wing,Ground,AI Research Lab,Server Units,4.139,4.139,22,5,1
2026-09-05 22:26:48,Research Wing,Ground,Server Room,AC,0.75,0.75,22,5,1
2026-09-05 22:26:48,Research Wing,Ground,Server Room,Computers,0.08,0.08,22,5,1
2026-09-05 22:26:48,Research Wing,Ground,Server Room,Lights,0.02,0.02,22,5,1
2026-09-05 22:26:48,Research Wing,Ground,Server Room,Fans,0.015,0.015,22,5,1
2026-09-05 22:26:48,Research Wing,Ground,Server Room,Server Units,3.896,3.896,22,5,1
2026-09-05 23:26:48,Main Block,Ground,Lab 101,AC,0.25,0.25,23,5,1
2026-09-05 23:26:48,Main Block,Ground,Lab 101,Computers,0.08,0.08,23,5,1
2026-09-05 23:26:48,Main Block,Ground,Lab 101,Lights,0.02,0.02,23,5,1
2026-09-05 23:26:48,Main Block,Ground,Lab 101,Fans,0.015,0.015,23,5,1
2026-09-05 23:26:48,Main Block,Ground,Lab 101,Server Units,4.15,4.15,23,5,1
2026-09-05 23:26:48,Main Block,First,Computer Lab 201,AC,0.25,0.25,23,5,1
2026-09-05 23:26:48,Main Block,First,Computer Lab 201,Computers,0.08,0.08,23,5,1
2026-09-05 23:26:48,Main Block,First,Computer Lab 201,Lights,0.02,0.02,23,5,1
2026-09-05 23:26:48,Main Block,First,Computer Lab 201,Fans,0.015,0.015,23,5,1
2026-09-05 23:26:48,Main Block,First,Computer Lab 201,Server Units,3.916,3.916,23,5,1
2026-09-05 23:26:48,Research Wing,Ground,AI Research Lab,AC,0.25,0.25,23,5,1
2026-09-05 23:26:48,Research Wing,Ground,AI Research Lab,Computers,0.08,0.08,23,5,1
2026-09-05 23:26:48,Research Wing,Ground,AI Research Lab,Lights,0.02,0.02,23,5,1
2026-09-05 23:26:48,Research Wing,Ground,AI Research Lab,Fans,0.015,0.015,23,5,1
2026-09-05 23:26:48,Research Wing,Ground,AI Research Lab,Server Units,4.361,4.361,23,5,1
2026-09-05 23:26:48,Research Wing,Ground,Server Room,AC,0.25,0.25,23,5,1
2026-09-05 23:26:48,Research Wing,Ground,Server Room,Computers,0.08,0.08,23,5,1
2026-09-05 23:26:48,Research Wing,Ground,Server Room,Lights,0.02,0.02,23,5,1
2026-09-05 23:26:48,Research Wing,Ground,Server Room,Fans,0.015,0.015,23,5,1
2026-09-05 23:26:48,Research Wing,Ground,Server Room,Server Units,4.893,4.893,23,5,1
2026-09-06 00:26:48,Main Block,Ground,Lab 101,AC,0.25,0.25,0,6,1
2026-09-06 00:26:48,Main Block,Ground,Lab 101,Computers,0.08,0.08,0,6,1
2026-09-06 00:26:48,Main Block,Ground,Lab 101,Lights,0.02,0.02,0,6,1
2026-09-06 00:26:48,Main Block,Ground,Lab 101,Fans,0.015,0.015,0,6,1
2026-09-06 00:26:48,Main Block,Ground,Lab 101,Server Units,3.822,3.822,0,6,1
2026-09-06 00:26:48,Main Block,First,Computer Lab 201,AC,0.25,0.25,0,6,1
2026-09-06 00:26:48,Main Block,First,Computer Lab 201,Computers,0.08,0.08,0,6,1
2026-09-06 00:26:48,Main Block,First,Computer Lab 201,Lights,0.02,0.02,0,6,1
2026-09-06 00:26:48,Main Block,First,Computer Lab 201,Fans,0.015,0.015,0,6,1
2026-09-06 00:26:48,Main Block,First,Computer Lab 201,Server Units,4.427,4.427,0,6,1
2026-09-06 00:26:48,Research Wing,Ground,AI Research Lab,AC,0.25,0.25,0,6,1
2026-09-06 00:26:48,Research Wing,Ground,AI Research Lab,Computers,0.08,0.08,0,6,1
2026-09-06 00:26:48,Research Wing,Ground,AI Research Lab,Lights,0.02,0.02,0,6,1
2026-09-06 00:26:48,Research Wing,Ground,AI Research Lab,Fans,0.015,0.015,0,6,1
2026-09-06 00:26:48,Research Wing,Ground,AI Research Lab,Server Units,4.807,4.807,0,6,1
2026-09-06 00:26:48,Research Wing,Ground,Server Room,AC,0.25,0.25,0,6,1
2026-09-06 00:26:48,Research Wing,Ground,Server Room,Computers,0.08,0.08,0,6,1
2026-09-06 00:26:48,Research Wing,Ground,Server Room,Lights,0.02,0.02,0,6,1
2026-09-06 00:26:48,Research Wing,Ground,Server Room,Fans,0.015,0.015,0,6,1
2026-09-06 00:26:48,Research Wing,Ground,Server Room,Server Units,4.805,4.805,0,6,1
2026-09-06 01:26:48,Main Block,Ground,Lab 101,AC,0.25,0.25,1,6,1
2026-09-06 01:26:48,Main Block,Ground,Lab 101,Computers,0.08,0.08,1,6,1
2026-09-06 01:26:48,Main Block,Ground,Lab 101,Lights,0.02,0.02,1,6,1
2026-09-06 01:26:48,Main Block,Ground,Lab 101,Fans,0.015,0.015,1,6,1
2026-09-06 01:26:48,Main Block,Ground,Lab 101,Server Units,3.8,3.8,1,6,1
2026-09-06 01:26:48,Main Block,First,Computer Lab 201,AC,0.25,0.25,1,6,1
2026-09-06 01:26:48,Main Block,First,Computer Lab 201,Computers,0.08,0.08,1,6,1
2026-09-06 01:26:48,Main Block,First,Computer Lab 201,Lights,0.02,0.02,1,6,1
2026-09-06 01:26:48,Main Block,First,Computer Lab 201,Fans,0.015,0.015,1,6,1
2026-09-06 01:26:48,Main Block,First,Computer Lab 201,Server Units,4.973,4.973,1,6,1
2026-09-06 01:26:48,Research Wing,Ground,AI Research Lab,AC,0.25,0.25,1,6,1
2026-09-06 01:26:48,Research Wing,Ground,AI Research Lab,Computers,0.08,0.08,1,6,1
2026-09-06 01:26:48,Research Wing,Ground,AI Research Lab,Lights,0.02,0.02,1,6,1
2026-09-06 01:26:48,Research Wing,Ground,AI Research Lab,Fans,0.015,0.015,1,6,1
2026-09-06 01:26:48,Research Wing,Ground,AI Research Lab,Server Units,4.593,4.593,1,6,1
2026-09-06 01:26:48,Research Wing,Ground,Server Room,AC,0.25,0.25,1,6,1
2026-09-06 01:26:48,Research Wing,Ground,Server Room,Computers,0.08,0.08,1,6,1
2026-09-06 01:26:48,Research Wing,Ground,Server Room,Lights,0.02,0.02,1,6,1
2026-09-06 01:26:48,Research Wing,Ground,Server Room,Fans,0.015,0.015,1,6,1
2026-09-06 01:26:48,Research Wing,Ground,Server Room,Server Units,4.236,4.236,1,6,1
2026-09-06 02:26:48,Main Block,Ground,Lab 101,AC,0.25,0.25,2,6,1
2026-09-06 02:26:48,Main Block,Ground,Lab 101,Computers,0.08,0.08,2,6,1
2026-09-06 02:26:48,Main Block,Ground,Lab 101,Lights,0.02,0.02,2,6,1
2026-09-06 02:26:48,Main Block,Ground,Lab 101,Fans,0.015,0.015,2,6,1
2026-09-06 02:26:48,Main Block,Ground,Lab 101,Server Units,3.976,3.976,2,6,1
2026-09-06 02:26:48,Main Block,First,Computer Lab 201,AC,0.25,0.25,2,6,1
2026-09-06 02:26:48,Main Block,First,Computer Lab 201,Computers,0.08,0.08,2,6,1
2026-09-06 02:26:48,Main Block,First,Computer Lab 201,Lights,0.02,0.02,2,6,1
2026-09-06 02:26:48,Main Block,First,Computer Lab 201,Fans,0.045,0.045,2,6,1
2026-09-06 02:26:48,Main Block,First,Computer Lab 201,Server Units,3.77,3.77,2,6,1
2026-09-06 02:26:48,Research Wing,Ground,AI Research Lab,AC,0.25,0.25,2,6,1
2026-09-06 02:26:48,Research Wing,Ground,AI Research Lab,Computers,0.08,0.08,2,6,1
2026-09-06 02:26:48,Research Wing,Ground,AI Research Lab,Lights,0.02,0.02,2,6,1
2026-09-06 02:26:48,Research Wing,Ground,AI Research Lab,Fans,0.015,0.015,2,6,1
2026-09-06 02:26:48,Research Wing,Ground,AI Research Lab,Server Units,4.067,4.067,2,6,1
2026-09-06 02:26:48,Research Wing,Ground,Server Room,AC,0.25,0.25,2,6,1
2026-09-06 02:26:48,Research Wing,Ground,Server Room,Computers,0.08,0.08,2,6,1
2026-09-06 02:26:48,Research Wing,Ground,Server Room,Lights,0.02,0.02,2,6,1
2026-09-06 02:26:48,Research Wing,Ground,Server Room,Fans,0.015,0.015,2,6,1
2026-09-06 02:26:48,Research Wing,Ground,Server Room,Server Units,4.809,4.809,2,6,1
2026-09-06 03:26:48,Main Block,Ground,Lab 101,AC,0.25,0.25,3,6,1
2026-09-06 03:26:48,Main Block,Ground,Lab 101,Computers,0.08,0.08,3,6,1
2026-09-06 03:26:48,Main Block,Ground,Lab 101,Lights,0.06,0.06,3,6,1
2026-09-06 03:26:48,Main Block,Ground,Lab 101,Fans,0.015,0.015,3,6,1
2026-09-06 03:26:48,Main Block,Ground,Lab 101,Server Units,3.873,3.873,3,6,1
2026-09-06 03:26:48,Main Block,First,Computer Lab 201,AC,0.25,0.25,3,6,1
2026-09-06 03:26:48,Main Block,First,Computer Lab 201,Computers,0.08,0.08,3,6,1
2026-09-06 03:26:48,Main Block,First,Computer Lab 201,Lights,0.02,0.02,3,6,1
2026-09-06 03:26:48,Main Block,First,Computer Lab 201,Fans,0.015,0.015,3,6,1
2026-09-06 03:26:48,Main Block,First,Computer Lab 201,Server Units,4.271,4.271,3,6,1
2026-09-06 03:26:48,Research Wing,Ground,AI Research Lab,AC,0.25,0.25,3,6,1
2026-09-06 03:26:48,Research Wing,Ground,AI Research Lab,Computers,0.08,0.08,3,6,1
2026-09-06 03:26:48,Research Wing,Ground,AI Research Lab,Lights,0.02,0.02,3,6,1
2026-09-06 03:26:48,Research Wing,Ground,AI Research Lab,Fans,0.015,0.015,3,6,1
2026-09-06 03:26:48,Research Wing,Ground,AI Research Lab,Server Units,4.122,4.122,3,6,1
2026-09-06 03:26:48,Research Wing,Ground,Server Room,AC,0.25,0.25,3,6,1
2026-09-06 03:26:48,Research Wing,Ground,Server Room,Computers,0.08,0.08,3,6,1
2026-09-06 03:26:48,Research Wing,Ground,Server Room,Lights,0.02,0.02,3,6,1
2026-09-06 03:26:48,Research Wing,Ground,Server Room,Fans,0.015,0.015,3,6,1
2026-09-06 03:26:48,Research Wing,Ground,Server Room,Server Units,4.163,4.163,3,6,1
2026-09-06 04:26:48,Main Block,Ground,Lab 101,AC,0.25,0.25,4,6,1
2026-09-06 04:26:48,Main Block,Ground,Lab 101,Computers,0.08,0.08,4,6,1
2026-09-06 04:26:48,Main Block,Ground,Lab 101,Lights,0.02,0.02,4,6,1
2026-09-06 04:26:48,Main Block,Ground,Lab 101,Fans,0.015,0.015,4,6,1
2026-09-06 04:26:48,Main Block,Ground,Lab 101,Server Units,3.82,3.82,4,6,1
2026-09-06 04:26:48,Main Block,First,Computer Lab 201,AC,0.25,0.25,4,6,1
2026-09-06 04:26:48,Main Block,First,Computer Lab 201,Computers,0.08,0.08,4,6,1
2026-09-06 04:26:48,Main Block,First,Computer Lab 201,Lights,0.02,0.02,4,6,1
2026-09-06 04:26:48,Main Block,First,Computer Lab 201,Fans,0.015,0.015,4,6,1
2026-09-06 04:26:48,Main Block,First,Computer Lab 201,Server Units,4.394,4.394,4,6,1
2026-09-06 04:26:48,Research Wing,Ground,AI Research Lab,AC,0.25,0.25,4,6,1
2026-09-06 04:26:48,Research Wing,Ground,AI Research Lab,Computers,0.08,0.08,4,6,1
2026-09-06 04:26:48,Research Wing,Ground,AI Research Lab,Lights,0.02,0.02,4,6,1
2026-09-06 04:26:48,Research Wing,Ground,AI Research Lab,Fans,0.015,0.015,4,6,1
2026-09-06 04:26:48,Research Wing,Ground,AI Research Lab,Server Units,4.29,4.29,4,6,1
2026-09-06 04:26:48,Research Wing,Ground,Server Room,AC,0.25,0.25,4,6,1
2026-09-06 04:26:48,Research Wing,Ground,Server Room,Computers,0.08,0.08,4,6,1
2026-09-06 04:26:48,Research Wing,Ground,Server Room,Lights,0.02,0.02,4,6,1
2026-09-06 04:26:48,Research Wing,Ground,Server Room,Fans,0.015,0.015,4,6,1
2026-09-06 04:26:48,Research Wing,Ground,Server Room,Server Units,4.137,4.137,4,6,1
2026-09-06 05:26:48,Main Block,Ground,Lab 101,AC,0.25,0.25,5,6,1
2026-09-06 05:26:48,Main Block,Ground,Lab 101,Computers,0.08,0.08,5,6,1
2026-09-06 05:26:48,Main Block,Ground,Lab 101,Lights,0.02,0.02,5,6,1
2026-09-06 05:26:48,Main Block,Ground,Lab 101,Fans,0.015,0.015,5,6,1
2026-09-06 05:26:48,Main Block,Ground,Lab 101,Server Units,4.476,4.476,5,6,1
2026-09-06 05:26:48,Main Block,First,Computer Lab 201,AC,0.25,0.25,5,6,1
2026-09-06 05:26:48,Main Block,First,Computer Lab 201,Computers,0.08,0.08,5,6,1
2026-09-06 05:26:48,Main Block,First,Computer Lab 201,Lights,0.02,0.02,5,6,1
2026-09-06 05:26:48,Main Block,First,Computer Lab 201,Fans,0.015,0.015,5,6,1
2026-09-06 05:26:48,Main Block,First,Computer Lab 201,Server Units,4.858,4.858,5,6,1
2026-09-06 05:26:48,Research Wing,Ground,AI Research Lab,AC,0.25,0.25,5,6,1
2026-09-06 05:26:48,Research Wing,Ground,AI Research Lab,Computers,0.08,0.08,5,6,1
2026-09-06 05:26:48,Research Wing,Ground,AI Research Lab,Lights,0.02,0.02,5,6,1
2026-09-06 05:26:48,Research Wing,Ground,AI Research Lab,Fans,0.015,0.015,5,6,1
2026-09-06 05:26:48,Research Wing,Ground,AI Research Lab,Server Units,4.536,4.536,5,6,1
2026-09-06 05:26:48,Research Wing,Ground,Server Room,AC,0.25,0.25,5,6,1
2026-09-06 05:26:48,Research Wing,Ground,Server Room,Computers,0.08,0.08,5,6,1
2026-09-06 05:26:48,Research Wing,Ground,Server Room,Lights,0.02,0.02,5,6,1
2026-09-06 05:26:48,Research Wing,Ground,Server Room,Fans,0.015,0.015,5,6,1
2026-09-06 05:26:48,Research Wing,Ground,Server Room,Server Units,4.373,4.373,5,6,1
2026-09-06 06:26:48,Main Block,Ground,Lab 101,AC,0.25,0.25,6,6,1
2026-09-06 06:26:48,Main Block,Ground,Lab 101,Computers,0.08,0.08,6,6,1
2026-09-06 06:26:48,Main Block,Ground,Lab 101,Lights,0.06,0.06,6,6,1
2026-09-06 06:26:48,Main Block,Ground,Lab 101,Fans,0.015,0.015,6,6,1
2026-09-06 06:26:48,Main Block,Ground,Lab 101,Server Units,5.01,5.01,6,6,1
2026-09-06 06:26:48,Main Block,First,Computer Lab 201,AC,0.25,0.25,6,6,1
2026-09-06 06:26:48,Main Block,First,Computer Lab 201,Computers,0.08,0.08,6,6,1
2026-09-06 06:26:48,Main Block,First,Computer Lab 201,Lights,0.02,0.02,6,6,1
2026-09-06 06:26:48,Main Block,First,Computer Lab 201,Fans,0.015,0.015,6,6,1
2026-09-06 06:26:48,Main Block,First,Computer Lab 201,Server Units,4.01,4.01,6,6,1
2026-09-06 06:26:48,Research Wing,Ground,AI Research Lab,AC,0.25,0.25,6,6,1
2026-09-06 06:26:48,Research Wing,Ground,AI Research Lab,Computers,0.08,0.08,6,6,1
2026-09-06 06:26:48,Research Wing,Ground,AI Research Lab,Lights,0.02,0.02,6,6,1
2026-09-06 06:26:48,Research Wing,Ground,AI Research Lab,Fans,0.015,0.015,6,6,1
2026-09-06 06:26:48,Research Wing,Ground,AI Research Lab,Server Units,4.214,4.214,6,6,1
2026-09-06 06:26:48,Research Wing,Ground,Server Room,AC,0.25,0.25,6,6,1
2026-09-06 06:26:48,Research Wing,Ground,Server Room,Computers,0.08,0.08,6,6,1
2026-09-06 06:26:48,Research Wing,Ground,Server Room,Lights,0.02,0.02,6,6,1
2026-09-06 06:26:48,Research Wing,Ground,Server Room,Fans,0.015,0.015,6,6,1
2026-09-06 06:26:48,Research Wing,Ground,Server Room,Server Units,4.36,4.36,6,6,1
2026-09-06 07:26:48,Main Block,Ground,Lab 101,AC,0.25,0.25,7,6,1
2026-09-06 07:26:48,Main Block,Ground,Lab 101,Computers,0.08,0.08,7,6,1
2026-09-06 07:26:48,Main Block,Ground,Lab 101,Lights,0.02,0.02,7,6,1
2026-09-06 07:26:48,Main Block,Ground,Lab 101,Fans,0.015,0.015,7,6,1
2026-09-06 07:26:48,Main Block,Ground,Lab 101,Server Units,4.032,4.032,7,6,1
2026-09-06 07:26:48,Main Block,First,Computer Lab 201,AC,0.25,0.25,7,6,1
2026-09-06 07:26:48,Main Block,First,Computer Lab 201,Computers,0.08,0.08,7,6,1
2026-09-06 07:26:48,Main Block,First,Computer Lab 201,Lights,0.02,0.02,7,6,1
2026-09-06 07:26:48,Main Block,First,Computer Lab 201,Fans,0.015,0.015,7,6,1
2026-09-06 07:26:48,Main Block,First,Computer Lab 201,Server Units,3.941,3.941,7,6,1
2026-09-06 07:26:48,Research Wing,Ground,AI Research Lab,AC,0.25,0.25,7,6,1
2026-09-06 07:26:48,Research Wing,Ground,AI Research Lab,Computers,0.08,0.08,7,6,1
2026-09-06 07:26:48,Research Wing,Ground,AI Research Lab,Lights,0.02,0.02,7,6,1
2026-09-06 07:26:48,Research Wing,Ground,AI Research Lab,Fans,0.015,0.015,7,6,1
2026-09-06 07:26:48,Research Wing,Ground,AI Research Lab,Server Units,4.644,4.644,7,6,1
2026-09-06 07:26:48,Research Wing,Ground,Server Room,AC,0.25,0.25,7,6,1
2026-09-06 07:26:48,Research Wing,Ground,Server Room,Computers,0.08,0.08,7,6,1
2026-09-06 07:26:48,Research Wing,Ground,Server Room,Lights,0.02,0.02,7,6,1
2026-09-06 07:26:48,Research Wing,Ground,Server Room,Fans,0.015,0.015,7,6,1
2026-09-06 07:26:48,Research Wing,Ground,Server Room,Server Units,3.962,3.962,7,6,1
2026-09-06 08:26:48,Main Block,Ground,Lab 101,AC,4.054,4.054,8,6,1
2026-09-06 08:26:48,Main Block,Ground,Lab 101,Computers,1.993,1.993,8,6,1
2026-09-06 08:26:48,Main Block,Ground,Lab 101,Lights,0.304,0.304,8,6,1
2026-09-06 08:26:48,Main Block,Ground,Lab 101,Fans,0.169,0.169,8,6,1
2026-09-06 08:26:48,Main Block,Ground,Lab 101,Server Units,4.858,4.858,8,6,1
2026-09-06 08:26:48,Main Block,First,Computer Lab 201,AC,4.727,4.727,8,6,1
2026-09-06 08:26:48,Main Block,First,Computer Lab 201,Computers,1.947,1.947,8,6,1
2026-09-06 08:26:48,Main Block,First,Computer Lab 201,Lights,0.276,0.276,8,6,1
2026-09-06 08:26:48,Main Block,First,Computer Lab 201,Fans,0.166,0.166,8,6,1
2026-09-06 08:26:48,Main Block,First,Computer Lab 201,Server Units,4.233,4.233,8,6,1
2026-09-06 08:26:48,Research Wing,Ground,AI Research Lab,AC,4.725,4.725,8,6,1
2026-09-06 08:26:48,Research Wing,Ground,AI Research Lab,Computers,1.99,1.99,8,6,1
2026-09-06 08:26:48,Research Wing,Ground,AI Research Lab,Lights,0.256,0.256,8,6,1
2026-09-06 08:26:48,Research Wing,Ground,AI Research Lab,Fans,0.166,0.166,8,6,1
2026-09-06 08:26:48,Research Wing,Ground,AI Research Lab,Server Units,4.103,4.103,8,6,1
2026-09-06 08:26:48,Research Wing,Ground,Server Room,AC,3.848,3.848,8,6,1
2026-09-06 08:26:48,Research Wing,Ground,Server Room,Computers,2.104,2.104,8,6,1
2026-09-06 08:26:48,Research Wing,Ground,Server Room,Lights,0.337,0.337,8,6,1
2026-09-06 08:26:48,Research Wing,Ground,Server Room,Fans,0.171,0.171,8,6,1
2026-09-06 08:26:48,Research Wing,Ground,Server Room,Server Units,3.993,3.993,8,6,1
2026-09-06 09:26:48,Main Block,Ground,Lab 101,AC,4.926,4.926,9,6,1
2026-09-06 09:26:48,Main Block,Ground,Lab 101,Computers,1.938,1.938,9,6,1
2026-09-06 09:26:48,Main Block,Ground,Lab 101,Lights,0.292,0.292,9,6,1
2026-09-06 09:26:48,Main Block,Ground,Lab 101,Fans,0.224,0.224,9,6,1
2026-09-06 09:26:48,Main Block,Ground,Lab 101,Server Units,4.643,4.643,9,6,1
2026-09-06 09:26:48,Main Block,First,Computer Lab 201,AC,4.708,4.708,9,6,1
2026-09-06 09:26:48,Main Block,First,Computer Lab 201,Computers,2.156,2.156,9,6,1
2026-09-06 09:26:48,Main Block,First,Computer Lab 201,Lights,0.289,0.289,9,6,1
2026-09-06 09:26:48,Main Block,First,Computer Lab 201,Fans,0.507,0.507,9,6,1
2026-09-06 09:26:48,Main Block,First,Computer Lab 201,Server Units,3.966,3.966,9,6,1
2026-09-06 09:26:48,Research Wing,Ground,AI Research Lab,AC,4.411,4.411,9,6,1
2026-09-06 09:26:48,Research Wing,Ground,AI Research Lab,Computers,2.04,2.04,9,6,1
2026-09-06 09:26:48,Research Wing,Ground,AI Research Lab,Lights,0.264,0.264,9,6,1
2026-09-06 09:26:48,Research Wing,Ground,AI Research Lab,Fans,0.168,0.168,9,6,1
2026-09-06 09:26:48,Research Wing,Ground,AI Research Lab,Server Units,4.886,4.886,9,6,1
2026-09-06 09:26:48,Research Wing,Ground,Server Room,AC,4.467,4.467,9,6,1
2026-09-06 09:26:48,Research Wing,Ground,Server Room,Computers,1.745,1.745,9,6,1
2026-09-06 09:26:48,Research Wing,Ground,Server Room,Lights,0.336,0.336,9,6,1
2026-09-06 09:26:48,Research Wing,Ground,Server Room,Fans,0.168,0.168,9,6,1
2026-09-06 09:26:48,Research Wing,Ground,Server Room,Server Units,4.155,4.155,9,6,1
2026-09-06 10:26:48,Main Block,Ground,Lab 101,AC,4.617,4.617,10,6,1
2026-09-06 10:26:48,Main Block,Ground,Lab 101,Computers,2.128,2.128,10,6,1
2026-09-06 10:26:48,Main Block,Ground,Lab 101,Lights,0.262,0.262,10,6,1
2026-09-06 10:26:48,Main Block,Ground,Lab 101,Fans,0.18,0.18,10,6,1
2026-09-06 10:26:48,Main Block,Ground,Lab 101,Server Units,4.254,4.254,10,6,1
2026-09-06 10:26:48,Main Block,First,Computer Lab 201,AC,4.273,4.273,10,6,1
2026-09-06 10:26:48,Main Block,First,Computer Lab 201,Computers,1.784,1.784,10,6,1
2026-09-06 10:26:48,Main Block,First,Computer Lab 201,Lights,0.32,0.32,10,6,1
2026-09-06 10:26:48,Main Block,First,Computer Lab 201,Fans,0.223,0.223,10,6,1
2026-09-06 10:26:48,Main Block,First,Computer Lab 201,Server Units,4.317,4.317,10,6,1
2026-09-06 10:26:48,Research Wing,Ground,AI Research Lab,AC,4.285,4.285,10,6,1
2026-09-06 10:26:48,Research Wing,Ground,AI Research Lab,Computers,2.273,2.273,10,6,1
2026-09-06 10:26:48,Research Wing,Ground,AI Research Lab,Lights,0.325,0.325,10,6,1
2026-09-06 10:26:48,Research Wing,Ground,AI Research Lab,Fans,0.182,0.182,10,6,1
2026-09-06 10:26:48,Research Wing,Ground,AI Research Lab,Server Units,4.388,4.388,10,6,1
2026-09-06 10:26:48,Research Wing,Ground,Server Room,AC,5.096,5.096,10,6,1
2026-09-06 10:26:48,Research Wing,Ground,Server Room,Computers,2.108,2.108,10,6,1
2026-09-06 10:26:48,Research Wing,Ground,Server Room,Lights,0.263,0.263,10,6,1
2026-09-06 10:26:48,Research Wing,Ground,Server Room,Fans,0.212,0.212,10,6,1
2026-09-06 10:26:48,Research Wing,Ground,Server Room,Server Units,3.848,3.848,10,6,1
2026-09-06 11:26:48,Main Block,Ground,Lab 101,AC,4.786,4.786,11,6,1
2026-09-06 11:26:48,Main Block,Ground,Lab 101,Computers,2.144,2.144,11,6,1
2026-09-06 11:26:48,Main Block,Ground,Lab 101,Lights,0.794,0.794,11,6,1
2026-09-06 11:26:48,Main Block,Ground,Lab 101,Fans,0.184,0.184,11,6,1
2026-09-06 11:26:48,Main Block,Ground,Lab 101,Server Units,4.096,4.096,11,6,1
2026-09-06 11:26:48,Main Block,First,Computer Lab 201,AC,4.078,4.078,11,6,1
2026-09-06 11:26:48,Main Block,First,Computer Lab 201,Computers,2.033,2.033,11,6,1
2026-09-06 11:26:48,Main Block,First,Computer Lab 201,Lights,0.257,0.257,11,6,1
2026-09-06 11:26:48,Main Block,First,Computer Lab 201,Fans,0.171,0.171,11,6,1
2026-09-06 11:26:48,Main Block,First,Computer Lab 201,Server Units,4.168,4.168,11,6,1
2026-09-06 11:26:48,Research Wing,Ground,AI Research Lab,AC,4.219,4.219,11,6,1
2026-09-06 11:26:48,Research Wing,Ground,AI Research Lab,Computers,1.751,1.751,11,6,1
2026-09-06 11:26:48,Research Wing,Ground,AI Research Lab,Lights,0.336,0.336,11,6,1
2026-09-06 11:26:48,Research Wing,Ground,AI Research Lab,Fans,0.199,0.199,11,6,1
2026-09-06 11:26:48,Research Wing,Ground,AI Research Lab,Server Units,4.243,4.243,11,6,1
2026-09-06 11:26:48,Research Wing,Ground,Server Room,AC,4.232,4.232,11,6,1
2026-09-06 11:26:48,Research Wing,Ground,Server Room,Computers,1.738,1.738,11,6,1
2026-09-06 11:26:48,Research Wing,Ground,Server Room,Lights,0.293,0.293,11,6,1
2026-09-06 11:26:48,Research Wing,Ground,Server Room,Fans,0.17,0.17,11,6,1
2026-09-06 11:26:48,Research Wing,Ground,Server Room,Server Units,4.065,4.065,11,6,1
2026-09-06 12:26:48,Main Block,Ground,Lab 101,AC,4.627,4.627,12,6,1
2026-09-06 12:26:48,Main Block,Ground,Lab 101,Computers,1.764,1.764,12,6,1
2026-09-06 12:26:48,Main Block,Ground,Lab 101,Lights,0.34,0.34,12,6,1
2026-09-06 12:26:48,Main Block,Ground,Lab 101,Fans,0.202,0.202,12,6,1
2026-09-06 12:26:48,Main Block,Ground,Lab 101,Server Units,4.175,4.175,12,6,1
2026-09-06 12:26:48,Main Block,First,Computer Lab 201,AC,4.926,4.926,12,6,1
2026-09-06 12:26:48,Main Block,First,Computer Lab 201,Computers,2.285,2.285,12,6,1
2026-09-06 12:26:48,Main Block,First,Computer Lab 201,Lights,0.284,0.284,12,6,1
2026-09-06 12:26:48,Main Block,First,Computer Lab 201,Fans,0.177,0.177,12,6,1
2026-09-06 12:26:48,Main Block,First,Computer Lab 201,Server Units,5.013,5.013,12,6,1
2026-09-06 12:26:48,Research Wing,Ground,AI Research Lab,AC,4.218,4.218,12,6,1
2026-09-06 12:26:48,Research Wing,Ground,AI Research Lab,Computers,1.995,1.995,12,6,1
2026-09-06 12:26:48,Research Wing,Ground,AI Research Lab,Lights,0.277,0.277,12,6,1
2026-09-06 12:26:48,Research Wing,Ground,AI Research Lab,Fans,0.214,0.214,12,6,1
2026-09-06 12:26:48,Research Wing,Ground,AI Research Lab,Server Units,3.89,3.89,12,6,1
2026-09-06 12:26:48,Research Wing,Ground,Server Room,AC,4.625,4.625,12,6,1
2026-09-06 12:26:48,Research Wing,Ground,Server Room,Computers,2.109,2.109,12,6,1
2026-09-06 12:26:48,Research Wing,Ground,Server Room,Lights,0.341,0.341,12,6,1
2026-09-06 12:26:48,Research Wing,Ground,Server Room,Fans,0.207,0.207,12,6,1
2026-09-06 12:26:48,Research Wing,Ground,Server Room,Server Units,4.125,4.125,12,6,1
2026-09-06 13:26:48,Main Block,Ground,Lab 101,AC,4.931,4.931,13,6,1
2026-09-06 13:26:48,Main Block,Ground,Lab 101,Computers,1.945,1.945,13,6,1
2026-09-06 13:26:48,Main Block,Ground,Lab 101,Lights,0.312,0.312,13,6,1
2026-09-06 13:26:48,Main Block,Ground,Lab 101,Fans,0.204,0.204,13,6,1
2026-09-06 13:26:48,Main Block,Ground,Lab 101,Server Units,4.782,4.782,13,6,1
2026-09-06 13:26:48,Main Block,First,Computer Lab 201,AC,5.162,5.162,13,6,1
2026-09-06 13:26:48,Main Block,First,Computer Lab 201,Computers,1.94,1.94,13,6,1
2026-09-06 13:26:48,Main Block,First,Computer Lab 201,Lights,0.338,0.338,13,6,1
2026-09-06 13:26:48,Main Block,First,Computer Lab 201,Fans,0.198,0.198,13,6,1
2026-09-06 13:26:48,Main Block,First,Computer Lab 201,Server Units,4.215,4.215,13,6,1
2026-09-06 13:26:48,Research Wing,Ground,AI Research Lab,AC,4.55,4.55,13,6,1
2026-09-06 13:26:48,Research Wing,Ground,AI Research Lab,Computers,1.751,1.751,13,6,1
2026-09-06 13:26:48,Research Wing,Ground,AI Research Lab,Lights,0.314,0.314,13,6,1
2026-09-06 13:26:48,Research Wing,Ground,AI Research Lab,Fans,0.204,0.204,13,6,1
2026-09-06 13:26:48,Research Wing,Ground,AI Research Lab,Server Units,5.038,5.038,13,6,1
2026-09-06 13:26:48,Research Wing,Ground,Server Room,AC,4.364,4.364,13,6,1
2026-09-06 13:26:48,Research Wing,Ground,Server Room,Computers,2.279,2.279,13,6,1
2026-09-06 13:26:48,Research Wing,Ground,Server Room,Lights,0.256,0.256,13,6,1
2026-09-06 13:26:48,Research Wing,Ground,Server Room,Fans,0.196,0.196,13,6,1
2026-09-06 13:26:48,Research Wing,Ground,Server Room,Server Units,4.506,4.506,13,6,1
2026-09-06 14:26:48,Main Block,Ground,Lab 101,AC,4.427,4.427,14,6,1
2026-09-06 14:26:48,Main Block,Ground,Lab 101,Computers,2.163,2.163,14,6,1
2026-09-06 14:26:48,Main Block,Ground,Lab 101,Lights,0.3,0.3,14,6,1
2026-09-06 14:26:48,Main Block,Ground,Lab 101,Fans,0.167,0.167,14,6,1
2026-09-06 14:26:48,Main Block,Ground,Lab 101,Server Units,4.289,4.289,14,6,1
2026-09-06 14:26:48,Main Block,First,Computer Lab 201,AC,3.982,3.982,14,6,1
2026-09-06 14:26:48,Main Block,First,Computer Lab 201,Computers,1.785,1.785,14,6,1
2026-09-06 14:26:48,Main Block,First,Computer Lab 201,Lights,0.296,0.296,14,6,1
2026-09-06 14:26:48,Main Block,First,Computer Lab 201,Fans,0.194,0.194,14,6,1
2026-09-06 14:26:48,Main Block,First,Computer Lab 201,Server Units,4.318,4.318,14,6,1
2026-09-06 14:26:48,Research Wing,Ground,AI Research Lab,AC,4.256,4.256,14,6,1
2026-09-06 14:26:48,Research Wing,Ground,AI Research Lab,Computers,2.186,2.186,14,6,1
2026-09-06 14:26:48,Research Wing,Ground,AI Research Lab,Lights,0.331,0.331,14,6,1
2026-09-06 14:26:48,Research Wing,Ground,AI Research Lab,Fans,0.205,0.205,14,6,1
2026-09-06 14:26:48,Research Wing,Ground,AI Research Lab,Server Units,5.039,5.039,14,6,1
2026-09-06 14:26:48,Research Wing,Ground,Server Room,AC,4.061,4.061,14,6,1
2026-09-06 14:26:48,Research Wing,Ground,Server Room,Computers,2.036,2.036,14,6,1
2026-09-06 14:26:48,Research Wing,Ground,Server Room,Lights,0.276,0.276,14,6,1
2026-09-06 14:26:48,Research Wing,Ground,Server Room,Fans,0.177,0.177,14,6,1
2026-09-06 14:26:48,Research Wing,Ground,Server Room,Server Units,4.31,4.31,14,6,1
2026-09-06 15:26:48,Main Block,Ground,Lab 101,AC,4.654,4.654,15,6,1
2026-09-06 15:26:48,Main Block,Ground,Lab 101,Computers,2.055,2.055,15,6,1
2026-09-06 15:26:48,Main Block,Ground,Lab 101,Lights,0.318,0.318,15,6,1
2026-09-06 15:26:48,Main Block,Ground,Lab 101,Fans,0.21,0.21,15,6,1
2026-09-06 15:26:48,Main Block,Ground,Lab 101,Server Units,3.823,3.823,15,6,1
2026-09-06 15:26:48,Main Block,First,Computer Lab 201,AC,5.002,5.002,15,6,1
2026-09-06 15:26:48,Main Block,First,Computer Lab 201,Computers,1.896,1.896,15,6,1
2026-09-06 15:26:48,Main Block,First,Computer Lab 201,Lights,0.279,0.279,15,6,1
2026-09-06 15:26:48,Main Block,First,Computer Lab 201,Fans,0.197,0.197,15,6,1
2026-09-06 15:26:48,Main Block,First,Computer Lab 201,Server Units,4.528,4.528,15,6,1
2026-09-06 15:26:48,Research Wing,Ground,AI Research Lab,AC,4.617,4.617,15,6,1
2026-09-06 15:26:48,Research Wing,Ground,AI Research Lab,Computers,2.207,2.207,15,6,1
2026-09-06 15:26:48,Research Wing,Ground,AI Research Lab,Lights,0.328,0.328,15,6,1
2026-09-06 15:26:48,Research Wing,Ground,AI Research Lab,Fans,0.183,0.183,15,6,1
2026-09-06 15:26:48,Research Wing,Ground,AI Research Lab,Server Units,3.852,3.852,15,6,1
2026-09-06 15:26:48,Research Wing,Ground,Server Room,AC,3.984,3.984,15,6,1
2026-09-06 15:26:48,Research Wing,Ground,Server Room,Computers,1.81,1.81,15,6,1
2026-09-06 15:26:48,Research Wing,Ground,Server Room,Lights,0.301,0.301,15,6,1
2026-09-06 15:26:48,Research Wing,Ground,Server Room,Fans,0.174,0.174,15,6,1
2026-09-06 15:26:48,Research Wing,Ground,Server Room,Server Units,3.985,3.985,15,6,1
2026-09-06 16:26:48,Main Block,Ground,Lab 101,AC,4.761,4.761,16,6,1
2026-09-06 16:26:48,Main Block,Ground,Lab 101,Computers,2.3,2.3,16,6,1
2026-09-06 16:26:48,Main Block,Ground,Lab 101,Lights,0.299,0.299,16,6,1
2026-09-06 16:26:48,Main Block,Ground,Lab 101,Fans,0.184,0.184,16,6,1
2026-09-06 16:26:48,Main Block,Ground,Lab 101,Server Units,3.811,3.811,16,6,1
2026-09-06 16:26:48,Main Block,First,Computer Lab 201,AC,3.838,3.838,16,6,1
2026-09-06 16:26:48,Main Block,First,Computer Lab 201,Computers,2.189,2.189,16,6,1
2026-09-06 16:26:48,Main Block,First,Computer Lab 201,Lights,0.3,0.3,16,6,1
2026-09-06 16:26:48,Main Block,First,Computer Lab 201,Fans,0.206,0.206,16,6,1
2026-09-06 16:26:48,Main Block,First,Computer Lab 201,Server Units,4.849,4.849,16,6,1
2026-09-06 16:26:48,Research Wing,Ground,AI Research Lab,AC,3.937,3.937,16,6,1
2026-09-06 16:26:48,Research Wing,Ground,AI Research Lab,Computers,2.157,2.157,16,6,1
2026-09-06 16:26:48,Research Wing,Ground,AI Research Lab,Lights,0.28,0.28,16,6,1
2026-09-06 16:26:48,Research Wing,Ground,AI Research Lab,Fans,0.176,0.176,16,6,1
2026-09-06 16:26:48,Research Wing,Ground,AI Research Lab,Server Units,4.72,4.72,16,6,1
2026-09-06 16:26:48,Research Wing,Ground,Server Room,AC,4.567,4.567,16,6,1
2026-09-06 16:26:48,Research Wing,Ground,Server Room,Computers,1.769,1.769,16,6,1
2026-09-06 16:26:48,Research Wing,Ground,Server Room,Lights,0.329,0.329,16,6,1
2026-09-06 16:26:48,Research Wing,Ground,Server Room,Fans,0.214,0.214,16,6,1
2026-09-06 16:26:48,Research Wing,Ground,Server Room,Server Units,4.689,4.689,16,6,1
2026-09-06 17:26:48,Main Block,Ground,Lab 101,AC,5.161,5.161,17,6,1
2026-09-06 17:26:48,Main Block,Ground,Lab 101,Computers,2.198,2.198,17,6,1
2026-09-06 17:26:48,Main Block,Ground,Lab 101,Lights,0.282,0.282,17,6,1
2026-09-06 17:26:48,Main Block,Ground,Lab 101,Fans,0.192,0.192,17,6,1
2026-09-06 17:26:48,Main Block,Ground,Lab 101,Server Units,4.818,4.818,17,6,1
2026-09-06 17:26:48,Main Block,First,Computer Lab 201,AC,5.167,5.167,17,6,1
2026-09-06 17:26:48,Main Block,First,Computer Lab 201,Computers,1.842,1.842,17,6,1
2026-09-06 17:26:48,Main Block,First,Computer Lab 201,Lights,0.308,0.308,17,6,1
2026-09-06 17:26:48,Main Block,First,Computer Lab 201,Fans,0.207,0.207,17,6,1
2026-09-06 17:26:48,Main Block,First,Computer Lab 201,Server Units,3.959,3.959,17,6,1
2026-09-06 17:26:48,Research Wing,Ground,AI Research Lab,AC,4.104,4.104,17,6,1
2026-09-06 17:26:48,Research Wing,Ground,AI Research Lab,Computers,1.736,1.736,17,6,1
2026-09-06 17:26:48,Research Wing,Ground,AI Research Lab,Lights,0.28,0.28,17,6,1
2026-09-06 17:26:48,Research Wing,Ground,AI Research Lab,Fans,0.185,0.185,17,6,1
2026-09-06 17:26:48,Research Wing,Ground,AI Research Lab,Server Units,4.122,4.122,17,6,1
2026-09-06 17:26:48,Research Wing,Ground,Server Room,AC,4.983,4.983,17,6,1
2026-09-06 17:26:48,Research Wing,Ground,Server Room,Computers,2.108,2.108,17,6,1
2026-09-06 17:26:48,Research Wing,Ground,Server Room,Lights,0.342,0.342,17,6,1
2026-09-06 17:26:48,Research Wing,Ground,Server Room,Fans,0.219,0.219,17,6,1
2026-09-06 17:26:48,Research Wing,Ground,Server Room,Server Units,4.885,4.885,17,6,1
2026-09-06 18:26:48,Main Block,Ground,Lab 101,AC,4.994,4.994,18,6,1
2026-09-06 18:26:48,Main Block,Ground,Lab 101,Computers,2.127,2.127,18,6,1
2026-09-06 18:26:48,Main Block,Ground,Lab 101,Lights,0.324,0.324,18,6,1
2026-09-06 18:26:48,Main Block,Ground,Lab 101,Fans,0.194,0.194,18,6,1
2026-09-06 18:26:48,Main Block,Ground,Lab 101,Server Units,4.095,4.095,18,6,1
2026-09-06 18:26:48,Main Block,First,Computer Lab 201,AC,4.435,4.435,18,6,1
2026-09-06 18:26:48,Main Block,First,Computer Lab 201,Computers,2.228,2.228,18,6,1
2026-09-06 18:26:48,Main Block,First,Computer Lab 201,Lights,0.301,0.301,18,6,1
2026-09-06 18:26:48,Main Block,First,Computer Lab 201,Fans,0.221,0.221,18,6,1
2026-09-06 18:26:48,Main Block,First,Computer Lab 201,Server Units,4.994,4.994,18,6,1
2026-09-06 18:26:48,Research Wing,Ground,AI Research Lab,AC,3.828,3.828,18,6,1
2026-09-06 18:26:48,Research Wing,Ground,AI Research Lab,Computers,2.14,2.14,18,6,1
2026-09-06 18:26:48,Research Wing,Ground,AI Research Lab,Lights,0.296,0.296,18,6,1
2026-09-06 18:26:48,Research Wing,Ground,AI Research Lab,Fans,0.187,0.187,18,6,1
2026-09-06 18:26:48,Research Wing,Ground,AI Research Lab,Server Units,4.445,4.445,18,6,1
2026-09-06 18:26:48,Research Wing,Ground,Server Room,AC,4.405,4.405,18,6,1
2026-09-06 18:26:48,Research Wing,Ground,Server Room,Computers,1.861,1.861,18,6,1
2026-09-06 18:26:48,Research Wing,Ground,Server Room,Lights,0.285,0.285,18,6,1
2026-09-06 18:26:48,Research Wing,Ground,Server Room,Fans,0.199,0.199,18,6,1
2026-09-06 18:26:48,Research Wing,Ground,Server Room,Server Units,4.194,4.194,18,6,1
2026-09-06 19:26:48,Main Block,Ground,Lab 101,AC,0.25,0.25,19,6,1
2026-09-06 19:26:48,Main Block,Ground,Lab 101,Computers,0.08,0.08,19,6,1
2026-09-06 19:26:48,Main Block,Ground,Lab 101,Lights,0.02,0.02,19,6,1
2026-09-06 19:26:48,Main Block,Ground,Lab 101,Fans,0.015,0.015,19,6,1
2026-09-06 19:26:48,Main Block,Ground,Lab 101,Server Units,3.904,3.904,19,6,1
2026-09-06 19:26:48,Main Block,First,Computer Lab 201,AC,0.25,0.25,19,6,1
2026-09-06 19:26:48,Main Block,First,Computer Lab 201,Computers,0.24,0.24,19,6,1
2026-09-06 19:26:48,Main Block,First,Computer Lab 201,Lights,0.02,0.02,19,6,1
2026-09-06 19:26:48,Main Block,First,Computer Lab 201,Fans,0.015,0.015,19,6,1
2026-09-06 19:26:48,Main Block,First,Computer Lab 201,Server Units,4.649,4.649,19,6,1
2026-09-06 19:26:48,Research Wing,Ground,AI Research Lab,AC,0.25,0.25,19,6,1
2026-09-06 19:26:48,Research Wing,Ground,AI Research Lab,Computers,0.08,0.08,19,6,1
2026-09-06 19:26:48,Research Wing,Ground,AI Research Lab,Lights,0.02,0.02,19,6,1
2026-09-06 19:26:48,Research Wing,Ground,AI Research Lab,Fans,0.015,0.015,19,6,1
2026-09-06 19:26:48,Research Wing,Ground,AI Research Lab,Server Units,4.604,4.604,19,6,1
2026-09-06 19:26:48,Research Wing,Ground,Server Room,AC,0.25,0.25,19,6,1
2026-09-06 19:26:48,Research Wing,Ground,Server Room,Computers,0.08,0.08,19,6,1
2026-09-06 19:26:48,Research Wing,Ground,Server Room,Lights,0.02,0.02,19,6,1
2026-09-06 19:26:48,Research Wing,Ground,Server Room,Fans,0.015,0.015,19,6,1
2026-09-06 19:26:48,Research Wing,Ground,Server Room,Server Units,4.143,4.143,19,6,1
2026-09-06 20:26:48,Main Block,Ground,Lab 101,AC,0.25,0.25,20,6,1
2026-09-06 20:26:48,Main Block,Ground,Lab 101,Computers,0.08,0.08,20,6,1
2026-09-06 20:26:48,Main Block,Ground,Lab 101,Lights,0.02,0.02,20,6,1
2026-09-06 20:26:48,Main Block,Ground,Lab 101,Fans,0.045,0.045,20,6,1
2026-09-06 20:26:48,Main Block,Ground,Lab 101,Server Units,4.369,4.369,20,6,1
2026-09-06 20:26:48,Main Block,First,Computer Lab 201,AC,0.25,0.25,20,6,1
2026-09-06 20:26:48,Main Block,First,Computer Lab 201,Computers,0.08,0.08,20,6,1
2026-09-06 20:26:48,Main Block,First,Computer Lab 201,Lights,0.06,0.06,20,6,1
2026-09-06 20:26:48,Main Block,First,Computer Lab 201,Fans,0.015,0.015,20,6,1
2026-09-06 20:26:48,Main Block,First,Computer Lab 201,Server Units,4.819,4.819,20,6,1
2026-09-06 20:26:48,Research Wing,Ground,AI Research Lab,AC,0.25,0.25,20,6,1
2026-09-06 20:26:48,Research Wing,Ground,AI Research Lab,Computers,0.08,0.08,20,6,1
2026-09-06 20:26:48,Research Wing,Ground,AI Research Lab,Lights,0.02,0.02,20,6,1
2026-09-06 20:26:48,Research Wing,Ground,AI Research Lab,Fans,0.015,0.015,20,6,1
2026-09-06 20:26:48,Research Wing,Ground,AI Research Lab,Server Units,4.705,4.705,20,6,1
2026-09-06 20:26:48,Research Wing,Ground,Server Room,AC,0.25,0.25,20,6,1
2026-09-06 20:26:48,Research Wing,Ground,Server Room,Computers,0.08,0.08,20,6,1
2026-09-06 20:26:48,Research Wing,Ground,Server Room,Lights,0.02,0.02,20,6,1
2026-09-06 20:26:48,Research Wing,Ground,Server Room,Fans,0.015,0.015,20,6,1
2026-09-06 20:26:48,Research Wing,Ground,Server Room,Server Units,4.734,4.734,20,6,1
2026-09-06 21:26:48,Main Block,Ground,Lab 101,AC,0.25,0.25,21,6,1
2026-09-06 21:26:48,Main Block,Ground,Lab 101,Computers,0.08,0.08,21,6,1
2026-09-06 21:26:48,Main Block,Ground,Lab 101,Lights,0.02,0.02,21,6,1
2026-09-06 21:26:48,Main Block,Ground,Lab 101,Fans,0.045,0.045,21,6,1
2026-09-06 21:26:48,Main Block,Ground,Lab 101,Server Units,4.598,4.598,21,6,1
2026-09-06 21:26:48,Main Block,First,Computer Lab 201,AC,0.25,0.25,21,6,1
2026-09-06 21:26:48,Main Block,First,Computer Lab 201,Computers,0.08,0.08,21,6,1
2026-09-06 21:26:48,Main Block,First,Computer Lab 201,Lights,0.02,0.02,21,6,1
2026-09-06 21:26:48,Main Block,First,Computer Lab 201,Fans,0.015,0.015,21,6,1
2026-09-06 21:26:48,Main Block,First,Computer Lab 201,Server Units,4.646,4.646,21,6,1
2026-09-06 21:26:48,Research Wing,Ground,AI Research Lab,AC,0.25,0.25,21,6,1
2026-09-06 21:26:48,Research Wing,Ground,AI Research Lab,Computers,0.08,0.08,21,6,1
2026-09-06 21:26:48,Research Wing,Ground,AI Research Lab,Lights,0.02,0.02,21,6,1
2026-09-06 21:26:48,Research Wing,Ground,AI Research Lab,Fans,0.015,0.015,21,6,1
2026-09-06 21:26:48,Research Wing,Ground,AI Research Lab,Server Units,4.247,4.247,21,6,1
2026-09-06 21:26:48,Research Wing,Ground,Server Room,AC,0.25,0.25,21,6,1
2026-09-06 21:26:48,Research Wing,Ground,Server Room,Computers,0.08,0.08,21,6,1
2026-09-06 21:26:48,Research Wing,Ground,Server Room,Lights,0.02,0.02,21,6,1
2026-09-06 21:26:48,Research Wing,Ground,Server Room,Fans,0.015,0.015,21,6,1
2026-09-06 21:26:48,Research Wing,Ground,Server Room,Server Units,4.47,4.47,21,6,1
2026-09-06 22:26:48,Main Block,Ground,Lab 101,AC,0.25,0.25,22,6,1
2026-09-06 22:26:48,Main Block,Ground,Lab 101,Computers,0.08,0.08,22,6,1
2026-09-06 22:26:48,Main Block,Ground,Lab 101,Lights,0.02,0.02,22,6,1
2026-09-06 22:26:48,Main Block,Ground,Lab 101,Fans,0.015,0.015,22,6,1
2026-09-06 22:26:48,Main Block,Ground,Lab 101,Server Units,4.609,4.609,22,6,1
2026-09-06 22:26:48,Main Block,First,Computer Lab 201,AC,0.25,0.25,22,6,1
2026-09-06 22:26:48,Main Block,First,Computer Lab 201,Computers,0.08,0.08,22,6,1
2026-09-06 22:26:48,Main Block,First,Computer Lab 201,Lights,0.02,0.02,22,6,1
2026-09-06 22:26:48,Main Block,First,Computer Lab 201,Fans,0.015,0.015,22,6,1
2026-09-06 22:26:48,Main Block,First,Computer Lab 201,Server Units,3.812,3.812,22,6,1
2026-09-06 22:26:48,Research Wing,Ground,AI Research Lab,AC,0.25,0.25,22,6,1
2026-09-06 22:26:48,Research Wing,Ground,AI Research Lab,Computers,0.08,0.08,22,6,1
2026-09-06 22:26:48,Research Wing,Ground,AI Research Lab,Lights,0.02,0.02,22,6,1
2026-09-06 22:26:48,Research Wing,Ground,AI Research Lab,Fans,0.015,0.015,22,6,1
2026-09-06 22:26:48,Research Wing,Ground,AI Research Lab,Server Units,4.524,4.524,22,6,1
2026-09-06 22:26:48,Research Wing,Ground,Server Room,AC,0.25,0.25,22,6,1
2026-09-06 22:26:48,Research Wing,Ground,Server Room,Computers,0.08,0.08,22,6,1
2026-09-06 22:26:48,Research Wing,Ground,Server Room,Lights,0.02,0.02,22,6,1
2026-09-06 22:26:48,Research Wing,Ground,Server Room,Fans,0.015,0.015,22,6,1
2026-09-06 22:26:48,Research Wing,Ground,Server Room,Server Units,4.876,4.876,22,6,1
2026-09-06 23:26:48,Main Block,Ground,Lab 101,AC,0.25,0.25,23,6,1
2026-09-06 23:26:48,Main Block,Ground,Lab 101,Computers,0.08,0.08,23,6,1
2026-09-06 23:26:48,Main Block,Ground,Lab 101,Lights,0.02,0.02,23,6,1
2026-09-06 23:26:48,Main Block,Ground,Lab 101,Fans,0.015,0.015,23,6,1
2026-09-06 23:26:48,Main Block,Ground,Lab 101,Server Units,14.271,14.271,23,6,1
2026-09-06 23:26:48,Main Block,First,Computer Lab 201,AC,0.25,0.25,23,6,1
2026-09-06 23:26:48,Main Block,First,Computer Lab 201,Computers,0.08,0.08,23,6,1
2026-09-06 23:26:48,Main Block,First,Computer Lab 201,Lights,0.02,0.02,23,6,1
2026-09-06 23:26:48,Main Block,First,Computer Lab 201,Fans,0.015,0.015,23,6,1
2026-09-06 23:26:48,Main Block,First,Computer Lab 201,Server Units,4.782,4.782,23,6,1
2026-09-06 23:26:48,Research Wing,Ground,AI Research Lab,AC,0.25,0.25,23,6,1
2026-09-06 23:26:48,Research Wing,Ground,AI Research Lab,Computers,0.08,0.08,23,6,1
2026-09-06 23:26:48,Research Wing,Ground,AI Research Lab,Lights,0.02,0.02,23,6,1
2026-09-06 23:26:48,Research Wing,Ground,AI Research Lab,Fans,0.015,0.015,23,6,1
2026-09-06 23:26:48,Research Wing,Ground,AI Research Lab,Server Units,3.849,3.849,23,6,1
2026-09-06 23:26:48,Research Wing,Ground,Server Room,AC,0.25,0.25,23,6,1
2026-09-06 23:26:48,Research Wing,Ground,Server Room,Computers,0.08,0.08,23,6,1
2026-09-06 23:26:48,Research Wing,Ground,Server Room,Lights,0.02,0.02,23,6,1
2026-09-06 23:26:48,Research Wing,Ground,Server Room,Fans,0.015,0.015,23,6,1
2026-09-06 23:26:48,Research Wing,Ground,Server Room,Server Units,4.008,4.008,23,6,1
2026-09-07 00:26:48,Main Block,Ground,Lab 101,AC,0.25,0.25,0,0,0
2026-09-07 00:26:48,Main Block,Ground,Lab 101,Computers,0.08,0.08,0,0,0
2026-09-07 00:26:48,Main Block,Ground,Lab 101,Lights,0.02,0.02,0,0,0
2026-09-07 00:26:48,Main Block,Ground,Lab 101,Fans,0.015,0.015,0,0,0
2026-09-07 00:26:48,Main Block,Ground,Lab 101,Server Units,4.639,4.639,0,0,0
2026-09-07 00:26:48,Main Block,First,Computer Lab 201,AC,0.25,0.25,0,0,0
2026-09-07 00:26:48,Main Block,First,Computer Lab 201,Computers,0.08,0.08,0,0,0
2026-09-07 00:26:48,Main Block,First,Computer Lab 201,Lights,0.02,0.02,0,0,0
2026-09-07 00:26:48,Main Block,First,Computer Lab 201,Fans,0.015,0.015,0,0,0
2026-09-07 00:26:48,Main Block,First,Computer Lab 201,Server Units,3.854,3.854,0,0,0
2026-09-07 00:26:48,Research Wing,Ground,AI Research Lab,AC,0.25,0.25,0,0,0
2026-09-07 00:26:48,Research Wing,Ground,AI Research Lab,Computers,0.08,0.08,0,0,0
2026-09-07 00:26:48,Research Wing,Ground,AI Research Lab,Lights,0.02,0.02,0,0,0
2026-09-07 00:26:48,Research Wing,Ground,AI Research Lab,Fans,0.015,0.015,0,0,0
2026-09-07 00:26:48,Research Wing,Ground,AI Research Lab,Server Units,4.718,4.718,0,0,0
2026-09-07 00:26:48,Research Wing,Ground,Server Room,AC,0.25,0.25,0,0,0
2026-09-07 00:26:48,Research Wing,Ground,Server Room,Computers,0.08,0.08,0,0,0
2026-09-07 00:26:48,Research Wing,Ground,Server Room,Lights,0.02,0.02,0,0,0
2026-09-07 00:26:48,Research Wing,Ground,Server Room,Fans,0.015,0.015,0,0,0
2026-09-07 00:26:48,Research Wing,Ground,Server Room,Server Units,4.43,4.43,0,0,0
2026-09-07 01:26:48,Main Block,Ground,Lab 101,AC,0.25,0.25,1,0,0
2026-09-07 01:26:48,Main Block,Ground,Lab 101,Computers,0.08,0.08,1,0,0
2026-09-07 01:26:48,Main Block,Ground,Lab 101,Lights,0.02,0.02,1,0,0
2026-09-07 01:26:48,Main Block,Ground,Lab 101,Fans,0.015,0.015,1,0,0
2026-09-07 01:26:48,Main Block,Ground,Lab 101,Server Units,4.095,4.095,1,0,0
2026-09-07 01:26:48,Main Block,First,Computer Lab 201,AC,0.25,0.25,1,0,0
2026-09-07 01:26:48,Main Block,First,Computer Lab 201,Computers,0.08,0.08,1,0,0
2026-09-07 01:26:48,Main Block,First,Computer Lab 201,Lights,0.02,0.02,1,0,0
2026-09-07 01:26:48,Main Block,First,Computer Lab 201,Fans,0.015,0.015,1,0,0
2026-09-07 01:26:48,Main Block,First,Computer Lab 201,Server Units,3.824,3.824,1,0,0
2026-09-07 01:26:48,Research Wing,Ground,AI Research Lab,AC,0.25,0.25,1,0,0
2026-09-07 01:26:48,Research Wing,Ground,AI Research Lab,Computers,0.08,0.08,1,0,0
2026-09-07 01:26:48,Research Wing,Ground,AI Research Lab,Lights,0.02,0.02,1,0,0
2026-09-07 01:26:48,Research Wing,Ground,AI Research Lab,Fans,0.015,0.015,1,0,0
2026-09-07 01:26:48,Research Wing,Ground,AI Research Lab,Server Units,4.399,4.399,1,0,0
2026-09-07 01:26:48,Research Wing,Ground,Server Room,AC,0.25,0.25,1,0,0
2026-09-07 01:26:48,Research Wing,Ground,Server Room,Computers,0.08,0.08,1,0,0
2026-09-07 01:26:48,Research Wing,Ground,Server Room,Lights,0.02,0.02,1,0,0
2026-09-07 01:26:48,Research Wing,Ground,Server Room,Fans,0.015,0.015,1,0,0
2026-09-07 01:26:48,Research Wing,Ground,Server Room,Server Units,4.694,4.694,1,0,0
2026-09-07 02:26:48,Main Block,Ground,Lab 101,AC,0.25,0.25,2,0,0
2026-09-07 02:26:48,Main Block,Ground,Lab 101,Computers,0.08,0.08,2,0,0
2026-09-07 02:26:48,Main Block,Ground,Lab 101,Lights,0.02,0.02,2,0,0
2026-09-07 02:26:48,Main Block,Ground,Lab 101,Fans,0.015,0.015,2,0,0
2026-09-07 02:26:48,Main Block,Ground,Lab 101,Server Units,4.363,4.363,2,0,0
2026-09-07 02:26:48,Main Block,First,Computer Lab 201,AC,0.25,0.25,2,0,0
2026-09-07 02:26:48,Main Block,First,Computer Lab 201,Computers,0.08,0.08,2,0,0
2026-09-07 02:26:48,Main Block,First,Computer Lab 201,Lights,0.02,0.02,2,0,0
2026-09-07 02:26:48,Main Block,First,Computer Lab 201,Fans,0.015,0.015,2,0,0
2026-09-07 02:26:48,Main Block,First,Computer Lab 201,Server Units,4.946,4.946,2,0,0
2026-09-07 02:26:48,Research Wing,Ground,AI Research Lab,AC,0.25,0.25,2,0,0
2026-09-07 02:26:48,Research Wing,Ground,AI Research Lab,Computers,0.08,0.08,2,0,0
2026-09-07 02:26:48,Research Wing,Ground,AI Research Lab,Lights,0.02,0.02,2,0,0
2026-09-07 02:26:48,Research Wing,Ground,AI Research Lab,Fans,0.015,0.015,2,0,0
2026-09-07 02:26:48,Research Wing,Ground,AI Research Lab,Server Units,4.098,4.098,2,0,0
2026-09-07 02:26:48,Research Wing,Ground,Server Room,AC,0.25,0.25,2,0,0
2026-09-07 02:26:48,Research Wing,Ground,Server Room,Computers,0.08,0.08,2,0,0
2026-09-07 02:26:48,Research Wing,Ground,Server Room,Lights,0.02,0.02,2,0,0
2026-09-07 02:26:48,Research Wing,Ground,Server Room,Fans,0.015,0.015,2,0,0
2026-09-07 02:26:48,Research Wing,Ground,Server Room,Server Units,4.802,4.802,2,0,0
2026-09-07 03:26:48,Main Block,Ground,Lab 101,AC,0.25,0.25,3,0,0
2026-09-07 03:26:48,Main Block,Ground,Lab 101,Computers,0.08,0.08,3,0,0
2026-09-07 03:26:48,Main Block,Ground,Lab 101,Lights,0.02,0.02,3,0,0
2026-09-07 03:26:48,Main Block,Ground,Lab 101,Fans,0.015,0.015,3,0,0
2026-09-07 03:26:48,Main Block,Ground,Lab 101,Server Units,4.855,4.855,3,0,0
2026-09-07 03:26:48,Main Block,First,Computer Lab 201,AC,0.25,0.25,3,0,0
2026-09-07 03:26:48,Main Block,First,Computer Lab 201,Computers,0.24,0.24,3,0,0
2026-09-07 03:26:48,Main Block,First,Computer Lab 201,Lights,0.02,0.02,3,0,0
2026-09-07 03:26:48,Main Block,First,Computer Lab 201,Fans,0.015,0.015,3,0,0
2026-09-07 03:26:48,Main Block,First,Computer Lab 201,Server Units,4.141,4.141,3,0,0
2026-09-07 03:26:48,Research Wing,Ground,AI Research Lab,AC,0.25,0.25,3,0,0
2026-09-07 03:26:48,Research Wing,Ground,AI Research Lab,Computers,0.08,0.08,3,0,0
2026-09-07 03:26:48,Research Wing,Ground,AI Research Lab,Lights,0.02,0.02,3,0,0
2026-09-07 03:26:48,Research Wing,Ground,AI Research Lab,Fans,0.015,0.015,3,0,0
2026-09-07 03:26:48,Research Wing,Ground,AI Research Lab,Server Units,3.998,3.998,3,0,0
2026-09-07 03:26:48,Research Wing,Ground,Server Room,AC,0.25,0.25,3,0,0
2026-09-07 03:26:48,Research Wing,Ground,Server Room,Computers,0.08,0.08,3,0,0
2026-09-07 03:26:48,Research Wing,Ground,Server Room,Lights,0.06,0.06,3,0,0
2026-09-07 03:26:48,Research Wing,Ground,Server Room,Fans,0.015,0.015,3,0,0
2026-09-07 03:26:48,Research Wing,Ground,Server Room,Server Units,4.048,4.048,3,0,0
2026-09-07 04:26:48,Main Block,Ground,Lab 101,AC,0.25,0.25,4,0,0
2026-09-07 04:26:48,Main Block,Ground,Lab 101,Computers,0.08,0.08,4,0,0
2026-09-07 04:26:48,Main Block,Ground,Lab 101,Lights,0.02,0.02,4,0,0
2026-09-07 04:26:48,Main Block,Ground,Lab 101,Fans,0.045,0.045,4,0,0
2026-09-07 04:26:48,Main Block,Ground,Lab 101,Server Units,4.608,4.608,4,0,0
2026-09-07 04:26:48,Main Block,First,Computer Lab 201,AC,0.25,0.25,4,0,0
2026-09-07 04:26:48,Main Block,First,Computer Lab 201,Computers,0.08,0.08,4,0,0
2026-09-07 04:26:48,Main Block,First,Computer Lab 201,Lights,0.02,0.02,4,0,0
2026-09-07 04:26:48,Main Block,First,Computer Lab 201,Fans,0.015,0.015,4,0,0
2026-09-07 04:26:48,Main Block,First,Computer Lab 201,Server Units,4.389,4.389,4,0,0
2026-09-07 04:26:48,Research Wing,Ground,AI Research Lab,AC,0.25,0.25,4,0,0
2026-09-07 04:26:48,Research Wing,Ground,AI Research Lab,Computers,0.08,0.08,4,0,0
2026-09-07 04:26:48,Research Wing,Ground,AI Research Lab,Lights,0.02,0.02,4,0,0
2026-09-07 04:26:48,Research Wing,Ground,AI Research Lab,Fans,0.015,0.015,4,0,0
2026-09-07 04:26:48,Research Wing,Ground,AI Research Lab,Server Units,4.924,4.924,4,0,0
2026-09-07 04:26:48,Research Wing,Ground,Server Room,AC,0.25,0.25,4,0,0
2026-09-07 04:26:48,Research Wing,Ground,Server Room,Computers,0.08,0.08,4,0,0
2026-09-07 04:26:48,Research Wing,Ground,Server Room,Lights,0.02,0.02,4,0,0
2026-09-07 04:26:48,Research Wing,Ground,Server Room,Fans,0.015,0.015,4,0,0
2026-09-07 04:26:48,Research Wing,Ground,Server Room,Server Units,3.866,3.866,4,0,0
2026-09-07 05:26:48,Main Block,Ground,Lab 101,AC,0.25,0.25,5,0,0
2026-09-07 05:26:48,Main Block,Ground,Lab 101,Computers,0.08,0.08,5,0,0
2026-09-07 05:26:48,Main Block,Ground,Lab 101,Lights,0.02,0.02,5,0,0
2026-09-07 05:26:48,Main Block,Ground,Lab 101,Fans,0.015,0.015,5,0,0
2026-09-07 05:26:48,Main Block,Ground,Lab 101,Server Units,5.013,5.013,5,0,0
2026-09-07 05:26:48,Main Block,First,Computer Lab 201,AC,0.25,0.25,5,0,0
2026-09-07 05:26:48,Main Block,First,Computer Lab 201,Computers,0.08,0.08,5,0,0
2026-09-07 05:26:48,Main Block,First,Computer Lab 201,Lights,0.02,0.02,5,0,0
2026-09-07 05:26:48,Main Block,First,Computer Lab 201,Fans,0.015,0.015,5,0,0
2026-09-07 05:26:48,Main Block,First,Computer Lab 201,Server Units,4.711,4.711,5,0,0
2026-09-07 05:26:48,Research Wing,Ground,AI Research Lab,AC,0.25,0.25,5,0,0
2026-09-07 05:26:48,Research Wing,Ground,AI Research Lab,Computers,0.08,0.08,5,0,0
2026-09-07 05:26:48,Research Wing,Ground,AI Research Lab,Lights,0.02,0.02,5,0,0
2026-09-07 05:26:48,Research Wing,Ground,AI Research Lab,Fans,0.015,0.015,5,0,0
2026-09-07 05:26:48,Research Wing,Ground,AI Research Lab,Server Units,4.512,4.512,5,0,0
2026-09-07 05:26:48,Research Wing,Ground,Server Room,AC,0.25,0.25,5,0,0
2026-09-07 05:26:48,Research Wing,Ground,Server Room,Computers,0.08,0.08,5,0,0
2026-09-07 05:26:48,Research Wing,Ground,Server Room,Lights,0.02,0.02,5,0,0
2026-09-07 05:26:48,Research Wing,Ground,Server Room,Fans,0.015,0.015,5,0,0
2026-09-07 05:26:48,Research Wing,Ground,Server Room,Server Units,5.013,5.013,5,0,0
2026-09-07 06:26:48,Main Block,Ground,Lab 101,AC,0.25,0.25,6,0,0
2026-09-07 06:26:48,Main Block,Ground,Lab 101,Computers,0.08,0.08,6,0,0
2026-09-07 06:26:48,Main Block,Ground,Lab 101,Lights,0.02,0.02,6,0,0
2026-09-07 06:26:48,Main Block,Ground,Lab 101,Fans,0.015,0.015,6,0,0
2026-09-07 06:26:48,Main Block,Ground,Lab 101,Server Units,4.646,4.646,6,0,0
2026-09-07 06:26:48,Main Block,First,Computer Lab 201,AC,0.25,0.25,6,0,0
2026-09-07 06:26:48,Main Block,First,Computer Lab 201,Computers,0.08,0.08,6,0,0
2026-09-07 06:26:48,Main Block,First,Computer Lab 201,Lights,0.02,0.02,6,0,0
2026-09-07 06:26:48,Main Block,First,Computer Lab 201,Fans,0.015,0.015,6,0,0
2026-09-07 06:26:48,Main Block,First,Computer Lab 201,Server Units,3.86,3.86,6,0,0
2026-09-07 06:26:48,Research Wing,Ground,AI Research Lab,AC,0.25,0.25,6,0,0
2026-09-07 06:26:48,Research Wing,Ground,AI Research Lab,Computers,0.08,0.08,6,0,0
2026-09-07 06:26:48,Research Wing,Ground,AI Research Lab,Lights,0.02,0.02,6,0,0
2026-09-07 06:26:48,Research Wing,Ground,AI Research Lab,Fans,0.015,0.015,6,0,0
2026-09-07 06:26:48,Research Wing,Ground,AI Research Lab,Server Units,5.048,5.048,6,0,0
2026-09-07 06:26:48,Research Wing,Ground,Server Room,AC,0.25,0.25,6,0,0
2026-09-07 06:26:48,Research Wing,Ground,Server Room,Computers,0.08,0.08,6,0,0
2026-09-07 06:26:48,Research Wing,Ground,Server Room,Lights,0.02,0.02,6,0,0
2026-09-07 06:26:48,Research Wing,Ground,Server Room,Fans,0.015,0.015,6,0,0
2026-09-07 06:26:48,Research Wing,Ground,Server Room,Server Units,4.35,4.35,6,0,0
2026-09-07 07:26:48,Main Block,Ground,Lab 101,AC,0.25,0.25,7,0,0
2026-09-07 07:26:48,Main Block,Ground,Lab 101,Computers,0.24,0.24,7,0,0
2026-09-07 07:26:48,Main Block,Ground,Lab 101,Lights,0.02,0.02,7,0,0
2026-09-07 07:26:48,Main Block,Ground,Lab 101,Fans,0.015,0.015,7,0,0
2026-09-07 07:26:48,Main Block,Ground,Lab 101,Server Units,3.913,3.913,7,0,0
2026-09-07 07:26:48,Main Block,First,Computer Lab 201,AC,0.25,0.25,7,0,0
2026-09-07 07:26:48,Main Block,First,Computer Lab 201,Computers,0.08,0.08,7,0,0
2026-09-07 07:26:48,Main Block,First,Computer Lab 201,Lights,0.02,0.02,7,0,0
2026-09-07 07:26:48,Main Block,First,Computer Lab 201,Fans,0.015,0.015,7,0,0
2026-09-07 07:26:48,Main Block,First,Computer Lab 201,Server Units,4.082,4.082,7,0,0
2026-09-07 07:26:48,Research Wing,Ground,AI Research Lab,AC,0.75,0.75,7,0,0
2026-09-07 07:26:48,Research Wing,Ground,AI Research Lab,Computers,0.08,0.08,7,0,0
2026-09-07 07:26:48,Research Wing,Ground,AI Research Lab,Lights,0.02,0.02,7,0,0
2026-09-07 07:26:48,Research Wing,Ground,AI Research Lab,Fans,0.015,0.015,7,0,0
2026-09-07 07:26:48,Research Wing,Ground,AI Research Lab,Server Units,3.91,3.91,7,0,0
2026-09-07 07:26:48,Research Wing,Ground,Server Room,AC,0.25,0.25,7,0,0
2026-09-07 07:26:48,Research Wing,Ground,Server Room,Computers,0.08,0.08,7,0,0
2026-09-07 07:26:48,Research Wing,Ground,Server Room,Lights,0.02,0.02,7,0,0
2026-09-07 07:26:48,Research Wing,Ground,Server Room,Fans,0.015,0.015,7,0,0
2026-09-07 07:26:48,Research Wing,Ground,Server Room,Server Units,3.962,3.962,7,0,0
2026-09-07 08:26:48,Main Block,Ground,Lab 101,AC,4.934,4.934,8,0,0
2026-09-07 08:26:48,Main Block,Ground,Lab 101,Computers,1.718,1.718,8,0,0
2026-09-07 08:26:48,Main Block,Ground,Lab 101,Lights,0.271,0.271,8,0,0
2026-09-07 08:26:48,Main Block,Ground,Lab 101,Fans,0.177,0.177,8,0,0
2026-09-07 08:26:48,Main Block,Ground,Lab 101,Server Units,4.906,4.906,8,0,0
2026-09-07 08:26:48,Main Block,First,Computer Lab 201,AC,4.661,4.661,8,0,0
2026-09-07 08:26:48,Main Block,First,Computer Lab 201,Computers,1.877,1.877,8,0,0
2026-09-07 08:26:48,Main Block,First,Computer Lab 201,Lights,0.305,0.305,8,0,0
2026-09-07 08:26:48,Main Block,First,Computer Lab 201,Fans,0.182,0.182,8,0,0
2026-09-07 08:26:48,Main Block,First,Computer Lab 201,Server Units,4.003,4.003,8,0,0
2026-09-07 08:26:48,Research Wing,Ground,AI Research Lab,AC,4.535,4.535,8,0,0
2026-09-07 08:26:48,Research Wing,Ground,AI Research Lab,Computers,2.181,2.181,8,0,0
2026-09-07 08:26:48,Research Wing,Ground,AI Research Lab,Lights,0.344,0.344,8,0,0
2026-09-07 08:26:48,Research Wing,Ground,AI Research Lab,Fans,0.187,0.187,8,0,0
2026-09-07 08:26:48,Research Wing,Ground,AI Research Lab,Server Units,4.38,4.38,8,0,0
2026-09-07 08:26:48,Research Wing,Ground,Server Room,AC,4.503,4.503,8,0,0
2026-09-07 08:26:48,Research Wing,Ground,Server Room,Computers,1.808,1.808,8,0,0
2026-09-07 08:26:48,Research Wing,Ground,Server Room,Lights,0.275,0.275,8,0,0
2026-09-07 08:26:48,Research Wing,Ground,Server Room,Fans,0.211,0.211,8,0,0
2026-09-07 08:26:48,Research Wing,Ground,Server Room,Server Units,5.049,5.049,8,0,0
2026-09-07 09:26:48,Main Block,Ground,Lab 101,AC,4.86,4.86,9,0,0
2026-09-07 09:26:48,Main Block,Ground,Lab 101,Computers,2.284,2.284,9,0,0
2026-09-07 09:26:48,Main Block,Ground,Lab 101,Lights,0.314,0.314,9,0,0
2026-09-07 09:26:48,Main Block,Ground,Lab 101,Fans,0.214,0.214,9,0,0
2026-09-07 09:26:48,Main Block,Ground,Lab 101,Server Units,3.814,3.814,9,0,0
2026-09-07 09:26:48,Main Block,First,Computer Lab 201,AC,4.121,4.121,9,0,0
2026-09-07 09:26:48,Main Block,First,Computer Lab 201,Computers,2.178,2.178,9,0,0
2026-09-07 09:26:48,Main Block,First,Computer Lab 201,Lights,0.331,0.331,9,0,0
2026-09-07 09:26:48,Main Block,First,Computer Lab 201,Fans,0.176,0.176,9,0,0
2026-09-07 09:26:48,Main Block,First,Computer Lab 201,Server Units,4.804,4.804,9,0,0
2026-09-07 09:26:48,Research Wing,Ground,AI Research Lab,AC,5.059,5.059,9,0,0
2026-09-07 09:26:48,Research Wing,Ground,AI Research Lab,Computers,2.12,2.12,9,0,0
2026-09-07 09:26:48,Research Wing,Ground,AI Research Lab,Lights,0.306,0.306,9,0,0
2026-09-07 09:26:48,Research Wing,Ground,AI Research Lab,Fans,0.177,0.177,9,0,0
2026-09-07 09:26:48,Research Wing,Ground,AI Research Lab,Server Units,4.904,4.904,9,0,0
2026-09-07 09:26:48,Research Wing,Ground,Server Room,AC,4.242,4.242,9,0,0
2026-09-07 09:26:48,Research Wing,Ground,Server Room,Computers,1.754,1.754,9,0,0
2026-09-07 09:26:48,Research Wing,Ground,Server Room,Lights,0.275,0.275,9,0,0
2026-09-07 09:26:48,Research Wing,Ground,Server Room,Fans,0.166,0.166,9,0,0
2026-09-07 09:26:48,Research Wing,Ground,Server Room,Server Units,4.006,4.006,9,0,0
2026-09-07 10:26:48,Main Block,Ground,Lab 101,AC,4.793,4.793,10,0,0
2026-09-07 10:26:48,Main Block,Ground,Lab 101,Computers,2.207,2.207,10,0,0
2026-09-07 10:26:48,Main Block,Ground,Lab 101,Lights,0.257,0.257,10,0,0
2026-09-07 10:26:48,Main Block,Ground,Lab 101,Fans,0.219,0.219,10,0,0
2026-09-07 10:26:48,Main Block,Ground,Lab 101,Server Units,4.857,4.857,10,0,0
2026-09-07 10:26:48,Main Block,First,Computer Lab 201,AC,5.122,5.122,10,0,0
2026-09-07 10:26:48,Main Block,First,Computer Lab 201,Computers,2.265,2.265,10,0,0
2026-09-07 10:26:48,Main Block,First,Computer Lab 201,Lights,0.264,0.264,10,0,0
2026-09-07 10:26:48,Main Block,First,Computer Lab 201,Fans,0.174,0.174,10,0,0
2026-09-07 10:26:48,Main Block,First,Computer Lab 201,Server Units,4.992,4.992,10,0,0
2026-09-07 10:26:48,Research Wing,Ground,AI Research Lab,AC,5.122,5.122,10,0,0
2026-09-07 10:26:48,Research Wing,Ground,AI Research Lab,Computers,1.805,1.805,10,0,0
2026-09-07 10:26:48,Research Wing,Ground,AI Research Lab,Lights,0.317,0.317,10,0,0
2026-09-07 10:26:48,Research Wing,Ground,AI Research Lab,Fans,0.212,0.212,10,0,0
2026-09-07 10:26:48,Research Wing,Ground,AI Research Lab,Server Units,4.517,4.517,10,0,0
2026-09-07 10:26:48,Research Wing,Ground,Server Room,AC,4.239,4.239,10,0,0
2026-09-07 10:26:48,Research Wing,Ground,Server Room,Computers,1.776,1.776,10,0,0
2026-09-07 10:26:48,Research Wing,Ground,Server Room,Lights,0.34,0.34,10,0,0
2026-09-07 10:26:48,Research Wing,Ground,Server Room,Fans,0.189,0.189,10,0,0
2026-09-07 10:26:48,Research Wing,Ground,Server Room,Server Units,5.014,5.014,10,0,0
2026-09-07 11:26:48,Main Block,Ground,Lab 101,AC,4.638,4.638,11,0,0
2026-09-07 11:26:48,Main Block,Ground,Lab 101,Computers,2.281,2.281,11,0,0
2026-09-07 11:26:48,Main Block,Ground,Lab 101,Lights,0.306,0.306,11,0,0
2026-09-07 11:26:48,Main Block,Ground,Lab 101,Fans,0.174,0.174,11,0,0
2026-09-07 11:26:48,Main Block,Ground,Lab 101,Server Units,4.054,4.054,11,0,0
2026-09-07 11:26:48,Main Block,First,Computer Lab 201,AC,4.052,4.052,11,0,0
2026-09-07 11:26:48,Main Block,First,Computer Lab 201,Computers,1.753,1.753,11,0,0
2026-09-07 11:26:48,Main Block,First,Computer Lab 201,Lights,0.313,0.313,11,0,0
2026-09-07 11:26:48,Main Block,First,Computer Lab 201,Fans,0.192,0.192,11,0,0
2026-09-07 11:26:48,Main Block,First,Computer Lab 201,Server Units,4.069,4.069,11,0,0
2026-09-07 11:26:48,Research Wing,Ground,AI Research Lab,AC,4.171,4.171,11,0,0
2026-09-07 11:26:48,Research Wing,Ground,AI Research Lab,Computers,1.701,1.701,11,0,0
2026-09-07 11:26:48,Research Wing,Ground,AI Research Lab,Lights,0.321,0.321,11,0,0
2026-09-07 11:26:48,Research Wing,Ground,AI Research Lab,Fans,0.217,0.217,11,0,0
2026-09-07 11:26:48,Research Wing,Ground,AI Research Lab,Server Units,4.24,4.24,11,0,0
2026-09-07 11:26:48,Research Wing,Ground,Server Room,AC,3.962,3.962,11,0,0
2026-09-07 11:26:48,Research Wing,Ground,Server Room,Computers,2.218,2.218,11,0,0
2026-09-07 11:26:48,Research Wing,Ground,Server Room,Lights,0.317,0.317,11,0,0
2026-09-07 11:26:48,Research Wing,Ground,Server Room,Fans,0.17,0.17,11,0,0
2026-09-07 11:26:48,Research Wing,Ground,Server Room,Server Units,4.129,4.129,11,0,0
2026-09-07 12:26:48,Main Block,Ground,Lab 101,AC,5.11,5.11,12,0,0
2026-09-07 12:26:48,Main Block,Ground,Lab 101,Computers,1.802,1.802,12,0,0
2026-09-07 12:26:48,Main Block,Ground,Lab 101,Lights,0.321,0.321,12,0,0
2026-09-07 12:26:48,Main Block,Ground,Lab 101,Fans,0.218,0.218,12,0,0
2026-09-07 12:26:48,Main Block,Ground,Lab 101,Server Units,4.524,4.524,12,0,0
2026-09-07 12:26:48,Main Block,First,Computer Lab 201,AC,4.477,4.477,12,0,0
2026-09-07 12:26:48,Main Block,First,Computer Lab 201,Computers,2.265,2.265,12,0,0
2026-09-07 12:26:48,Main Block,First,Computer Lab 201,Lights,0.335,0.335,12,0,0
2026-09-07 12:26:48,Main Block,First,Computer Lab 201,Fans,0.172,0.172,12,0,0
2026-09-07 12:26:48,Main Block,First,Computer Lab 201,Server Units,3.991,3.991,12,0,0
2026-09-07 12:26:48,Research Wing,Ground,AI Research Lab,AC,4.8,4.8,12,0,0
2026-09-07 12:26:48,Research Wing,Ground,AI Research Lab,Computers,1.859,1.859,12,0,0
2026-09-07 12:26:48,Research Wing,Ground,AI Research Lab,Lights,0.276,0.276,12,0,0
2026-09-07 12:26:48,Research Wing,Ground,AI Research Lab,Fans,0.199,0.199,12,0,0
2026-09-07 12:26:48,Research Wing,Ground,AI Research Lab,Server Units,3.943,3.943,12,0,0
2026-09-07 12:26:48,Research Wing,Ground,Server Room,AC,4.402,4.402,12,0,0
2026-09-07 12:26:48,Research Wing,Ground,Server Room,Computers,2.097,2.097,12,0,0
2026-09-07 12:26:48,Research Wing,Ground,Server Room,Lights,0.273,0.273,12,0,0
2026-09-07 12:26:48,Research Wing,Ground,Server Room,Fans,0.176,0.176,12,0,0
2026-09-07 12:26:48,Research Wing,Ground,Server Room,Server Units,3.848,3.848,12,0,0
2026-09-07 13:26:48,Main Block,Ground,Lab 101,AC,4.241,4.241,13,0,0
2026-09-07 13:26:48,Main Block,Ground,Lab 101,Computers,1.993,1.993,13,0,0
2026-09-07 13:26:48,Main Block,Ground,Lab 101,Lights,0.263,0.263,13,0,0
2026-09-07 13:26:48,Main Block,Ground,Lab 101,Fans,0.177,0.177,13,0,0
2026-09-07 13:26:48,Main Block,Ground,Lab 101,Server Units,4.228,4.228,13,0,0
2026-09-07 13:26:48,Main Block,First,Computer Lab 201,AC,4.18,4.18,13,0,0
2026-09-07 13:26:48,Main Block,First,Computer Lab 201,Computers,1.836,1.836,13,0,0
2026-09-07 13:26:48,Main Block,First,Computer Lab 201,Lights,0.261,0.261,13,0,0
2026-09-07 13:26:48,Main Block,First,Computer Lab 201,Fans,0.205,0.205,13,0,0
2026-09-07 13:26:48,Main Block,First,Computer Lab 201,Server Units,4.194,4.194,13,0,0
2026-09-07 13:26:48,Research Wing,Ground,AI Research Lab,AC,5.135,5.135,13,0,0
2026-09-07 13:26:48,Research Wing,Ground,AI Research Lab,Computers,2.032,2.032,13,0,0
2026-09-07 13:26:48,Research Wing,Ground,AI Research Lab,Lights,0.329,0.329,13,0,0
2026-09-07 13:26:48,Research Wing,Ground,AI Research Lab,Fans,0.197,0.197,13,0,0
2026-09-07 13:26:48,Research Wing,Ground,AI Research Lab,Server Units,4.367,4.367,13,0,0
2026-09-07 13:26:48,Research Wing,Ground,Server Room,AC,4.468,4.468,13,0,0
2026-09-07 13:26:48,Research Wing,Ground,Server Room,Computers,2.242,2.242,13,0,0
2026-09-07 13:26:48,Research Wing,Ground,Server Room,Lights,0.3,0.3,13,0,0
2026-09-07 13:26:48,Research Wing,Ground,Server Room,Fans,0.213,0.213,13,0,0
2026-09-07 13:26:48,Research Wing,Ground,Server Room,Server Units,4.559,4.559,13,0,0
2026-09-07 14:26:48,Main Block,Ground,Lab 101,AC,4.847,4.847,14,0,0
2026-09-07 14:26:48,Main Block,Ground,Lab 101,Computers,2.291,2.291,14,0,0
2026-09-07 14:26:48,Main Block,Ground,Lab 101,Lights,0.328,0.328,14,0,0
2026-09-07 14:26:48,Main Block,Ground,Lab 101,Fans,0.191,0.191,14,0,0
2026-09-07 14:26:48,Main Block,Ground,Lab 101,Server Units,4.315,4.315,14,0,0
2026-09-07 14:26:48,Main Block,First,Computer Lab 201,AC,4.672,4.672,14,0,0
2026-09-07 14:26:48,Main Block,First,Computer Lab 201,Computers,1.855,1.855,14,0,0
2026-09-07 14:26:48,Main Block,First,Computer Lab 201,Lights,0.337,0.337,14,0,0
2026-09-07 14:26:48,Main Block,First,Computer Lab 201,Fans,0.188,0.188,14,0,0
2026-09-07 14:26:48,Main Block,First,Computer Lab 201,Server Units,4.17,4.17,14,0,0
2026-09-07 14:26:48,Research Wing,Ground,AI Research Lab,AC,4.444,4.444,14,0,0
2026-09-07 14:26:48,Research Wing,Ground,AI Research Lab,Computers,2.172,2.172,14,0,0
2026-09-07 14:26:48,Research Wing,Ground,AI Research Lab,Lights,0.302,0.302,14,0,0
2026-09-07 14:26:48,Research Wing,Ground,AI Research Lab,Fans,0.19,0.19,14,0,0
2026-09-07 14:26:48,Research Wing,Ground,AI Research Lab,Server Units,4.516,4.516,14,0,0
2026-09-07 14:26:48,Research Wing,Ground,Server Room,AC,5.094,5.094,14,0,0
2026-09-07 14:26:48,Research Wing,Ground,Server Room,Computers,2.038,2.038,14,0,0
2026-09-07 14:26:48,Research Wing,Ground,Server Room,Lights,0.281,0.281,14,0,0
2026-09-07 14:26:48,Research Wing,Ground,Server Room,Fans,0.186,0.186,14,0,0
2026-09-07 14:26:48,Research Wing,Ground,Server Room,Server Units,4.246,4.246,14,0,0
2026-09-07 15:26:48,Main Block,Ground,Lab 101,AC,4.647,4.647,15,0,0
2026-09-07 15:26:48,Main Block,Ground,Lab 101,Computers,1.865,1.865,15,0,0
2026-09-07 15:26:48,Main Block,Ground,Lab 101,Lights,0.31,0.31,15,0,0
2026-09-07 15:26:48,Main Block,Ground,Lab 101,Fans,0.168,0.168,15,0,0
2026-09-07 15:26:48,Main Block,Ground,Lab 101,Server Units,4.178,4.178,15,0,0
2026-09-07 15:26:48,Main Block,First,Computer Lab 201,AC,4.832,4.832,15,0,0
2026-09-07 15:26:48,Main Block,First,Computer Lab 201,Computers,6.715,6.715,15,0,0
2026-09-07 15:26:48,Main Block,First,Computer Lab 201,Lights,0.329,0.329,15,0,0
2026-09-07 15:26:48,Main Block,First,Computer Lab 201,Fans,0.182,0.182,15,0,0
2026-09-07 15:26:48,Main Block,First,Computer Lab 201,Server Units,4.659,4.659,15,0,0
2026-09-07 15:26:48,Research Wing,Ground,AI Research Lab,AC,4.998,4.998,15,0,0
2026-09-07 15:26:48,Research Wing,Ground,AI Research Lab,Computers,2.285,2.285,15,0,0
2026-09-07 15:26:48,Research Wing,Ground,AI Research Lab,Lights,0.329,0.329,15,0,0
2026-09-07 15:26:48,Research Wing,Ground,AI Research Lab,Fans,0.19,0.19,15,0,0
2026-09-07 15:26:48,Research Wing,Ground,AI Research Lab,Server Units,3.988,3.988,15,0,0
2026-09-07 15:26:48,Research Wing,Ground,Server Room,AC,4.937,4.937,15,0,0
2026-09-07 15:26:48,Research Wing,Ground,Server Room,Computers,2.156,2.156,15,0,0
2026-09-07 15:26:48,Research Wing,Ground,Server Room,Lights,0.329,0.329,15,0,0
2026-09-07 15:26:48,Research Wing,Ground,Server Room,Fans,0.175,0.175,15,0,0
2026-09-07 15:26:48,Research Wing,Ground,Server Room,Server Units,4.409,4.409,15,0,0
2026-09-07 16:26:48,Main Block,Ground,Lab 101,AC,4.974,4.974,16,0,0
2026-09-07 16:26:48,Main Block,Ground,Lab 101,Computers,1.717,1.717,16,0,0
2026-09-07 16:26:48,Main Block,Ground,Lab 101,Lights,0.33,0.33,16,0,0
2026-09-07 16:26:48,Main Block,Ground,Lab 101,Fans,0.18,0.18,16,0,0
2026-09-07 16:26:48,Main Block,Ground,Lab 101,Server Units,4.952,4.952,16,0,0
2026-09-07 16:26:48,Main Block,First,Computer Lab 201,AC,4.195,4.195,16,0,0
2026-09-07 16:26:48,Main Block,First,Computer Lab 201,Computers,2.003,2.003,16,0,0
2026-09-07 16:26:48,Main Block,First,Computer Lab 201,Lights,0.266,0.266,16,0,0
2026-09-07 16:26:48,Main Block,First,Computer Lab 201,Fans,0.188,0.188,16,0,0
2026-09-07 16:26:48,Main Block,First,Computer Lab 201,Server Units,3.974,3.974,16,0,0
2026-09-07 16:26:48,Research Wing,Ground,AI Research Lab,AC,4.617,4.617,16,0,0
2026-09-07 16:26:48,Research Wing,Ground,AI Research Lab,Computers,1.798,1.798,16,0,0
2026-09-07 16:26:48,Research Wing,Ground,AI Research Lab,Lights,0.322,0.322,16,0,0
2026-09-07 16:26:48,Research Wing,Ground,AI Research Lab,Fans,0.182,0.182,16,0,0
2026-09-07 16:26:48,Research Wing,Ground,AI Research Lab,Server Units,3.955,3.955,16,0,0
2026-09-07 16:26:48,Research Wing,Ground,Server Room,AC,5.128,5.128,16,0,0
2026-09-07 16:26:48,Research Wing,Ground,Server Room,Computers,2.088,2.088,16,0,0
2026-09-07 16:26:48,Research Wing,Ground,Server Room,Lights,0.279,0.279,16,0,0
2026-09-07 16:26:48,Research Wing,Ground,Server Room,Fans,0.167,0.167,16,0,0
2026-09-07 16:26:48,Research Wing,Ground,Server Room,Server Units,14.26,14.26,16,0,0
2026-09-07 17:26:48,Main Block,Ground,Lab 101,AC,5.056,5.056,17,0,0
2026-09-07 17:26:48,Main Block,Ground,Lab 101,Computers,6.182,6.182,17,0,0
2026-09-07 17:26:48,Main Block,Ground,Lab 101,Lights,0.278,0.278,17,0,0
2026-09-07 17:26:48,Main Block,Ground,Lab 101,Fans,0.184,0.184,17,0,0
2026-09-07 17:26:48,Main Block,Ground,Lab 101,Server Units,4.588,4.588,17,0,0
2026-09-07 17:26:48,Main Block,First,Computer Lab 201,AC,4.333,4.333,17,0,0
2026-09-07 17:26:48,Main Block,First,Computer Lab 201,Computers,1.851,1.851,17,0,0
2026-09-07 17:26:48,Main Block,First,Computer Lab 201,Lights,0.316,0.316,17,0,0
2026-09-07 17:26:48,Main Block,First,Computer Lab 201,Fans,0.189,0.189,17,0,0
2026-09-07 17:26:48,Main Block,First,Computer Lab 201,Server Units,4.415,4.415,17,0,0
2026-09-07 17:26:48,Research Wing,Ground,AI Research Lab,AC,4.963,4.963,17,0,0
2026-09-07 17:26:48,Research Wing,Ground,AI Research Lab,Computers,2.088,2.088,17,0,0
2026-09-07 17:26:48,Research Wing,Ground,AI Research Lab,Lights,0.282,0.282,17,0,0
2026-09-07 17:26:48,Research Wing,Ground,AI Research Lab,Fans,0.169,0.169,17,0,0
2026-09-07 17:26:48,Research Wing,Ground,AI Research Lab,Server Units,4.586,4.586,17,0,0
2026-09-07 17:26:48,Research Wing,Ground,Server Room,AC,4.178,4.178,17,0,0
2026-09-07 17:26:48,Research Wing,Ground,Server Room,Computers,2.235,2.235,17,0,0
2026-09-07 17:26:48,Research Wing,Ground,Server Room,Lights,0.268,0.268,17,0,0
2026-09-07 17:26:48,Research Wing,Ground,Server Room,Fans,0.218,0.218,17,0,0
2026-09-07 17:26:48,Research Wing,Ground,Server Room,Server Units,4.799,4.799,17,0,0
2026-09-07 18:26:48,Main Block,Ground,Lab 101,AC,4.717,4.717,18,0,0
2026-09-07 18:26:48,Main Block,Ground,Lab 101,Computers,2.133,2.133,18,0,0
2026-09-07 18:26:48,Main Block,Ground,Lab 101,Lights,0.345,0.345,18,0,0
2026-09-07 18:26:48,Main Block,Ground,Lab 101,Fans,0.19,0.19,18,0,0
2026-09-07 18:26:48,Main Block,Ground,Lab 101,Server Units,3.787,3.787,18,0,0
2026-09-07 18:26:48,Main Block,First,Computer Lab 201,AC,4.597,4.597,18,0,0
2026-09-07 18:26:48,Main Block,First,Computer Lab 201,Computers,2.136,2.136,18,0,0
2026-09-07 18:26:48,Main Block,First,Computer Lab 201,Lights,0.303,0.303,18,0,0
2026-09-07 18:26:48,Main Block,First,Computer Lab 201,Fans,0.219,0.219,18,0,0
2026-09-07 18:26:48,Main Block,First,Computer Lab 201,Server Units,4.41,4.41,18,0,0
2026-09-07 18:26:48,Research Wing,Ground,AI Research Lab,AC,4.96,4.96,18,0,0
2026-09-07 18:26:48,Research Wing,Ground,AI Research Lab,Computers,1.809,1.809,18,0,0
2026-09-07 18:26:48,Research Wing,Ground,AI Research Lab,Lights,0.267,0.267,18,0,0
2026-09-07 18:26:48,Research Wing,Ground,AI Research Lab,Fans,0.213,0.213,18,0,0
2026-09-07 18:26:48,Research Wing,Ground,AI Research Lab,Server Units,3.982,3.982,18,0,0
2026-09-07 18:26:48,Research Wing,Ground,Server Room,AC,4.278,4.278,18,0,0
2026-09-07 18:26:48,Research Wing,Ground,Server Room,Computers,1.913,1.913,18,0,0
2026-09-07 18:26:48,Research Wing,Ground,Server Room,Lights,0.283,0.283,18,0,0
2026-09-07 18:26:48,Research Wing,Ground,Server Room,Fans,0.185,0.185,18,0,0
2026-09-07 18:26:48,Research Wing,Ground,Server Room,Server Units,4.128,4.128,18,0,0
2026-09-07 19:26:48,Main Block,Ground,Lab 101,AC,0.25,0.25,19,0,0
2026-09-07 19:26:48,Main Block,Ground,Lab 101,Computers,0.08,0.08,19,0,0
2026-09-07 19:26:48,Main Block,Ground,Lab 101,Lights,0.02,0.02,19,0,0
2026-09-07 19:26:48,Main Block,Ground,Lab 101,Fans,0.015,0.015,19,0,0
2026-09-07 19:26:48,Main Block,Ground,Lab 101,Server Units,3.834,3.834,19,0,0
2026-09-07 19:26:48,Main Block,First,Computer Lab 201,AC,0.25,0.25,19,0,0
2026-09-07 19:26:48,Main Block,First,Computer Lab 201,Computers,0.08,0.08,19,0,0
2026-09-07 19:26:48,Main Block,First,Computer Lab 201,Lights,0.02,0.02,19,0,0
2026-09-07 19:26:48,Main Block,First,Computer Lab 201,Fans,0.015,0.015,19,0,0
2026-09-07 19:26:48,Main Block,First,Computer Lab 201,Server Units,3.811,3.811,19,0,0
2026-09-07 19:26:48,Research Wing,Ground,AI Research Lab,AC,0.25,0.25,19,0,0
2026-09-07 19:26:48,Research Wing,Ground,AI Research Lab,Computers,0.08,0.08,19,0,0
2026-09-07 19:26:48,Research Wing,Ground,AI Research Lab,Lights,0.02,0.02,19,0,0
2026-09-07 19:26:48,Research Wing,Ground,AI Research Lab,Fans,0.015,0.015,19,0,0
2026-09-07 19:26:48,Research Wing,Ground,AI Research Lab,Server Units,4.937,4.937,19,0,0
2026-09-07 19:26:48,Research Wing,Ground,Server Room,AC,0.25,0.25,19,0,0
2026-09-07 19:26:48,Research Wing,Ground,Server Room,Computers,0.08,0.08,19,0,0
2026-09-07 19:26:48,Research Wing,Ground,Server Room,Lights,0.02,0.02,19,0,0
2026-09-07 19:26:48,Research Wing,Ground,Server Room,Fans,0.015,0.015,19,0,0
2026-09-07 19:26:48,Research Wing,Ground,Server Room,Server Units,4.573,4.573,19,0,0
2026-09-07 20:26:48,Main Block,Ground,Lab 101,AC,0.25,0.25,20,0,0
2026-09-07 20:26:48,Main Block,Ground,Lab 101,Computers,0.24,0.24,20,0,0
2026-09-07 20:26:48,Main Block,Ground,Lab 101,Lights,0.02,0.02,20,0,0
2026-09-07 20:26:48,Main Block,Ground,Lab 101,Fans,0.015,0.015,20,0,0
2026-09-07 20:26:48,Main Block,Ground,Lab 101,Server Units,3.963,3.963,20,0,0
2026-09-07 20:26:48,Main Block,First,Computer Lab 201,AC,0.25,0.25,20,0,0
2026-09-07 20:26:48,Main Block,First,Computer Lab 201,Computers,0.08,0.08,20,0,0
2026-09-07 20:26:48,Main Block,First,Computer Lab 201,Lights,0.02,0.02,20,0,0
2026-09-07 20:26:48,Main Block,First,Computer Lab 201,Fans,0.015,0.015,20,0,0
2026-09-07 20:26:48,Main Block,First,Computer Lab 201,Server Units,4.576,4.576,20,0,0
2026-09-07 20:26:48,Research Wing,Ground,AI Research Lab,AC,0.25,0.25,20,0,0
2026-09-07 20:26:48,Research Wing,Ground,AI Research Lab,Computers,0.08,0.08,20,0,0
2026-09-07 20:26:48,Research Wing,Ground,AI Research Lab,Lights,0.02,0.02,20,0,0
2026-09-07 20:26:48,Research Wing,Ground,AI Research Lab,Fans,0.015,0.015,20,0,0
2026-09-07 20:26:48,Research Wing,Ground,AI Research Lab,Server Units,12.697,12.697,20,0,0
2026-09-07 20:26:48,Research Wing,Ground,Server Room,AC,0.25,0.25,20,0,0
2026-09-07 20:26:48,Research Wing,Ground,Server Room,Computers,0.08,0.08,20,0,0
2026-09-07 20:26:48,Research Wing,Ground,Server Room,Lights,0.02,0.02,20,0,0
2026-09-07 20:26:48,Research Wing,Ground,Server Room,Fans,0.015,0.015,20,0,0
2026-09-07 20:26:48,Research Wing,Ground,Server Room,Server Units,4.567,4.567,20,0,0
2026-09-07 21:26:48,Main Block,Ground,Lab 101,AC,0.25,0.25,21,0,0
2026-09-07 21:26:48,Main Block,Ground,Lab 101,Computers,0.08,0.08,21,0,0
2026-09-07 21:26:48,Main Block,Ground,Lab 101,Lights,0.02,0.02,21,0,0
2026-09-07 21:26:48,Main Block,Ground,Lab 101,Fans,0.015,0.015,21,0,0
2026-09-07 21:26:48,Main Block,Ground,Lab 101,Server Units,4.517,4.517,21,0,0
2026-09-07 21:26:48,Main Block,First,Computer Lab 201,AC,0.25,0.25,21,0,0
2026-09-07 21:26:48,Main Block,First,Computer Lab 201,Computers,0.08,0.08,21,0,0
2026-09-07 21:26:48,Main Block,First,Computer Lab 201,Lights,0.02,0.02,21,0,0
2026-09-07 21:26:48,Main Block,First,Computer Lab 201,Fans,0.015,0.015,21,0,0
2026-09-07 21:26:48,Main Block,First,Computer Lab 201,Server Units,4.527,4.527,21,0,0
2026-09-07 21:26:48,Research Wing,Ground,AI Research Lab,AC,0.25,0.25,21,0,0
2026-09-07 21:26:48,Research Wing,Ground,AI Research Lab,Computers,0.08,0.08,21,0,0
2026-09-07 21:26:48,Research Wing,Ground,AI Research Lab,Lights,0.02,0.02,21,0,0
2026-09-07 21:26:48,Research Wing,Ground,AI Research Lab,Fans,0.015,0.015,21,0,0
2026-09-07 21:26:48,Research Wing,Ground,AI Research Lab,Server Units,4.214,4.214,21,0,0
2026-09-07 21:26:48,Research Wing,Ground,Server Room,AC,0.25,0.25,21,0,0
2026-09-07 21:26:48,Research Wing,Ground,Server Room,Computers,0.08,0.08,21,0,0
2026-09-07 21:26:48,Research Wing,Ground,Server Room,Lights,0.02,0.02,21,0,0
2026-09-07 21:26:48,Research Wing,Ground,Server Room,Fans,0.015,0.015,21,0,0
2026-09-07 21:26:48,Research Wing,Ground,Server Room,Server Units,4.7,4.7,21,0,0
2026-09-07 22:26:48,Main Block,Ground,Lab 101,AC,0.25,0.25,22,0,0
2026-09-07 22:26:48,Main Block,Ground,Lab 101,Computers,0.08,0.08,22,0,0
2026-09-07 22:26:48,Main Block,Ground,Lab 101,Lights,0.02,0.02,22,0,0
2026-09-07 22:26:48,Main Block,Ground,Lab 101,Fans,0.015,0.015,22,0,0
2026-09-07 22:26:48,Main Block,Ground,Lab 101,Server Units,4.599,4.599,22,0,0
2026-09-07 22:26:48,Main Block,First,Computer Lab 201,AC,0.25,0.25,22,0,0
2026-09-07 22:26:48,Main Block,First,Computer Lab 201,Computers,0.08,0.08,22,0,0
2026-09-07 22:26:48,Main Block,First,Computer Lab 201,Lights,0.02,0.02,22,0,0
2026-09-07 22:26:48,Main Block,First,Computer Lab 201,Fans,0.015,0.015,22,0,0
2026-09-07 22:26:48,Main Block,First,Computer Lab 201,Server Units,5.053,5.053,22,0,0
2026-09-07 22:26:48,Research Wing,Ground,AI Research Lab,AC,0.25,0.25,22,0,0
2026-09-07 22:26:48,Research Wing,Ground,AI Research Lab,Computers,0.24,0.24,22,0,0
2026-09-07 22:26:48,Research Wing,Ground,AI Research Lab,Lights,0.02,0.02,22,0,0
2026-09-07 22:26:48,Research Wing,Ground,AI Research Lab,Fans,0.015,0.015,22,0,0
2026-09-07 22:26:48,Research Wing,Ground,AI Research Lab,Server Units,4.242,4.242,22,0,0
2026-09-07 22:26:48,Research Wing,Ground,Server Room,AC,0.25,0.25,22,0,0
2026-09-07 22:26:48,Research Wing,Ground,Server Room,Computers,0.08,0.08,22,0,0
2026-09-07 22:26:48,Research Wing,Ground,Server Room,Lights,0.02,0.02,22,0,0
2026-09-07 22:26:48,Research Wing,Ground,Server Room,Fans,0.015,0.015,22,0,0
2026-09-07 22:26:48,Research Wing,Ground,Server Room,Server Units,4.137,4.137,22,0,0
2026-09-07 23:26:48,Main Block,Ground,Lab 101,AC,0.25,0.25,23,0,0
2026-09-07 23:26:48,Main Block,Ground,Lab 101,Computers,0.08,0.08,23,0,0
2026-09-07 23:26:48,Main Block,Ground,Lab 101,Lights,0.02,0.02,23,0,0
2026-09-07 23:26:48,Main Block,Ground,Lab 101,Fans,0.015,0.015,23,0,0
2026-09-07 23:26:48,Main Block,Ground,Lab 101,Server Units,4.836,4.836,23,0,0
2026-09-07 23:26:48,Main Block,First,Computer Lab 201,AC,0.25,0.25,23,0,0
2026-09-07 23:26:48,Main Block,First,Computer Lab 201,Computers,0.08,0.08,23,0,0
2026-09-07 23:26:48,Main Block,First,Computer Lab 201,Lights,0.02,0.02,23,0,0
2026-09-07 23:26:48,Main Block,First,Computer Lab 201,Fans,0.015,0.015,23,0,0
2026-09-07 23:26:48,Main Block,First,Computer Lab 201,Server Units,4.002,4.002,23,0,0
2026-09-07 23:26:48,Research Wing,Ground,AI Research Lab,AC,0.25,0.25,23,0,0
2026-09-07 23:26:48,Research Wing,Ground,AI Research Lab,Computers,0.08,0.08,23,0,0
2026-09-07 23:26:48,Research Wing,Ground,AI Research Lab,Lights,0.02,0.02,23,0,0
2026-09-07 23:26:48,Research Wing,Ground,AI Research Lab,Fans,0.015,0.015,23,0,0
2026-09-07 23:26:48,Research Wing,Ground,AI Research Lab,Server Units,4.13,4.13,23,0,0
2026-09-07 23:26:48,Research Wing,Ground,Server Room,AC,0.25,0.25,23,0,0
2026-09-07 23:26:48,Research Wing,Ground,Server Room,Computers,0.08,0.08,23,0,0
2026-09-07 23:26:48,Research Wing,Ground,Server Room,Lights,0.02,0.02,23,0,0
2026-09-07 23:26:48,Research Wing,Ground,Server Room,Fans,0.015,0.015,23,0,0
2026-09-07 23:26:48,Research Wing,Ground,Server Room,Server Units,3.744,3.744,23,0,0
2026-09-08 00:26:48,Main Block,Ground,Lab 101,AC,0.25,0.25,0,1,0
2026-09-08 00:26:48,Main Block,Ground,Lab 101,Computers,0.08,0.08,0,1,0
2026-09-08 00:26:48,Main Block,Ground,Lab 101,Lights,0.02,0.02,0,1,0
2026-09-08 00:26:48,Main Block,Ground,Lab 101,Fans,0.015,0.015,0,1,0
2026-09-08 00:26:48,Main Block,Ground,Lab 101,Server Units,3.859,3.859,0,1,0
2026-09-08 00:26:48,Main Block,First,Computer Lab 201,AC,0.25,0.25,0,1,0
2026-09-08 00:26:48,Main Block,First,Computer Lab 201,Computers,0.08,0.08,0,1,0
2026-09-08 00:26:48,Main Block,First,Computer Lab 201,Lights,0.02,0.02,0,1,0
2026-09-08 00:26:48,Main Block,First,Computer Lab 201,Fans,0.015,0.015,0,1,0
2026-09-08 00:26:48,Main Block,First,Computer Lab 201,Server Units,5.045,5.045,0,1,0
2026-09-08 00:26:48,Research Wing,Ground,AI Research Lab,AC,0.25,0.25,0,1,0
2026-09-08 00:26:48,Research Wing,Ground,AI Research Lab,Computers,0.08,0.08,0,1,0
2026-09-08 00:26:48,Research Wing,Ground,AI Research Lab,Lights,0.02,0.02,0,1,0
2026-09-08 00:26:48,Research Wing,Ground,AI Research Lab,Fans,0.015,0.015,0,1,0
2026-09-08 00:26:48,Research Wing,Ground,AI Research Lab,Server Units,4.124,4.124,0,1,0
2026-09-08 00:26:48,Research Wing,Ground,Server Room,AC,0.25,0.25,0,1,0
2026-09-08 00:26:48,Research Wing,Ground,Server Room,Computers,0.08,0.08,0,1,0
2026-09-08 00:26:48,Research Wing,Ground,Server Room,Lights,0.02,0.02,0,1,0
2026-09-08 00:26:48,Research Wing,Ground,Server Room,Fans,0.015,0.015,0,1,0
2026-09-08 00:26:48,Research Wing,Ground,Server Room,Server Units,3.801,3.801,0,1,0
2026-09-08 01:26:48,Main Block,Ground,Lab 101,AC,0.25,0.25,1,1,0
2026-09-08 01:26:48,Main Block,Ground,Lab 101,Computers,0.08,0.08,1,1,0
2026-09-08 01:26:48,Main Block,Ground,Lab 101,Lights,0.02,0.02,1,1,0
2026-09-08 01:26:48,Main Block,Ground,Lab 101,Fans,0.015,0.015,1,1,0
2026-09-08 01:26:48,Main Block,Ground,Lab 101,Server Units,4.561,4.561,1,1,0
2026-09-08 01:26:48,Main Block,First,Computer Lab 201,AC,0.25,0.25,1,1,0
2026-09-08 01:26:48,Main Block,First,Computer Lab 201,Computers,0.08,0.08,1,1,0
2026-09-08 01:26:48,Main Block,First,Computer Lab 201,Lights,0.02,0.02,1,1,0
2026-09-08 01:26:48,Main Block,First,Computer Lab 201,Fans,0.015,0.015,1,1,0
2026-09-08 01:26:48,Main Block,First,Computer Lab 201,Server Units,5.01,5.01,1,1,0
2026-09-08 01:26:48,Research Wing,Ground,AI Research Lab,AC,0.25,0.25,1,1,0
2026-09-08 01:26:48,Research Wing,Ground,AI Research Lab,Computers,0.08,0.08,1,1,0
2026-09-08 01:26:48,Research Wing,Ground,AI Research Lab,Lights,0.02,0.02,1,1,0
2026-09-08 01:26:48,Research Wing,Ground,AI Research Lab,Fans,0.015,0.015,1,1,0
2026-09-08 01:26:48,Research Wing,Ground,AI Research Lab,Server Units,4.792,4.792,1,1,0
2026-09-08 01:26:48,Research Wing,Ground,Server Room,AC,0.25,0.25,1,1,0
2026-09-08 01:26:48,Research Wing,Ground,Server Room,Computers,0.08,0.08,1,1,0
2026-09-08 01:26:48,Research Wing,Ground,Server Room,Lights,0.02,0.02,1,1,0
2026-09-08 01:26:48,Research Wing,Ground,Server Room,Fans,0.015,0.015,1,1,0
2026-09-08 01:26:48,Research Wing,Ground,Server Room,Server Units,4.289,4.289,1,1,0
2026-09-08 02:26:48,Main Block,Ground,Lab 101,AC,0.25,0.25,2,1,0
2026-09-08 02:26:48,Main Block,Ground,Lab 101,Computers,0.08,0.08,2,1,0
2026-09-08 02:26:48,Main Block,Ground,Lab 101,Lights,0.02,0.02,2,1,0
2026-09-08 02:26:48,Main Block,Ground,Lab 101,Fans,0.015,0.015,2,1,0
2026-09-08 02:26:48,Main Block,Ground,Lab 101,Server Units,4.213,4.213,2,1,0
2026-09-08 02:26:48,Main Block,First,Computer Lab 201,AC,0.25,0.25,2,1,0
2026-09-08 02:26:48,Main Block,First,Computer Lab 201,Computers,0.08,0.08,2,1,0
2026-09-08 02:26:48,Main Block,First,Computer Lab 201,Lights,0.02,0.02,2,1,0
2026-09-08 02:26:48,Main Block,First,Computer Lab 201,Fans,0.015,0.015,2,1,0
2026-09-08 02:26:48,Main Block,First,Computer Lab 201,Server Units,4.955,4.955,2,1,0
2026-09-08 02:26:48,Research Wing,Ground,AI Research Lab,AC,0.25,0.25,2,1,0
2026-09-08 02:26:48,Research Wing,Ground,AI Research Lab,Computers,0.08,0.08,2,1,0
2026-09-08 02:26:48,Research Wing,Ground,AI Research Lab,Lights,0.02,0.02,2,1,0
2026-09-08 02:26:48,Research Wing,Ground,AI Research Lab,Fans,0.015,0.015,2,1,0
2026-09-08 02:26:48,Research Wing,Ground,AI Research Lab,Server Units,4.67,4.67,2,1,0
2026-09-08 02:26:48,Research Wing,Ground,Server Room,AC,0.25,0.25,2,1,0
2026-09-08 02:26:48,Research Wing,Ground,Server Room,Computers,0.08,0.08,2,1,0
2026-09-08 02:26:48,Research Wing,Ground,Server Room,Lights,0.02,0.02,2,1,0
2026-09-08 02:26:48,Research Wing,Ground,Server Room,Fans,0.015,0.015,2,1,0
2026-09-08 02:26:48,Research Wing,Ground,Server Room,Server Units,4.624,4.624,2,1,0
2026-09-08 03:26:48,Main Block,Ground,Lab 101,AC,0.25,0.25,3,1,0
2026-09-08 03:26:48,Main Block,Ground,Lab 101,Computers,0.08,0.08,3,1,0
2026-09-08 03:26:48,Main Block,Ground,Lab 101,Lights,0.02,0.02,3,1,0
2026-09-08 03:26:48,Main Block,Ground,Lab 101,Fans,0.015,0.015,3,1,0
2026-09-08 03:26:48,Main Block,Ground,Lab 101,Server Units,4.068,4.068,3,1,0
2026-09-08 03:26:48,Main Block,First,Computer Lab 201,AC,0.25,0.25,3,1,0
2026-09-08 03:26:48,Main Block,First,Computer Lab 201,Computers,0.08,0.08,3,1,0
2026-09-08 03:26:48,Main Block,First,Computer Lab 201,Lights,0.02,0.02,3,1,0
2026-09-08 03:26:48,Main Block,First,Computer Lab 201,Fans,0.015,0.015,3,1,0
2026-09-08 03:26:48,Main Block,First,Computer Lab 201,Server Units,5.044,5.044,3,1,0
2026-09-08 03:26:48,Research Wing,Ground,AI Research Lab,AC,0.25,0.25,3,1,0
2026-09-08 03:26:48,Research Wing,Ground,AI Research Lab,Computers,0.08,0.08,3,1,0
2026-09-08 03:26:48,Research Wing,Ground,AI Research Lab,Lights,0.02,0.02,3,1,0
2026-09-08 03:26:48,Research Wing,Ground,AI Research Lab,Fans,0.015,0.015,3,1,0
2026-09-08 03:26:48,Research Wing,Ground,AI Research Lab,Server Units,4.888,4.888,3,1,0
2026-09-08 03:26:48,Research Wing,Ground,Server Room,AC,0.25,0.25,3,1,0
2026-09-08 03:26:48,Research Wing,Ground,Server Room,Computers,0.08,0.08,3,1,0
2026-09-08 03:26:48,Research Wing,Ground,Server Room,Lights,0.02,0.02,3,1,0
2026-09-08 03:26:48,Research Wing,Ground,Server Room,Fans,0.015,0.015,3,1,0
2026-09-08 03:26:48,Research Wing,Ground,Server Room,Server Units,4.034,4.034,3,1,0
2026-09-08 04:26:48,Main Block,Ground,Lab 101,AC,0.25,0.25,4,1,0
2026-09-08 04:26:48,Main Block,Ground,Lab 101,Computers,0.08,0.08,4,1,0
2026-09-08 04:26:48,Main Block,Ground,Lab 101,Lights,0.02,0.02,4,1,0
2026-09-08 04:26:48,Main Block,Ground,Lab 101,Fans,0.015,0.015,4,1,0
2026-09-08 04:26:48,Main Block,Ground,Lab 101,Server Units,4.331,4.331,4,1,0
2026-09-08 04:26:48,Main Block,First,Computer Lab 201,AC,0.25,0.25,4,1,0
2026-09-08 04:26:48,Main Block,First,Computer Lab 201,Computers,0.08,0.08,4,1,0
2026-09-08 04:26:48,Main Block,First,Computer Lab 201,Lights,0.02,0.02,4,1,0
2026-09-08 04:26:48,Main Block,First,Computer Lab 201,Fans,0.015,0.015,4,1,0
2026-09-08 04:26:48,Main Block,First,Computer Lab 201,Server Units,3.875,3.875,4,1,0
2026-09-08 04:26:48,Research Wing,Ground,AI Research Lab,AC,0.25,0.25,4,1,0
2026-09-08 04:26:48,Research Wing,Ground,AI Research Lab,Computers,0.24,0.24,4,1,0
2026-09-08 04:26:48,Research Wing,Ground,AI Research Lab,Lights,0.02,0.02,4,1,0
2026-09-08 04:26:48,Research Wing,Ground,AI Research Lab,Fans,0.015,0.015,4,1,0
2026-09-08 04:26:48,Research Wing,Ground,AI Research Lab,Server Units,4.557,4.557,4,1,0
2026-09-08 04:26:48,Research Wing,Ground,Server Room,AC,0.25,0.25,4,1,0
2026-09-08 04:26:48,Research Wing,Ground,Server Room,Computers,0.08,0.08,4,1,0
2026-09-08 04:26:48,Research Wing,Ground,Server Room,Lights,0.02,0.02,4,1,0
2026-09-08 04:26:48,Research Wing,Ground,Server Room,Fans,0.015,0.015,4,1,0
2026-09-08 04:26:48,Research Wing,Ground,Server Room,Server Units,4.22,4.22,4,1,0
2026-09-08 05:26:48,Main Block,Ground,Lab 101,AC,0.25,0.25,5,1,0
2026-09-08 05:26:48,Main Block,Ground,Lab 101,Computers,0.08,0.08,5,1,0
2026-09-08 05:26:48,Main Block,Ground,Lab 101,Lights,0.02,0.02,5,1,0
2026-09-08 05:26:48,Main Block,Ground,Lab 101,Fans,0.015,0.015,5,1,0
2026-09-08 05:26:48,Main Block,Ground,Lab 101,Server Units,4.365,4.365,5,1,0
2026-09-08 05:26:48,Main Block,First,Computer Lab 201,AC,0.25,0.25,5,1,0
2026-09-08 05:26:48,Main Block,First,Computer Lab 201,Computers,0.08,0.08,5,1,0
2026-09-08 05:26:48,Main Block,First,Computer Lab 201,Lights,0.02,0.02,5,1,0
2026-09-08 05:26:48,Main Block,First,Computer Lab 201,Fans,0.015,0.015,5,1,0
2026-09-08 05:26:48,Main Block,First,Computer Lab 201,Server Units,4.191,4.191,5,1,0
2026-09-08 05:26:48,Research Wing,Ground,AI Research Lab,AC,0.25,0.25,5,1,0
2026-09-08 05:26:48,Research Wing,Ground,AI Research Lab,Computers,0.08,0.08,5,1,0
2026-09-08 05:26:48,Research Wing,Ground,AI Research Lab,Lights,0.02,0.02,5,1,0
2026-09-08 05:26:48,Research Wing,Ground,AI Research Lab,Fans,0.015,0.015,5,1,0
2026-09-08 05:26:48,Research Wing,Ground,AI Research Lab,Server Units,3.8,3.8,5,1,0
2026-09-08 05:26:48,Research Wing,Ground,Server Room,AC,0.25,0.25,5,1,0
2026-09-08 05:26:48,Research Wing,Ground,Server Room,Computers,0.08,0.08,5,1,0
2026-09-08 05:26:48,Research Wing,Ground,Server Room,Lights,0.02,0.02,5,1,0
2026-09-08 05:26:48,Research Wing,Ground,Server Room,Fans,0.015,0.015,5,1,0
2026-09-08 05:26:48,Research Wing,Ground,Server Room,Server Units,4.546,4.546,5,1,0
2026-09-08 06:26:48,Main Block,Ground,Lab 101,AC,0.25,0.25,6,1,0
2026-09-08 06:26:48,Main Block,Ground,Lab 101,Computers,0.08,0.08,6,1,0
2026-09-08 06:26:48,Main Block,Ground,Lab 101,Lights,0.02,0.02,6,1,0
2026-09-08 06:26:48,Main Block,Ground,Lab 101,Fans,0.015,0.015,6,1,0
2026-09-08 06:26:48,Main Block,Ground,Lab 101,Server Units,4.686,4.686,6,1,0
2026-09-08 06:26:48,Main Block,First,Computer Lab 201,AC,0.25,0.25,6,1,0
2026-09-08 06:26:48,Main Block,First,Computer Lab 201,Computers,0.08,0.08,6,1,0
2026-09-08 06:26:48,Main Block,First,Computer Lab 201,Lights,0.02,0.02,6,1,0
2026-09-08 06:26:48,Main Block,First,Computer Lab 201,Fans,0.015,0.015,6,1,0
2026-09-08 06:26:48,Main Block,First,Computer Lab 201,Server Units,4.759,4.759,6,1,0
2026-09-08 06:26:48,Research Wing,Ground,AI Research Lab,AC,0.25,0.25,6,1,0
2026-09-08 06:26:48,Research Wing,Ground,AI Research Lab,Computers,0.08,0.08,6,1,0
2026-09-08 06:26:48,Research Wing,Ground,AI Research Lab,Lights,0.02,0.02,6,1,0
2026-09-08 06:26:48,Research Wing,Ground,AI Research Lab,Fans,0.015,0.015,6,1,0
2026-09-08 06:26:48,Research Wing,Ground,AI Research Lab,Server Units,4.44,4.44,6,1,0
2026-09-08 06:26:48,Research Wing,Ground,Server Room,AC,0.25,0.25,6,1,0
2026-09-08 06:26:48,Research Wing,Ground,Server Room,Computers,0.08,0.08,6,1,0
2026-09-08 06:26:48,Research Wing,Ground,Server Room,Lights,0.02,0.02,6,1,0
2026-09-08 06:26:48,Research Wing,Ground,Server Room,Fans,0.015,0.015,6,1,0
2026-09-08 06:26:48,Research Wing,Ground,Server Room,Server Units,4.956,4.956,6,1,0
2026-09-08 07:26:48,Main Block,Ground,Lab 101,AC,0.25,0.25,7,1,0
2026-09-08 07:26:48,Main Block,Ground,Lab 101,Computers,0.08,0.08,7,1,0
2026-09-08 07:26:48,Main Block,Ground,Lab 101,Lights,0.02,0.02,7,1,0
2026-09-08 07:26:48,Main Block,Ground,Lab 101,Fans,0.015,0.015,7,1,0
2026-09-08 07:26:48,Main Block,Ground,Lab 101,Server Units,4.533,4.533,7,1,0
2026-09-08 07:26:48,Main Block,First,Computer Lab 201,AC,0.25,0.25,7,1,0
2026-09-08 07:26:48,Main Block,First,Computer Lab 201,Computers,0.08,0.08,7,1,0
2026-09-08 07:26:48,Main Block,First,Computer Lab 201,Lights,0.02,0.02,7,1,0
2026-09-08 07:26:48,Main Block,First,Computer Lab 201,Fans,0.015,0.015,7,1,0
2026-09-08 07:26:48,Main Block,First,Computer Lab 201,Server Units,4.746,4.746,7,1,0
2026-09-08 07:26:48,Research Wing,Ground,AI Research Lab,AC,0.25,0.25,7,1,0
2026-09-08 07:26:48,Research Wing,Ground,AI Research Lab,Computers,0.08,0.08,7,1,0
2026-09-08 07:26:48,Research Wing,Ground,AI Research Lab,Lights,0.02,0.02,7,1,0
2026-09-08 07:26:48,Research Wing,Ground,AI Research Lab,Fans,0.015,0.015,7,1,0
2026-09-08 07:26:48,Research Wing,Ground,AI Research Lab,Server Units,4.285,4.285,7,1,0
2026-09-08 07:26:48,Research Wing,Ground,Server Room,AC,0.25,0.25,7,1,0
2026-09-08 07:26:48,Research Wing,Ground,Server Room,Computers,0.08,0.08,7,1,0
2026-09-08 07:26:48,Research Wing,Ground,Server Room,Lights,0.02,0.02,7,1,0
2026-09-08 07:26:48,Research Wing,Ground,Server Room,Fans,0.015,0.015,7,1,0
2026-09-08 07:26:48,Research Wing,Ground,Server Room,Server Units,4.68,4.68,7,1,0
2026-09-08 08:26:48,Main Block,Ground,Lab 101,AC,4.679,4.679,8,1,0
2026-09-08 08:26:48,Main Block,Ground,Lab 101,Computers,2.075,2.075,8,1,0
2026-09-08 08:26:48,Main Block,Ground,Lab 101,Lights,0.286,0.286,8,1,0
2026-09-08 08:26:48,Main Block,Ground,Lab 101,Fans,0.223,0.223,8,1,0
2026-09-08 08:26:48,Main Block,Ground,Lab 101,Server Units,5.005,5.005,8,1,0
2026-09-08 08:26:48,Main Block,First,Computer Lab 201,AC,4.762,4.762,8,1,0
2026-09-08 08:26:48,Main Block,First,Computer Lab 201,Computers,1.769,1.769,8,1,0
2026-09-08 08:26:48,Main Block,First,Computer Lab 201,Lights,0.298,0.298,8,1,0
2026-09-08 08:26:48,Main Block,First,Computer Lab 201,Fans,0.205,0.205,8,1,0
2026-09-08 08:26:48,Main Block,First,Computer Lab 201,Server Units,4.727,4.727,8,1,0
2026-09-08 08:26:48,Research Wing,Ground,AI Research Lab,AC,4.211,4.211,8,1,0
2026-09-08 08:26:48,Research Wing,Ground,AI Research Lab,Computers,2.185,2.185,8,1,0
2026-09-08 08:26:48,Research Wing,Ground,AI Research Lab,Lights,0.257,0.257,8,1,0
2026-09-08 08:26:48,Research Wing,Ground,AI Research Lab,Fans,0.205,0.205,8,1,0
2026-09-08 08:26:48,Research Wing,Ground,AI Research Lab,Server Units,4.73,4.73,8,1,0
2026-09-08 08:26:48,Research Wing,Ground,Server Room,AC,4.212,4.212,8,1,0
2026-09-08 08:26:48,Research Wing,Ground,Server Room,Computers,2.204,2.204,8,1,0
2026-09-08 08:26:48,Research Wing,Ground,Server Room,Lights,0.282,0.282,8,1,0
2026-09-08 08:26:48,Research Wing,Ground,Server Room,Fans,0.168,0.168,8,1,0
2026-09-08 08:26:48,Research Wing,Ground,Server Room,Server Units,3.875,3.875,8,1,0
2026-09-08 09:26:48,Main Block,Ground,Lab 101,AC,4.823,4.823,9,1,0
2026-09-08 09:26:48,Main Block,Ground,Lab 101,Computers,2.145,2.145,9,1,0
2026-09-08 09:26:48,Main Block,Ground,Lab 101,Lights,0.276,0.276,9,1,0
2026-09-08 09:26:48,Main Block,Ground,Lab 101,Fans,0.212,0.212,9,1,0
2026-09-08 09:26:48,Main Block,Ground,Lab 101,Server Units,4.617,4.617,9,1,0
2026-09-08 09:26:48,Main Block,First,Computer Lab 201,AC,4.348,4.348,9,1,0
2026-09-08 09:26:48,Main Block,First,Computer Lab 201,Computers,2.285,2.285,9,1,0
2026-09-08 09:26:48,Main Block,First,Computer Lab 201,Lights,0.914,0.914,9,1,0
2026-09-08 09:26:48,Main Block,First,Computer Lab 201,Fans,0.18,0.18,9,1,0
2026-09-08 09:26:48,Main Block,First,Computer Lab 201,Server Units,4.771,4.771,9,1,0
2026-09-08 09:26:48,Research Wing,Ground,AI Research Lab,AC,4.945,4.945,9,1,0
2026-09-08 09:26:48,Research Wing,Ground,AI Research Lab,Computers,2.123,2.123,9,1,0
2026-09-08 09:26:48,Research Wing,Ground,AI Research Lab,Lights,0.323,0.323,9,1,0
2026-09-08 09:26:48,Research Wing,Ground,AI Research Lab,Fans,0.201,0.201,9,1,0
2026-09-08 09:26:48,Research Wing,Ground,AI Research Lab,Server Units,5.013,5.013,9,1,0
2026-09-08 09:26:48,Research Wing,Ground,Server Room,AC,4.065,4.065,9,1,0
2026-09-08 09:26:48,Research Wing,Ground,Server Room,Computers,1.812,1.812,9,1,0
2026-09-08 09:26:48,Research Wing,Ground,Server Room,Lights,0.301,0.301,9,1,0
2026-09-08 09:26:48,Research Wing,Ground,Server Room,Fans,0.191,0.191,9,1,0
2026-09-08 09:26:48,Research Wing,Ground,Server Room,Server Units,3.912,3.912,9,1,0
2026-09-08 10:26:48,Main Block,Ground,Lab 101,AC,4.169,4.169,10,1,0
2026-09-08 10:26:48,Main Block,Ground,Lab 101,Computers,2.126,2.126,10,1,0
2026-09-08 10:26:48,Main Block,Ground,Lab 101,Lights,0.269,0.269,10,1,0
2026-09-08 10:26:48,Main Block,Ground,Lab 101,Fans,0.169,0.169,10,1,0
2026-09-08 10:26:48,Main Block,Ground,Lab 101,Server Units,4.553,4.553,10,1,0
2026-09-08 10:26:48,Main Block,First,Computer Lab 201,AC,4.487,4.487,10,1,0
2026-09-08 10:26:48,Main Block,First,Computer Lab 201,Computers,1.915,1.915,10,1,0
2026-09-08 10:26:48,Main Block,First,Computer Lab 201,Lights,0.284,0.284,10,1,0
2026-09-08 10:26:48,Main Block,First,Computer Lab 201,Fans,0.177,0.177,10,1,0
2026-09-08 10:26:48,Main Block,First,Computer Lab 201,Server Units,4.407,4.407,10,1,0
2026-09-08 10:26:48,Research Wing,Ground,AI Research Lab,AC,4.55,4.55,10,1,0
2026-09-08 10:26:48,Research Wing,Ground,AI Research Lab,Computers,1.833,1.833,10,1,0
2026-09-08 10:26:48,Research Wing,Ground,AI Research Lab,Lights,0.285,0.285,10,1,0
2026-09-08 10:26:48,Research Wing,Ground,AI Research Lab,Fans,0.179,0.179,10,1,0
2026-09-08 10:26:48,Research Wing,Ground,AI Research Lab,Server Units,4.44,4.44,10,1,0
2026-09-08 10:26:48,Research Wing,Ground,Server Room,AC,4.937,4.937,10,1,0
2026-09-08 10:26:48,Research Wing,Ground,Server Room,Computers,1.705,1.705,10,1,0
2026-09-08 10:26:48,Research Wing,Ground,Server Room,Lights,0.295,0.295,10,1,0
2026-09-08 10:26:48,Research Wing,Ground,Server Room,Fans,0.202,0.202,10,1,0
2026-09-08 10:26:48,Research Wing,Ground,Server Room,Server Units,5.006,5.006,10,1,0
2026-09-08 11:26:48,Main Block,Ground,Lab 101,AC,4.258,4.258,11,1,0
2026-09-08 11:26:48,Main Block,Ground,Lab 101,Computers,2.267,2.267,11,1,0
2026-09-08 11:26:48,Main Block,Ground,Lab 101,Lights,0.304,0.304,11,1,0
2026-09-08 11:26:48,Main Block,Ground,Lab 101,Fans,0.219,0.219,11,1,0
2026-09-08 11:26:48,Main Block,Ground,Lab 101,Server Units,4.235,4.235,11,1,0
2026-09-08 11:26:48,Main Block,First,Computer Lab 201,AC,4.427,4.427,11,1,0
2026-09-08 11:26:48,Main Block,First,Computer Lab 201,Computers,2.239,2.239,11,1,0
2026-09-08 11:26:48,Main Block,First,Computer Lab 201,Lights,0.301,0.301,11,1,0
2026-09-08 11:26:48,Main Block,First,Computer Lab 201,Fans,0.176,0.176,11,1,0
2026-09-08 11:26:48,Main Block,First,Computer Lab 201,Server Units,13.35,13.35,11,1,0
2026-09-08 11:26:48,Research Wing,Ground,AI Research Lab,AC,3.913,3.913,11,1,0
2026-09-08 11:26:48,Research Wing,Ground,AI Research Lab,Computers,2.164,2.164,11,1,0
2026-09-08 11:26:48,Research Wing,Ground,AI Research Lab,Lights,0.293,0.293,11,1,0
2026-09-08 11:26:48,Research Wing,Ground,AI Research Lab,Fans,0.197,0.197,11,1,0
2026-09-08 11:26:48,Research Wing,Ground,AI Research Lab,Server Units,5.029,5.029,11,1,0
2026-09-08 11:26:48,Research Wing,Ground,Server Room,AC,4.698,4.698,11,1,0
2026-09-08 11:26:48,Research Wing,Ground,Server Room,Computers,2.148,2.148,11,1,0
2026-09-08 11:26:48,Research Wing,Ground,Server Room,Lights,0.296,0.296,11,1,0
2026-09-08 11:26:48,Research Wing,Ground,Server Room,Fans,0.171,0.171,11,1,0
2026-09-08 11:26:48,Research Wing,Ground,Server Room,Server Units,4.788,4.788,11,1,0
2026-09-08 12:26:48,Main Block,Ground,Lab 101,AC,4.601,4.601,12,1,0
2026-09-08 12:26:48,Main Block,Ground,Lab 101,Computers,1.855,1.855,12,1,0
2026-09-08 12:26:48,Main Block,Ground,Lab 101,Lights,0.312,0.312,12,1,0
2026-09-08 12:26:48,Main Block,Ground,Lab 101,Fans,0.167,0.167,12,1,0
2026-09-08 12:26:48,Main Block,Ground,Lab 101,Server Units,4.446,4.446,12,1,0
2026-09-08 12:26:48,Main Block,First,Computer Lab 201,AC,4.66,4.66,12,1,0
2026-09-08 12:26:48,Main Block,First,Computer Lab 201,Computers,2.051,2.051,12,1,0
2026-09-08 12:26:48,Main Block,First,Computer Lab 201,Lights,0.262,0.262,12,1,0
2026-09-08 12:26:48,Main Block,First,Computer Lab 201,Fans,0.172,0.172,12,1,0
2026-09-08 12:26:48,Main Block,First,Computer Lab 201,Server Units,4.138,4.138,12,1,0
2026-09-08 12:26:48,Research Wing,Ground,AI Research Lab,AC,4.858,4.858,12,1,0
2026-09-08 12:26:48,Research Wing,Ground,AI Research Lab,Computers,1.937,1.937,12,1,0
2026-09-08 12:26:48,Research Wing,Ground,AI Research Lab,Lights,0.298,0.298,12,1,0
2026-09-08 12:26:48,Research Wing,Ground,AI Research Lab,Fans,0.174,0.174,12,1,0
2026-09-08 12:26:48,Research Wing,Ground,AI Research Lab,Server Units,4.793,4.793,12,1,0
2026-09-08 12:26:48,Research Wing,Ground,Server Room,AC,5.121,5.121,12,1,0
2026-09-08 12:26:48,Research Wing,Ground,Server Room,Computers,2.106,2.106,12,1,0
2026-09-08 12:26:48,Research Wing,Ground,Server Room,Lights,0.327,0.327,12,1,0
2026-09-08 12:26:48,Research Wing,Ground,Server Room,Fans,0.188,0.188,12,1,0
2026-09-08 12:26:48,Research Wing,Ground,Server Room,Server Units,4.471,4.471,12,1,0
2026-09-08 13:26:48,Main Block,Ground,Lab 101,AC,11.974,11.974,13,1,0
2026-09-08 13:26:48,Main Block,Ground,Lab 101,Computers,2.058,2.058,13,1,0
2026-09-08 13:26:48,Main Block,Ground,Lab 101,Lights,0.34,0.34,13,1,0
2026-09-08 13:26:48,Main Block,Ground,Lab 101,Fans,0.21,0.21,13,1,0
2026-09-08 13:26:48,Main Block,Ground,Lab 101,Server Units,4.194,4.194,13,1,0
2026-09-08 13:26:48,Main Block,First,Computer Lab 201,AC,4.697,4.697,13,1,0
2026-09-08 13:26:48,Main Block,First,Computer Lab 201,Computers,1.797,1.797,13,1,0
2026-09-08 13:26:48,Main Block,First,Computer Lab 201,Lights,0.33,0.33,13,1,0
2026-09-08 13:26:48,Main Block,First,Computer Lab 201,Fans,0.176,0.176,13,1,0
2026-09-08 13:26:48,Main Block,First,Computer Lab 201,Server Units,4.865,4.865,13,1,0
2026-09-08 13:26:48,Research Wing,Ground,AI Research Lab,AC,5.084,5.084,13,1,0
2026-09-08 13:26:48,Research Wing,Ground,AI Research Lab,Computers,1.977,1.977,13,1,0
2026-09-08 13:26:48,Research Wing,Ground,AI Research Lab,Lights,0.281,0.281,13,1,0
2026-09-08 13:26:48,Research Wing,Ground,AI Research Lab,Fans,0.171,0.171,13,1,0
2026-09-08 13:26:48,Research Wing,Ground,AI Research Lab,Server Units,4.383,4.383,13,1,0
2026-09-08 13:26:48,Research Wing,Ground,Server Room,AC,3.998,3.998,13,1,0
2026-09-08 13:26:48,Research Wing,Ground,Server Room,Computers,1.76,1.76,13,1,0
2026-09-08 13:26:48,Research Wing,Ground,Server Room,Lights,0.336,0.336,13,1,0
2026-09-08 13:26:48,Research Wing,Ground,Server Room,Fans,0.192,0.192,13,1,0
2026-09-08 13:26:48,Research Wing,Ground,Server Room,Server Units,4.143,4.143,13,1,0
2026-09-08 14:26:48,Main Block,Ground,Lab 101,AC,4.588,4.588,14,1,0
2026-09-08 14:26:48,Main Block,Ground,Lab 101,Computers,1.89,1.89,14,1,0
2026-09-08 14:26:48,Main Block,Ground,Lab 101,Lights,0.255,0.255,14,1,0
2026-09-08 14:26:48,Main Block,Ground,Lab 101,Fans,0.179,0.179,14,1,0
2026-09-08 14:26:48,Main Block,Ground,Lab 101,Server Units,4.316,4.316,14,1,0
2026-09-08 14:26:48,Main Block,First,Computer Lab 201,AC,4.006,4.006,14,1,0
2026-09-08 14:26:48,Main Block,First,Computer Lab 201,Computers,2.227,2.227,14,1,0
2026-09-08 14:26:48,Main Block,First,Computer Lab 201,Lights,0.287,0.287,14,1,0
2026-09-08 14:26:48,Main Block,First,Computer Lab 201,Fans,0.198,0.198,14,1,0
2026-09-08 14:26:48,Main Block,First,Computer Lab 201,Server Units,4.541,4.541,14,1,0
2026-09-08 14:26:48,Research Wing,Ground,AI Research Lab,AC,4.984,4.984,14,1,0
2026-09-08 14:26:48,Research Wing,Ground,AI Research Lab,Computers,2.023,2.023,14,1,0
2026-09-08 14:26:48,Research Wing,Ground,AI Research Lab,Lights,0.335,0.335,14,1,0
2026-09-08 14:26:48,Research Wing,Ground,AI Research Lab,Fans,0.51,0.51,14,1,0
2026-09-08 14:26:48,Research Wing,Ground,AI Research Lab,Server Units,4.409,4.409,14,1,0
2026-09-08 14:26:48,Research Wing,Ground,Server Room,AC,4.611,4.611,14,1,0
2026-09-08 14:26:48,Research Wing,Ground,Server Room,Computers,2.054,2.054,14,1,0
2026-09-08 14:26:48,Research Wing,Ground,Server Room,Lights,0.305,0.305,14,1,0
2026-09-08 14:26:48,Research Wing,Ground,Server Room,Fans,0.224,0.224,14,1,0
2026-09-08 14:26:48,Research Wing,Ground,Server Room,Server Units,4.763,4.763,14,1,0
2026-09-08 15:26:48,Main Block,Ground,Lab 101,AC,4.126,4.126,15,1,0
2026-09-08 15:26:48,Main Block,Ground,Lab 101,Computers,2.14,2.14,15,1,0
2026-09-08 15:26:48,Main Block,Ground,Lab 101,Lights,0.297,0.297,15,1,0
2026-09-08 15:26:48,Main Block,Ground,Lab 101,Fans,0.189,0.189,15,1,0
2026-09-08 15:26:48,Main Block,Ground,Lab 101,Server Units,4.615,4.615,15,1,0
2026-09-08 15:26:48,Main Block,First,Computer Lab 201,AC,4.914,4.914,15,1,0
2026-09-08 15:26:48,Main Block,First,Computer Lab 201,Computers,1.8,1.8,15,1,0
2026-09-08 15:26:48,Main Block,First,Computer Lab 201,Lights,0.295,0.295,15,1,0
2026-09-08 15:26:48,Main Block,First,Computer Lab 201,Fans,0.221,0.221,15,1,0
2026-09-08 15:26:48,Main Block,First,Computer Lab 201,Server Units,5.017,5.017,15,1,0
2026-09-08 15:26:48,Research Wing,Ground,AI Research Lab,AC,4.478,4.478,15,1,0
2026-09-08 15:26:48,Research Wing,Ground,AI Research Lab,Computers,1.831,1.831,15,1,0
2026-09-08 15:26:48,Research Wing,Ground,AI Research Lab,Lights,0.261,0.261,15,1,0
2026-09-08 15:26:48,Research Wing,Ground,AI Research Lab,Fans,0.168,0.168,15,1,0
2026-09-08 15:26:48,Research Wing,Ground,AI Research Lab,Server Units,4.938,4.938,15,1,0
2026-09-08 15:26:48,Research Wing,Ground,Server Room,AC,4.459,4.459,15,1,0
2026-09-08 15:26:48,Research Wing,Ground,Server Room,Computers,1.728,1.728,15,1,0
2026-09-08 15:26:48,Research Wing,Ground,Server Room,Lights,0.284,0.284,15,1,0
2026-09-08 15:26:48,Research Wing,Ground,Server Room,Fans,0.196,0.196,15,1,0
2026-09-08 15:26:48,Research Wing,Ground,Server Room,Server Units,4.842,4.842,15,1,0
2026-09-08 16:26:48,Main Block,Ground,Lab 101,AC,4.56,4.56,16,1,0
2026-09-08 16:26:48,Main Block,Ground,Lab 101,Computers,2.092,2.092,16,1,0
2026-09-08 16:26:48,Main Block,Ground,Lab 101,Lights,0.314,0.314,16,1,0
2026-09-08 16:26:48,Main Block,Ground,Lab 101,Fans,0.196,0.196,16,1,0
2026-09-08 16:26:48,Main Block,Ground,Lab 101,Server Units,4.938,4.938,16,1,0
2026-09-08 16:26:48,Main Block,First,Computer Lab 201,AC,4.301,4.301,16,1,0
2026-09-08 16:26:48,Main Block,First,Computer Lab 201,Computers,1.992,1.992,16,1,0
2026-09-08 16:26:48,Main Block,First,Computer Lab 201,Lights,0.309,0.309,16,1,0
2026-09-08 16:26:48,Main Block,First,Computer Lab 201,Fans,0.174,0.174,16,1,0
2026-09-08 16:26:48,Main Block,First,Computer Lab 201,Server Units,3.842,3.842,16,1,0
2026-09-08 16:26:48,Research Wing,Ground,AI Research Lab,AC,4.111,4.111,16,1,0
2026-09-08 16:26:48,Research Wing,Ground,AI Research Lab,Computers,1.917,1.917,16,1,0
2026-09-08 16:26:48,Research Wing,Ground,AI Research Lab,Lights,0.266,0.266,16,1,0
2026-09-08 16:26:48,Research Wing,Ground,AI Research Lab,Fans,0.213,0.213,16,1,0
2026-09-08 16:26:48,Research Wing,Ground,AI Research Lab,Server Units,4.376,4.376,16,1,0
2026-09-08 16:26:48,Research Wing,Ground,Server Room,AC,4.109,4.109,16,1,0
2026-09-08 16:26:48,Research Wing,Ground,Server Room,Computers,6.6,6.6,16,1,0
2026-09-08 16:26:48,Research Wing,Ground,Server Room,Lights,0.259,0.259,16,1,0
2026-09-08 16:26:48,Research Wing,Ground,Server Room,Fans,0.175,0.175,16,1,0
2026-09-08 16:26:48,Research Wing,Ground,Server Room,Server Units,3.792,3.792,16,1,0
2026-09-08 17:26:48,Main Block,Ground,Lab 101,AC,3.9,3.9,17,1,0
2026-09-08 17:26:48,Main Block,Ground,Lab 101,Computers,1.808,1.808,17,1,0
2026-09-08 17:26:48,Main Block,Ground,Lab 101,Lights,0.309,0.309,17,1,0
2026-09-08 17:26:48,Main Block,Ground,Lab 101,Fans,0.167,0.167,17,1,0
2026-09-08 17:26:48,Main Block,Ground,Lab 101,Server Units,4.614,4.614,17,1,0
2026-09-08 17:26:48,Main Block,First,Computer Lab 201,AC,3.941,3.941,17,1,0
2026-09-08 17:26:48,Main Block,First,Computer Lab 201,Computers,2.296,2.296,17,1,0
2026-09-08 17:26:48,Main Block,First,Computer Lab 201,Lights,0.27,0.27,17,1,0
2026-09-08 17:26:48,Main Block,First,Computer Lab 201,Fans,0.201,0.201,17,1,0
2026-09-08 17:26:48,Main Block,First,Computer Lab 201,Server Units,4.823,4.823,17,1,0
2026-09-08 17:26:48,Research Wing,Ground,AI Research Lab,AC,4.716,4.716,17,1,0
2026-09-08 17:26:48,Research Wing,Ground,AI Research Lab,Computers,2.135,2.135,17,1,0
2026-09-08 17:26:48,Research Wing,Ground,AI Research Lab,Lights,0.296,0.296,17,1,0
2026-09-08 17:26:48,Research Wing,Ground,AI Research Lab,Fans,0.179,0.179,17,1,0
2026-09-08 17:26:48,Research Wing,Ground,AI Research Lab,Server Units,3.883,3.883,17,1,0
2026-09-08 17:26:48,Research Wing,Ground,Server Room,AC,4.985,4.985,17,1,0
2026-09-08 17:26:48,Research Wing,Ground,Server Room,Computers,1.952,1.952,17,1,0
2026-09-08 17:26:48,Research Wing,Ground,Server Room,Lights,0.264,0.264,17,1,0
2026-09-08 17:26:48,Research Wing,Ground,Server Room,Fans,0.202,0.202,17,1,0
2026-09-08 17:26:48,Research Wing,Ground,Server Room,Server Units,4.775,4.775,17,1,0
2026-09-08 18:26:48,Main Block,Ground,Lab 101,AC,3.984,3.984,18,1,0
2026-09-08 18:26:48,Main Block,Ground,Lab 101,Computers,1.778,1.778,18,1,0
2026-09-08 18:26:48,Main Block,Ground,Lab 101,Lights,0.329,0.329,18,1,0
2026-09-08 18:26:48,Main Block,Ground,Lab 101,Fans,0.211,0.211,18,1,0
2026-09-08 18:26:48,Main Block,Ground,Lab 101,Server Units,4.429,4.429,18,1,0
2026-09-08 18:26:48,Main Block,First,Computer Lab 201,AC,3.884,3.884,18,1,0
2026-09-08 18:26:48,Main Block,First,Computer Lab 201,Computers,1.838,1.838,18,1,0
2026-09-08 18:26:48,Main Block,First,Computer Lab 201,Lights,0.326,0.326,18,1,0
2026-09-08 18:26:48,Main Block,First,Computer Lab 201,Fans,0.2,0.2,18,1,0
2026-09-08 18:26:48,Main Block,First,Computer Lab 201,Server Units,4.745,4.745,18,1,0
2026-09-08 18:26:48,Research Wing,Ground,AI Research Lab,AC,3.957,3.957,18,1,0
2026-09-08 18:26:48,Research Wing,Ground,AI Research Lab,Computers,1.986,1.986,18,1,0
2026-09-08 18:26:48,Research Wing,Ground,AI Research Lab,Lights,0.332,0.332,18,1,0
2026-09-08 18:26:48,Research Wing,Ground,AI Research Lab,Fans,0.217,0.217,18,1,0
2026-09-08 18:26:48,Research Wing,Ground,AI Research Lab,Server Units,3.99,3.99,18,1,0
2026-09-08 18:26:48,Research Wing,Ground,Server Room,AC,4.891,4.891,18,1,0
2026-09-08 18:26:48,Research Wing,Ground,Server Room,Computers,5.312,5.312,18,1,0
2026-09-08 18:26:48,Research Wing,Ground,Server Room,Lights,0.314,0.314,18,1,0
2026-09-08 18:26:48,Research Wing,Ground,Server Room,Fans,0.184,0.184,18,1,0
2026-09-08 18:26:48,Research Wing,Ground,Server Room,Server Units,3.944,3.944,18,1,0
2026-09-08 19:26:48,Main Block,Ground,Lab 101,AC,0.25,0.25,19,1,0
2026-09-08 19:26:48,Main Block,Ground,Lab 101,Computers,0.08,0.08,19,1,0
2026-09-08 19:26:48,Main Block,Ground,Lab 101,Lights,0.02,0.02,19,1,0
2026-09-08 19:26:48,Main Block,Ground,Lab 101,Fans,0.015,0.015,19,1,0
2026-09-08 19:26:48,Main Block,Ground,Lab 101,Server Units,4.104,4.104,19,1,0
2026-09-08 19:26:48,Main Block,First,Computer Lab 201,AC,0.25,0.25,19,1,0
2026-09-08 19:26:48,Main Block,First,Computer Lab 201,Computers,0.08,0.08,19,1,0
2026-09-08 19:26:48,Main Block,First,Computer Lab 201,Lights,0.02,0.02,19,1,0
2026-09-08 19:26:48,Main Block,First,Computer Lab 201,Fans,0.015,0.015,19,1,0
2026-09-08 19:26:48,Main Block,First,Computer Lab 201,Server Units,4.229,4.229,19,1,0
2026-09-08 19:26:48,Research Wing,Ground,AI Research Lab,AC,0.25,0.25,19,1,0
2026-09-08 19:26:48,Research Wing,Ground,AI Research Lab,Computers,0.08,0.08,19,1,0
2026-09-08 19:26:48,Research Wing,Ground,AI Research Lab,Lights,0.02,0.02,19,1,0
2026-09-08 19:26:48,Research Wing,Ground,AI Research Lab,Fans,0.015,0.015,19,1,0
2026-09-08 19:26:48,Research Wing,Ground,AI Research Lab,Server Units,4.711,4.711,19,1,0
2026-09-08 19:26:48,Research Wing,Ground,Server Room,AC,0.25,0.25,19,1,0
2026-09-08 19:26:48,Research Wing,Ground,Server Room,Computers,0.08,0.08,19,1,0
2026-09-08 19:26:48,Research Wing,Ground,Server Room,Lights,0.02,0.02,19,1,0
2026-09-08 19:26:48,Research Wing,Ground,Server Room,Fans,0.015,0.015,19,1,0
2026-09-08 19:26:48,Research Wing,Ground,Server Room,Server Units,3.954,3.954,19,1,0
2026-09-08 20:26:48,Main Block,Ground,Lab 101,AC,0.25,0.25,20,1,0
2026-09-08 20:26:48,Main Block,Ground,Lab 101,Computers,0.08,0.08,20,1,0
2026-09-08 20:26:48,Main Block,Ground,Lab 101,Lights,0.02,0.02,20,1,0
2026-09-08 20:26:48,Main Block,Ground,Lab 101,Fans,0.015,0.015,20,1,0
2026-09-08 20:26:48,Main Block,Ground,Lab 101,Server Units,4.673,4.673,20,1,0
2026-09-08 20:26:48,Main Block,First,Computer Lab 201,AC,0.25,0.25,20,1,0
2026-09-08 20:26:48,Main Block,First,Computer Lab 201,Computers,0.24,0.24,20,1,0
2026-09-08 20:26:48,Main Block,First,Computer Lab 201,Lights,0.02,0.02,20,1,0
2026-09-08 20:26:48,Main Block,First,Computer Lab 201,Fans,0.015,0.015,20,1,0
2026-09-08 20:26:48,Main Block,First,Computer Lab 201,Server Units,4.962,4.962,20,1,0
2026-09-08 20:26:48,Research Wing,Ground,AI Research Lab,AC,0.25,0.25,20,1,0
2026-09-08 20:26:48,Research Wing,Ground,AI Research Lab,Computers,0.08,0.08,20,1,0
2026-09-08 20:26:48,Research Wing,Ground,AI Research Lab,Lights,0.02,0.02,20,1,0
2026-09-08 20:26:48,Research Wing,Ground,AI Research Lab,Fans,0.015,0.015,20,1,0
2026-09-08 20:26:48,Research Wing,Ground,AI Research Lab,Server Units,4.247,4.247,20,1,0
2026-09-08 20:26:48,Research Wing,Ground,Server Room,AC,0.25,0.25,20,1,0
2026-09-08 20:26:48,Research Wing,Ground,Server Room,Computers,0.08,0.08,20,1,0
2026-09-08 20:26:48,Research Wing,Ground,Server Room,Lights,0.02,0.02,20,1,0
2026-09-08 20:26:48,Research Wing,Ground,Server Room,Fans,0.015,0.015,20,1,0
2026-09-08 20:26:48,Research Wing,Ground,Server Room,Server Units,4.988,4.988,20,1,0
2026-09-08 21:26:48,Main Block,Ground,Lab 101,AC,0.25,0.25,21,1,0
2026-09-08 21:26:48,Main Block,Ground,Lab 101,Computers,0.08,0.08,21,1,0
2026-09-08 21:26:48,Main Block,Ground,Lab 101,Lights,0.02,0.02,21,1,0
2026-09-08 21:26:48,Main Block,Ground,Lab 101,Fans,0.015,0.015,21,1,0
2026-09-08 21:26:48,Main Block,Ground,Lab 101,Server Units,4.801,4.801,21,1,0
2026-09-08 21:26:48,Main Block,First,Computer Lab 201,AC,0.25,0.25,21,1,0
2026-09-08 21:26:48,Main Block,First,Computer Lab 201,Computers,0.08,0.08,21,1,0
2026-09-08 21:26:48,Main Block,First,Computer Lab 201,Lights,0.02,0.02,21,1,0
2026-09-08 21:26:48,Main Block,First,Computer Lab 201,Fans,0.015,0.015,21,1,0
2026-09-08 21:26:48,Main Block,First,Computer Lab 201,Server Units,3.964,3.964,21,1,0
2026-09-08 21:26:48,Research Wing,Ground,AI Research Lab,AC,0.25,0.25,21,1,0
2026-09-08 21:26:48,Research Wing,Ground,AI Research Lab,Computers,0.24,0.24,21,1,0
2026-09-08 21:26:48,Research Wing,Ground,AI Research Lab,Lights,0.02,0.02,21,1,0
2026-09-08 21:26:48,Research Wing,Ground,AI Research Lab,Fans,0.015,0.015,21,1,0
2026-09-08 21:26:48,Research Wing,Ground,AI Research Lab,Server Units,4.769,4.769,21,1,0
2026-09-08 21:26:48,Research Wing,Ground,Server Room,AC,0.25,0.25,21,1,0
2026-09-08 21:26:48,Research Wing,Ground,Server Room,Computers,0.08,0.08,21,1,0
2026-09-08 21:26:48,Research Wing,Ground,Server Room,Lights,0.02,0.02,21,1,0
2026-09-08 21:26:48,Research Wing,Ground,Server Room,Fans,0.015,0.015,21,1,0
2026-09-08 21:26:48,Research Wing,Ground,Server Room,Server Units,3.831,3.831,21,1,0
2026-09-08 22:26:48,Main Block,Ground,Lab 101,AC,0.25,0.25,22,1,0
2026-09-08 22:26:48,Main Block,Ground,Lab 101,Computers,0.08,0.08,22,1,0
2026-09-08 22:26:48,Main Block,Ground,Lab 101,Lights,0.02,0.02,22,1,0
2026-09-08 22:26:48,Main Block,Ground,Lab 101,Fans,0.015,0.015,22,1,0
2026-09-08 22:26:48,Main Block,Ground,Lab 101,Server Units,5.012,5.012,22,1,0
2026-09-08 22:26:48,Main Block,First,Computer Lab 201,AC,0.25,0.25,22,1,0
2026-09-08 22:26:48,Main Block,First,Computer Lab 201,Computers,0.08,0.08,22,1,0
2026-09-08 22:26:48,Main Block,First,Computer Lab 201,Lights,0.02,0.02,22,1,0
2026-09-08 22:26:48,Main Block,First,Computer Lab 201,Fans,0.015,0.015,22,1,0
2026-09-08 22:26:48,Main Block,First,Computer Lab 201,Server Units,4.085,4.085,22,1,0
2026-09-08 22:26:48,Research Wing,Ground,AI Research Lab,AC,0.25,0.25,22,1,0
2026-09-08 22:26:48,Research Wing,Ground,AI Research Lab,Computers,0.08,0.08,22,1,0
2026-09-08 22:26:48,Research Wing,Ground,AI Research Lab,Lights,0.02,0.02,22,1,0
2026-09-08 22:26:48,Research Wing,Ground,AI Research Lab,Fans,0.015,0.015,22,1,0
2026-09-08 22:26:48,Research Wing,Ground,AI Research Lab,Server Units,4.8,4.8,22,1,0
2026-09-08 22:26:48,Research Wing,Ground,Server Room,AC,0.25,0.25,22,1,0
2026-09-08 22:26:48,Research Wing,Ground,Server Room,Computers,0.08,0.08,22,1,0
2026-09-08 22:26:48,Research Wing,Ground,Server Room,Lights,0.02,0.02,22,1,0
2026-09-08 22:26:48,Research Wing,Ground,Server Room,Fans,0.015,0.015,22,1,0
2026-09-08 22:26:48,Research Wing,Ground,Server Room,Server Units,5.015,5.015,22,1,0
2026-09-08 23:26:48,Main Block,Ground,Lab 101,AC,0.25,0.25,23,1,0
2026-09-08 23:26:48,Main Block,Ground,Lab 101,Computers,0.08,0.08,23,1,0
2026-09-08 23:26:48,Main Block,Ground,Lab 101,Lights,0.02,0.02,23,1,0
2026-09-08 23:26:48,Main Block,Ground,Lab 101,Fans,0.015,0.015,23,1,0
2026-09-08 23:26:48,Main Block,Ground,Lab 101,Server Units,4.348,4.348,23,1,0
2026-09-08 23:26:48,Main Block,First,Computer Lab 201,AC,0.25,0.25,23,1,0
2026-09-08 23:26:48,Main Block,First,Computer Lab 201,Computers,0.08,0.08,23,1,0
2026-09-08 23:26:48,Main Block,First,Computer Lab 201,Lights,0.02,0.02,23,1,0
2026-09-08 23:26:48,Main Block,First,Computer Lab 201,Fans,0.015,0.015,23,1,0
2026-09-08 23:26:48,Main Block,First,Computer Lab 201,Server Units,5.052,5.052,23,1,0
2026-09-08 23:26:48,Research Wing,Ground,AI Research Lab,AC,0.25,0.25,23,1,0
2026-09-08 23:26:48,Research Wing,Ground,AI Research Lab,Computers,0.08,0.08,23,1,0
2026-09-08 23:26:48,Research Wing,Ground,AI Research Lab,Lights,0.02,0.02,23,1,0
2026-09-08 23:26:48,Research Wing,Ground,AI Research Lab,Fans,0.015,0.015,23,1,0
2026-09-08 23:26:48,Research Wing,Ground,AI Research Lab,Server Units,3.753,3.753,23,1,0
2026-09-08 23:26:48,Research Wing,Ground,Server Room,AC,0.25,0.25,23,1,0
2026-09-08 23:26:48,Research Wing,Ground,Server Room,Computers,0.08,0.08,23,1,0
2026-09-08 23:26:48,Research Wing,Ground,Server Room,Lights,0.02,0.02,23,1,0
2026-09-08 23:26:48,Research Wing,Ground,Server Room,Fans,0.015,0.015,23,1,0
2026-09-08 23:26:48,Research Wing,Ground,Server Room,Server Units,3.84,3.84,23,1,0
2026-09-09 00:26:48,Main Block,Ground,Lab 101,AC,0.25,0.25,0,2,0
2026-09-09 00:26:48,Main Block,Ground,Lab 101,Computers,0.08,0.08,0,2,0
2026-09-09 00:26:48,Main Block,Ground,Lab 101,Lights,0.02,0.02,0,2,0
2026-09-09 00:26:48,Main Block,Ground,Lab 101,Fans,0.015,0.015,0,2,0
2026-09-09 00:26:48,Main Block,Ground,Lab 101,Server Units,4.99,4.99,0,2,0
2026-09-09 00:26:48,Main Block,First,Computer Lab 201,AC,0.25,0.25,0,2,0
2026-09-09 00:26:48,Main Block,First,Computer Lab 201,Computers,0.08,0.08,0,2,0
2026-09-09 00:26:48,Main Block,First,Computer Lab 201,Lights,0.02,0.02,0,2,0
2026-09-09 00:26:48,Main Block,First,Computer Lab 201,Fans,0.015,0.015,0,2,0
2026-09-09 00:26:48,Main Block,First,Computer Lab 201,Server Units,4.892,4.892,0,2,0
2026-09-09 00:26:48,Research Wing,Ground,AI Research Lab,AC,0.25,0.25,0,2,0
2026-09-09 00:26:48,Research Wing,Ground,AI Research Lab,Computers,0.08,0.08,0,2,0
2026-09-09 00:26:48,Research Wing,Ground,AI Research Lab,Lights,0.02,0.02,0,2,0
2026-09-09 00:26:48,Research Wing,Ground,AI Research Lab,Fans,0.015,0.015,0,2,0
2026-09-09 00:26:48,Research Wing,Ground,AI Research Lab,Server Units,3.881,3.881,0,2,0
2026-09-09 00:26:48,Research Wing,Ground,Server Room,AC,0.25,0.25,0,2,0
2026-09-09 00:26:48,Research Wing,Ground,Server Room,Computers,0.08,0.08,0,2,0
2026-09-09 00:26:48,Research Wing,Ground,Server Room,Lights,0.02,0.02,0,2,0
2026-09-09 00:26:48,Research Wing,Ground,Server Room,Fans,0.015,0.015,0,2,0
2026-09-09 00:26:48,Research Wing,Ground,Server Room,Server Units,4.455,4.455,0,2,0
2026-09-09 01:26:48,Main Block,Ground,Lab 101,AC,0.25,0.25,1,2,0
2026-09-09 01:26:48,Main Block,Ground,Lab 101,Computers,0.08,0.08,1,2,0
2026-09-09 01:26:48,Main Block,Ground,Lab 101,Lights,0.02,0.02,1,2,0
2026-09-09 01:26:48,Main Block,Ground,Lab 101,Fans,0.015,0.015,1,2,0
2026-09-09 01:26:48,Main Block,Ground,Lab 101,Server Units,4.924,4.924,1,2,0
2026-09-09 01:26:48,Main Block,First,Computer Lab 201,AC,0.25,0.25,1,2,0
2026-09-09 01:26:48,Main Block,First,Computer Lab 201,Computers,0.08,0.08,1,2,0
2026-09-09 01:26:48,Main Block,First,Computer Lab 201,Lights,0.02,0.02,1,2,0
2026-09-09 01:26:48,Main Block,First,Computer Lab 201,Fans,0.015,0.015,1,2,0
2026-09-09 01:26:48,Main Block,First,Computer Lab 201,Server Units,4.033,4.033,1,2,0
2026-09-09 01:26:48,Research Wing,Ground,AI Research Lab,AC,0.25,0.25,1,2,0
2026-09-09 01:26:48,Research Wing,Ground,AI Research Lab,Computers,0.08,0.08,1,2,0
2026-09-09 01:26:48,Research Wing,Ground,AI Research Lab,Lights,0.02,0.02,1,2,0
2026-09-09 01:26:48,Research Wing,Ground,AI Research Lab,Fans,0.015,0.015,1,2,0
2026-09-09 01:26:48,Research Wing,Ground,AI Research Lab,Server Units,4.403,4.403,1,2,0
2026-09-09 01:26:48,Research Wing,Ground,Server Room,AC,0.25,0.25,1,2,0
2026-09-09 01:26:48,Research Wing,Ground,Server Room,Computers,0.08,0.08,1,2,0
2026-09-09 01:26:48,Research Wing,Ground,Server Room,Lights,0.02,0.02,1,2,0
2026-09-09 01:26:48,Research Wing,Ground,Server Room,Fans,0.015,0.015,1,2,0
2026-09-09 01:26:48,Research Wing,Ground,Server Room,Server Units,4.347,4.347,1,2,0
2026-09-09 02:26:48,Main Block,Ground,Lab 101,AC,0.75,0.75,2,2,0
2026-09-09 02:26:48,Main Block,Ground,Lab 101,Computers,0.08,0.08,2,2,0
2026-09-09 02:26:48,Main Block,Ground,Lab 101,Lights,0.02,0.02,2,2,0
2026-09-09 02:26:48,Main Block,Ground,Lab 101,Fans,0.015,0.015,2,2,0
2026-09-09 02:26:48,Main Block,Ground,Lab 101,Server Units,4.549,4.549,2,2,0
2026-09-09 02:26:48,Main Block,First,Computer Lab 201,AC,0.25,0.25,2,2,0
2026-09-09 02:26:48,Main Block,First,Computer Lab 201,Computers,0.08,0.08,2,2,0
2026-09-09 02:26:48,Main Block,First,Computer Lab 201,Lights,0.02,0.02,2,2,0
2026-09-09 02:26:48,Main Block,First,Computer Lab 201,Fans,0.015,0.015,2,2,0
2026-09-09 02:26:48,Main Block,First,Computer Lab 201,Server Units,4.223,4.223,2,2,0
2026-09-09 02:26:48,Research Wing,Ground,AI Research Lab,AC,0.25,0.25,2,2,0
2026-09-09 02:26:48,Research Wing,Ground,AI Research Lab,Computers,0.08,0.08,2,2,0
2026-09-09 02:26:48,Research Wing,Ground,AI Research Lab,Lights,0.02,0.02,2,2,0
2026-09-09 02:26:48,Research Wing,Ground,AI Research Lab,Fans,0.015,0.015,2,2,0
2026-09-09 02:26:48,Research Wing,Ground,AI Research Lab,Server Units,4.109,4.109,2,2,0
2026-09-09 02:26:48,Research Wing,Ground,Server Room,AC,0.25,0.25,2,2,0
2026-09-09 02:26:48,Research Wing,Ground,Server Room,Computers,0.08,0.08,2,2,0
2026-09-09 02:26:48,Research Wing,Ground,Server Room,Lights,0.02,0.02,2,2,0
2026-09-09 02:26:48,Research Wing,Ground,Server Room,Fans,0.015,0.015,2,2,0
2026-09-09 02:26:48,Research Wing,Ground,Server Room,Server Units,4.096,4.096,2,2,0
2026-09-09 03:26:48,Main Block,Ground,Lab 101,AC,0.25,0.25,3,2,0
2026-09-09 03:26:48,Main Block,Ground,Lab 101,Computers,0.08,0.08,3,2,0
2026-09-09 03:26:48,Main Block,Ground,Lab 101,Lights,0.02,0.02,3,2,0
2026-09-09 03:26:48,Main Block,Ground,Lab 101,Fans,0.015,0.015,3,2,0
2026-09-09 03:26:48,Main Block,Ground,Lab 101,Server Units,3.937,3.937,3,2,0
2026-09-09 03:26:48,Main Block,First,Computer Lab 201,AC,0.25,0.25,3,2,0
2026-09-09 03:26:48,Main Block,First,Computer Lab 201,Computers,0.08,0.08,3,2,0
2026-09-09 03:26:48,Main Block,First,Computer Lab 201,Lights,0.02,0.02,3,2,0
2026-09-09 03:26:48,Main Block,First,Computer Lab 201,Fans,0.015,0.015,3,2,0
2026-09-09 03:26:48,Main Block,First,Computer Lab 201,Server Units,4.422,4.422,3,2,0
2026-09-09 03:26:48,Research Wing,Ground,AI Research Lab,AC,0.25,0.25,3,2,0
2026-09-09 03:26:48,Research Wing,Ground,AI Research Lab,Computers,0.08,0.08,3,2,0
2026-09-09 03:26:48,Research Wing,Ground,AI Research Lab,Lights,0.02,0.02,3,2,0
2026-09-09 03:26:48,Research Wing,Ground,AI Research Lab,Fans,0.015,0.015,3,2,0
2026-09-09 03:26:48,Research Wing,Ground,AI Research Lab,Server Units,4.266,4.266,3,2,0
2026-09-09 03:26:48,Research Wing,Ground,Server Room,AC,0.25,0.25,3,2,0
2026-09-09 03:26:48,Research Wing,Ground,Server Room,Computers,0.08,0.08,3,2,0
2026-09-09 03:26:48,Research Wing,Ground,Server Room,Lights,0.02,0.02,3,2,0
2026-09-09 03:26:48,Research Wing,Ground,Server Room,Fans,0.015,0.015,3,2,0
2026-09-09 03:26:48,Research Wing,Ground,Server Room,Server Units,4.334,4.334,3,2,0
2026-09-09 04:26:48,Main Block,Ground,Lab 101,AC,0.25,0.25,4,2,0
2026-09-09 04:26:48,Main Block,Ground,Lab 101,Computers,0.08,0.08,4,2,0
2026-09-09 04:26:48,Main Block,Ground,Lab 101,Lights,0.02,0.02,4,2,0
2026-09-09 04:26:48,Main Block,Ground,Lab 101,Fans,0.015,0.015,4,2,0
2026-09-09 04:26:48,Main Block,Ground,Lab 101,Server Units,3.766,3.766,4,2,0
2026-09-09 04:26:48,Main Block,First,Computer Lab 201,AC,0.25,0.25,4,2,0
2026-09-09 04:26:48,Main Block,First,Computer Lab 201,Computers,0.08,0.08,4,2,0
2026-09-09 04:26:48,Main Block,First,Computer Lab 201,Lights,0.02,0.02,4,2,0
2026-09-09 04:26:48,Main Block,First,Computer Lab 201,Fans,0.015,0.015,4,2,0
2026-09-09 04:26:48,Main Block,First,Computer Lab 201,Server Units,4.597,4.597,4,2,0
2026-09-09 04:26:48,Research Wing,Ground,AI Research Lab,AC,0.25,0.25,4,2,0
2026-09-09 04:26:48,Research Wing,Ground,AI Research Lab,Computers,0.08,0.08,4,2,0
2026-09-09 04:26:48,Research Wing,Ground,AI Research Lab,Lights,0.02,0.02,4,2,0
2026-09-09 04:26:48,Research Wing,Ground,AI Research Lab,Fans,0.015,0.015,4,2,0
2026-09-09 04:26:48,Research Wing,Ground,AI Research Lab,Server Units,4.712,4.712,4,2,0
2026-09-09 04:26:48,Research Wing,Ground,Server Room,AC,0.25,0.25,4,2,0
2026-09-09 04:26:48,Research Wing,Ground,Server Room,Computers,0.08,0.08,4,2,0
2026-09-09 04:26:48,Research Wing,Ground,Server Room,Lights,0.02,0.02,4,2,0
2026-09-09 04:26:48,Research Wing,Ground,Server Room,Fans,0.015,0.015,4,2,0
2026-09-09 04:26:48,Research Wing,Ground,Server Room,Server Units,3.961,3.961,4,2,0
2026-09-09 05:26:48,Main Block,Ground,Lab 101,AC,0.25,0.25,5,2,0
2026-09-09 05:26:48,Main Block,Ground,Lab 101,Computers,0.08,0.08,5,2,0
2026-09-09 05:26:48,Main Block,Ground,Lab 101,Lights,0.02,0.02,5,2,0
2026-09-09 05:26:48,Main Block,Ground,Lab 101,Fans,0.015,0.015,5,2,0
2026-09-09 05:26:48,Main Block,Ground,Lab 101,Server Units,3.834,3.834,5,2,0
2026-09-09 05:26:48,Main Block,First,Computer Lab 201,AC,0.25,0.25,5,2,0
2026-09-09 05:26:48,Main Block,First,Computer Lab 201,Computers,0.08,0.08,5,2,0
2026-09-09 05:26:48,Main Block,First,Computer Lab 201,Lights,0.02,0.02,5,2,0
2026-09-09 05:26:48,Main Block,First,Computer Lab 201,Fans,0.015,0.015,5,2,0
2026-09-09 05:26:48,Main Block,First,Computer Lab 201,Server Units,4.591,4.591,5,2,0
2026-09-09 05:26:48,Research Wing,Ground,AI Research Lab,AC,0.25,0.25,5,2,0
2026-09-09 05:26:48,Research Wing,Ground,AI Research Lab,Computers,0.08,0.08,5,2,0
2026-09-09 05:26:48,Research Wing,Ground,AI Research Lab,Lights,0.02,0.02,5,2,0
2026-09-09 05:26:48,Research Wing,Ground,AI Research Lab,Fans,0.015,0.015,5,2,0
2026-09-09 05:26:48,Research Wing,Ground,AI Research Lab,Server Units,5.014,5.014,5,2,0
2026-09-09 05:26:48,Research Wing,Ground,Server Room,AC,0.25,0.25,5,2,0
2026-09-09 05:26:48,Research Wing,Ground,Server Room,Computers,0.24,0.24,5,2,0
2026-09-09 05:26:48,Research Wing,Ground,Server Room,Lights,0.02,0.02,5,2,0
2026-09-09 05:26:48,Research Wing,Ground,Server Room,Fans,0.015,0.015,5,2,0
2026-09-09 05:26:48,Research Wing,Ground,Server Room,Server Units,4.981,4.981,5,2,0
2026-09-09 06:26:48,Main Block,Ground,Lab 101,AC,0.25,0.25,6,2,0
2026-09-09 06:26:48,Main Block,Ground,Lab 101,Computers,0.08,0.08,6,2,0
2026-09-09 06:26:48,Main Block,Ground,Lab 101,Lights,0.02,0.02,6,2,0
2026-09-09 06:26:48,Main Block,Ground,Lab 101,Fans,0.015,0.015,6,2,0
2026-09-09 06:26:48,Main Block,Ground,Lab 101,Server Units,4.9,4.9,6,2,0
2026-09-09 06:26:48,Main Block,First,Computer Lab 201,AC,0.25,0.25,6,2,0
2026-09-09 06:26:48,Main Block,First,Computer Lab 201,Computers,0.08,0.08,6,2,0
2026-09-09 06:26:48,Main Block,First,Computer Lab 201,Lights,0.02,0.02,6,2,0
2026-09-09 06:26:48,Main Block,First,Computer Lab 201,Fans,0.015,0.015,6,2,0
2026-09-09 06:26:48,Main Block,First,Computer Lab 201,Server Units,4.086,4.086,6,2,0
2026-09-09 06:26:48,Research Wing,Ground,AI Research Lab,AC,0.25,0.25,6,2,0
2026-09-09 06:26:48,Research Wing,Ground,AI Research Lab,Computers,0.08,0.08,6,2,0
2026-09-09 06:26:48,Research Wing,Ground,AI Research Lab,Lights,0.02,0.02,6,2,0
2026-09-09 06:26:48,Research Wing,Ground,AI Research Lab,Fans,0.015,0.015,6,2,0
2026-09-09 06:26:48,Research Wing,Ground,AI Research Lab,Server Units,4.115,4.115,6,2,0
2026-09-09 06:26:48,Research Wing,Ground,Server Room,AC,0.25,0.25,6,2,0
2026-09-09 06:26:48,Research Wing,Ground,Server Room,Computers,0.08,0.08,6,2,0
2026-09-09 06:26:48,Research Wing,Ground,Server Room,Lights,0.02,0.02,6,2,0
2026-09-09 06:26:48,Research Wing,Ground,Server Room,Fans,0.015,0.015,6,2,0
2026-09-09 06:26:48,Research Wing,Ground,Server Room,Server Units,4.876,4.876,6,2,0
2026-09-09 07:26:48,Main Block,Ground,Lab 101,AC,0.25,0.25,7,2,0
2026-09-09 07:26:48,Main Block,Ground,Lab 101,Computers,0.08,0.08,7,2,0
2026-09-09 07:26:48,Main Block,Ground,Lab 101,Lights,0.02,0.02,7,2,0
2026-09-09 07:26:48,Main Block,Ground,Lab 101,Fans,0.015,0.015,7,2,0
2026-09-09 07:26:48,Main Block,Ground,Lab 101,Server Units,4.327,4.327,7,2,0
2026-09-09 07:26:48,Main Block,First,Computer Lab 201,AC,0.25,0.25,7,2,0
2026-09-09 07:26:48,Main Block,First,Computer Lab 201,Computers,0.08,0.08,7,2,0
2026-09-09 07:26:48,Main Block,First,Computer Lab 201,Lights,0.02,0.02,7,2,0
2026-09-09 07:26:48,Main Block,First,Computer Lab 201,Fans,0.015,0.015,7,2,0
2026-09-09 07:26:48,Main Block,First,Computer Lab 201,Server Units,4.579,4.579,7,2,0
2026-09-09 07:26:48,Research Wing,Ground,AI Research Lab,AC,0.25,0.25,7,2,0
2026-09-09 07:26:48,Research Wing,Ground,AI Research Lab,Computers,0.08,0.08,7,2,0
2026-09-09 07:26:48,Research Wing,Ground,AI Research Lab,Lights,0.02,0.02,7,2,0
2026-09-09 07:26:48,Research Wing,Ground,AI Research Lab,Fans,0.015,0.015,7,2,0
2026-09-09 07:26:48,Research Wing,Ground,AI Research Lab,Server Units,4.452,4.452,7,2,0
2026-09-09 07:26:48,Research Wing,Ground,Server Room,AC,0.25,0.25,7,2,0
2026-09-09 07:26:48,Research Wing,Ground,Server Room,Computers,0.08,0.08,7,2,0
2026-09-09 07:26:48,Research Wing,Ground,Server Room,Lights,0.02,0.02,7,2,0
2026-09-09 07:26:48,Research Wing,Ground,Server Room,Fans,0.015,0.015,7,2,0
2026-09-09 07:26:48,Research Wing,Ground,Server Room,Server Units,3.74,3.74,7,2,0
2026-09-09 08:26:48,Main Block,Ground,Lab 101,AC,4.97,4.97,8,2,0
2026-09-09 08:26:48,Main Block,Ground,Lab 101,Computers,5.945,5.945,8,2,0
2026-09-09 08:26:48,Main Block,Ground,Lab 101,Lights,0.338,0.338,8,2,0
2026-09-09 08:26:48,Main Block,Ground,Lab 101,Fans,0.581,0.581,8,2,0
2026-09-09 08:26:48,Main Block,Ground,Lab 101,Server Units,4.308,4.308,8,2,0
2026-09-09 08:26:48,Main Block,First,Computer Lab 201,AC,12.411,12.411,8,2,0
2026-09-09 08:26:48,Main Block,First,Computer Lab 201,Computers,1.924,1.924,8,2,0
2026-09-09 08:26:48,Main Block,First,Computer Lab 201,Lights,0.305,0.305,8,2,0
2026-09-09 08:26:48,Main Block,First,Computer Lab 201,Fans,0.175,0.175,8,2,0
2026-09-09 08:26:48,Main Block,First,Computer Lab 201,Server Units,4.254,4.254,8,2,0
2026-09-09 08:26:48,Research Wing,Ground,AI Research Lab,AC,4.18,4.18,8,2,0
2026-09-09 08:26:48,Research Wing,Ground,AI Research Lab,Computers,1.844,1.844,8,2,0
2026-09-09 08:26:48,Research Wing,Ground,AI Research Lab,Lights,0.337,0.337,8,2,0
2026-09-09 08:26:48,Research Wing,Ground,AI Research Lab,Fans,0.206,0.206,8,2,0
2026-09-09 08:26:48,Research Wing,Ground,AI Research Lab,Server Units,4.721,4.721,8,2,0
2026-09-09 08:26:48,Research Wing,Ground,Server Room,AC,4.382,4.382,8,2,0
2026-09-09 08:26:48,Research Wing,Ground,Server Room,Computers,1.809,1.809,8,2,0
2026-09-09 08:26:48,Research Wing,Ground,Server Room,Lights,0.312,0.312,8,2,0
2026-09-09 08:26:48,Research Wing,Ground,Server Room,Fans,0.182,0.182,8,2,0
2026-09-09 08:26:48,Research Wing,Ground,Server Room,Server Units,11.964,11.964,8,2,0
2026-09-09 09:26:48,Main Block,Ground,Lab 101,AC,3.892,3.892,9,2,0
2026-09-09 09:26:48,Main Block,Ground,Lab 101,Computers,1.812,1.812,9,2,0
2026-09-09 09:26:48,Main Block,Ground,Lab 101,Lights,0.279,0.279,9,2,0
2026-09-09 09:26:48,Main Block,Ground,Lab 101,Fans,0.208,0.208,9,2,0
2026-09-09 09:26:48,Main Block,Ground,Lab 101,Server Units,3.939,3.939,9,2,0
2026-09-09 09:26:48,Main Block,First,Computer Lab 201,AC,4.287,4.287,9,2,0
2026-09-09 09:26:48,Main Block,First,Computer Lab 201,Computers,2.18,2.18,9,2,0
2026-09-09 09:26:48,Main Block,First,Computer Lab 201,Lights,0.297,0.297,9,2,0
2026-09-09 09:26:48,Main Block,First,Computer Lab 201,Fans,0.185,0.185,9,2,0
2026-09-09 09:26:48,Main Block,First,Computer Lab 201,Server Units,4.996,4.996,9,2,0
2026-09-09 09:26:48,Research Wing,Ground,AI Research Lab,AC,4.872,4.872,9,2,0
2026-09-09 09:26:48,Research Wing,Ground,AI Research Lab,Computers,1.982,1.982,9,2,0
2026-09-09 09:26:48,Research Wing,Ground,AI Research Lab,Lights,0.331,0.331,9,2,0
2026-09-09 09:26:48,Research Wing,Ground,AI Research Lab,Fans,0.214,0.214,9,2,0
2026-09-09 09:26:48,Research Wing,Ground,AI Research Lab,Server Units,4.754,4.754,9,2,0
2026-09-09 09:26:48,Research Wing,Ground,Server Room,AC,4.866,4.866,9,2,0
2026-09-09 09:26:48,Research Wing,Ground,Server Room,Computers,2.143,2.143,9,2,0
2026-09-09 09:26:48,Research Wing,Ground,Server Room,Lights,0.296,0.296,9,2,0
2026-09-09 09:26:48,Research Wing,Ground,Server Room,Fans,0.196,0.196,9,2,0
2026-09-09 09:26:48,Research Wing,Ground,Server Room,Server Units,4.364,4.364,9,2,0
2026-09-09 10:26:48,Main Block,Ground,Lab 101,AC,4.246,4.246,10,2,0
2026-09-09 10:26:48,Main Block,Ground,Lab 101,Computers,2.077,2.077,10,2,0
2026-09-09 10:26:48,Main Block,Ground,Lab 101,Lights,0.339,0.339,10,2,0
2026-09-09 10:26:48,Main Block,Ground,Lab 101,Fans,0.181,0.181,10,2,0
2026-09-09 10:26:48,Main Block,Ground,Lab 101,Server Units,4.002,4.002,10,2,0
2026-09-09 10:26:48,Main Block,First,Computer Lab 201,AC,4.991,4.991,10,2,0
2026-09-09 10:26:48,Main Block,First,Computer Lab 201,Computers,1.768,1.768,10,2,0
2026-09-09 10:26:48,Main Block,First,Computer Lab 201,Lights,0.284,0.284,10,2,0
2026-09-09 10:26:48,Main Block,First,Computer Lab 201,Fans,0.182,0.182,10,2,0
2026-09-09 10:26:48,Main Block,First,Computer Lab 201,Server Units,14.345,14.345,10,2,0
2026-09-09 10:26:48,Research Wing,Ground,AI Research Lab,AC,3.882,3.882,10,2,0
2026-09-09 10:26:48,Research Wing,Ground,AI Research Lab,Computers,1.985,1.985,10,2,0
2026-09-09 10:26:48,Research Wing,Ground,AI Research Lab,Lights,0.288,0.288,10,2,0
2026-09-09 10:26:48,Research Wing,Ground,AI Research Lab,Fans,0.175,0.175,10,2,0
2026-09-09 10:26:48,Research Wing,Ground,AI Research Lab,Server Units,4.557,4.557,10,2,0
2026-09-09 10:26:48,Research Wing,Ground,Server Room,AC,5.171,5.171,10,2,0
2026-09-09 10:26:48,Research Wing,Ground,Server Room,Computers,1.736,1.736,10,2,0
2026-09-09 10:26:48,Research Wing,Ground,Server Room,Lights,0.318,0.318,10,2,0
2026-09-09 10:26:48,Research Wing,Ground,Server Room,Fans,0.173,0.173,10,2,0
2026-09-09 10:26:48,Research Wing,Ground,Server Room,Server Units,5.036,5.036,10,2,0
2026-09-09 11:26:48,Main Block,Ground,Lab 101,AC,4.847,4.847,11,2,0
2026-09-09 11:26:48,Main Block,Ground,Lab 101,Computers,1.963,1.963,11,2,0
2026-09-09 11:26:48,Main Block,Ground,Lab 101,Lights,0.317,0.317,11,2,0
2026-09-09 11:26:48,Main Block,Ground,Lab 101,Fans,0.174,0.174,11,2,0
2026-09-09 11:26:48,Main Block,Ground,Lab 101,Server Units,4.381,4.381,11,2,0
2026-09-09 11:26:48,Main Block,First,Computer Lab 201,AC,4.223,4.223,11,2,0
2026-09-09 11:26:48,Main Block,First,Computer Lab 201,Computers,1.814,1.814,11,2,0
2026-09-09 11:26:48,Main Block,First,Computer Lab 201,Lights,0.286,0.286,11,2,0
2026-09-09 11:26:48,Main Block,First,Computer Lab 201,Fans,0.182,0.182,11,2,0
2026-09-09 11:26:48,Main Block,First,Computer Lab 201,Server Units,4.947,4.947,11,2,0
2026-09-09 11:26:48,Research Wing,Ground,AI Research Lab,AC,3.918,3.918,11,2,0
2026-09-09 11:26:48,Research Wing,Ground,AI Research Lab,Computers,1.877,1.877,11,2,0
2026-09-09 11:26:48,Research Wing,Ground,AI Research Lab,Lights,0.864,0.864,11,2,0
2026-09-09 11:26:48,Research Wing,Ground,AI Research Lab,Fans,0.203,0.203,11,2,0
2026-09-09 11:26:48,Research Wing,Ground,AI Research Lab,Server Units,11.955,11.955,11,2,0
2026-09-09 11:26:48,Research Wing,Ground,Server Room,AC,4.982,4.982,11,2,0
2026-09-09 11:26:48,Research Wing,Ground,Server Room,Computers,1.843,1.843,11,2,0
2026-09-09 11:26:48,Research Wing,Ground,Server Room,Lights,0.314,0.314,11,2,0
2026-09-09 11:26:48,Research Wing,Ground,Server Room,Fans,0.188,0.188,11,2,0
2026-09-09 11:26:48,Research Wing,Ground,Server Room,Server Units,4.397,4.397,11,2,0
2026-09-09 12:26:48,Main Block,Ground,Lab 101,AC,4.653,4.653,12,2,0
2026-09-09 12:26:48,Main Block,Ground,Lab 101,Computers,2.085,2.085,12,2,0
2026-09-09 12:26:48,Main Block,Ground,Lab 101,Lights,0.302,0.302,12,2,0
2026-09-09 12:26:48,Main Block,Ground,Lab 101,Fans,0.215,0.215,12,2,0
2026-09-09 12:26:48,Main Block,Ground,Lab 101,Server Units,4.893,4.893,12,2,0
2026-09-09 12:26:48,Main Block,First,Computer Lab 201,AC,4.48,4.48,12,2,0
2026-09-09 12:26:48,Main Block,First,Computer Lab 201,Computers,2.043,2.043,12,2,0
2026-09-09 12:26:48,Main Block,First,Computer Lab 201,Lights,0.314,0.314,12,2,0
2026-09-09 12:26:48,Main Block,First,Computer Lab 201,Fans,0.207,0.207,12,2,0
2026-09-09 12:26:48,Main Block,First,Computer Lab 201,Server Units,4.224,4.224,12,2,0
2026-09-09 12:26:48,Research Wing,Ground,AI Research Lab,AC,3.921,3.921,12,2,0
2026-09-09 12:26:48,Research Wing,Ground,AI Research Lab,Computers,1.825,1.825,12,2,0
2026-09-09 12:26:48,Research Wing,Ground,AI Research Lab,Lights,0.335,0.335,12,2,0
2026-09-09 12:26:48,Research Wing,Ground,AI Research Lab,Fans,0.213,0.213,12,2,0
2026-09-09 12:26:48,Research Wing,Ground,AI Research Lab,Server Units,4.477,4.477,12,2,0
2026-09-09 12:26:48,Research Wing,Ground,Server Room,AC,4.387,4.387,12,2,0
2026-09-09 12:26:48,Research Wing,Ground,Server Room,Computers,2.125,2.125,12,2,0
2026-09-09 12:26:48,Research Wing,Ground,Server Room,Lights,0.279,0.279,12,2,0
2026-09-09 12:26:48,Research Wing,Ground,Server Room,Fans,0.17,0.17,12,2,0
2026-09-09 12:26:48,Research Wing,Ground,Server Room,Server Units,4.987,4.987,12,2,0
2026-09-09 13:26:48,Main Block,Ground,Lab 101,AC,3.956,3.956,13,2,0
2026-09-09 13:26:48,Main Block,Ground,Lab 101,Computers,2.019,2.019,13,2,0
2026-09-09 13:26:48,Main Block,Ground,Lab 101,Lights,0.302,0.302,13,2,0
2026-09-09 13:26:48,Main Block,Ground,Lab 101,Fans,0.202,0.202,13,2,0
2026-09-09 13:26:48,Main Block,Ground,Lab 101,Server Units,4.729,4.729,13,2,0
2026-09-09 13:26:48,Main Block,First,Computer Lab 201,AC,3.967,3.967,13,2,0
2026-09-09 13:26:48,Main Block,First,Computer Lab 201,Computers,1.915,1.915,13,2,0
2026-09-09 13:26:48,Main Block,First,Computer Lab 201,Lights,0.315,0.315,13,2,0
2026-09-09 13:26:48,Main Block,First,Computer Lab 201,Fans,0.176,0.176,13,2,0
2026-09-09 13:26:48,Main Block,First,Computer Lab 201,Server Units,4.27,4.27,13,2,0
2026-09-09 13:26:48,Research Wing,Ground,AI Research Lab,AC,4.039,4.039,13,2,0
2026-09-09 13:26:48,Research Wing,Ground,AI Research Lab,Computers,1.966,1.966,13,2,0
2026-09-09 13:26:48,Research Wing,Ground,AI Research Lab,Lights,0.283,0.283,13,2,0
2026-09-09 13:26:48,Research Wing,Ground,AI Research Lab,Fans,0.185,0.185,13,2,0
2026-09-09 13:26:48,Research Wing,Ground,AI Research Lab,Server Units,4.749,4.749,13,2,0
2026-09-09 13:26:48,Research Wing,Ground,Server Room,AC,4.805,4.805,13,2,0
2026-09-09 13:26:48,Research Wing,Ground,Server Room,Computers,2.038,2.038,13,2,0
2026-09-09 13:26:48,Research Wing,Ground,Server Room,Lights,0.324,0.324,13,2,0
2026-09-09 13:26:48,Research Wing,Ground,Server Room,Fans,0.181,0.181,13,2,0
2026-09-09 13:26:48,Research Wing,Ground,Server Room,Server Units,4.331,4.331,13,2,0
2026-09-09 14:26:48,Main Block,Ground,Lab 101,AC,4.806,4.806,14,2,0
2026-09-09 14:26:48,Main Block,Ground,Lab 101,Computers,2.057,2.057,14,2,0
2026-09-09 14:26:48,Main Block,Ground,Lab 101,Lights,0.344,0.344,14,2,0
2026-09-09 14:26:48,Main Block,Ground,Lab 101,Fans,0.183,0.183,14,2,0
2026-09-09 14:26:48,Main Block,Ground,Lab 101,Server Units,14.609,14.609,14,2,0
2026-09-09 14:26:48,Main Block,First,Computer Lab 201,AC,4.935,4.935,14,2,0
2026-09-09 14:26:48,Main Block,First,Computer Lab 201,Computers,1.866,1.866,14,2,0
2026-09-09 14:26:48,Main Block,First,Computer Lab 201,Lights,0.305,0.305,14,2,0
2026-09-09 14:26:48,Main Block,First,Computer Lab 201,Fans,0.175,0.175,14,2,0
2026-09-09 14:26:48,Main Block,First,Computer Lab 201,Server Units,4.209,4.209,14,2,0
2026-09-09 14:26:48,Research Wing,Ground,AI Research Lab,AC,4.321,4.321,14,2,0
2026-09-09 14:26:48,Research Wing,Ground,AI Research Lab,Computers,1.84,1.84,14,2,0
2026-09-09 14:26:48,Research Wing,Ground,AI Research Lab,Lights,0.263,0.263,14,2,0
2026-09-09 14:26:48,Research Wing,Ground,AI Research Lab,Fans,0.219,0.219,14,2,0
2026-09-09 14:26:48,Research Wing,Ground,AI Research Lab,Server Units,4.695,4.695,14,2,0
2026-09-09 14:26:48,Research Wing,Ground,Server Room,AC,4.058,4.058,14,2,0
2026-09-09 14:26:48,Research Wing,Ground,Server Room,Computers,2.114,2.114,14,2,0
2026-09-09 14:26:48,Research Wing,Ground,Server Room,Lights,0.337,0.337,14,2,0
2026-09-09 14:26:48,Research Wing,Ground,Server Room,Fans,0.183,0.183,14,2,0
2026-09-09 14:26:48,Research Wing,Ground,Server Room,Server Units,4.501,4.501,14,2,0
2026-09-09 15:26:48,Main Block,Ground,Lab 101,AC,3.9,3.9,15,2,0
2026-09-09 15:26:48,Main Block,Ground,Lab 101,Computers,1.909,1.909,15,2,0
2026-09-09 15:26:48,Main Block,Ground,Lab 101,Lights,0.292,0.292,15,2,0
2026-09-09 15:26:48,Main Block,Ground,Lab 101,Fans,0.217,0.217,15,2,0
2026-09-09 15:26:48,Main Block,Ground,Lab 101,Server Units,4.602,4.602,15,2,0
2026-09-09 15:26:48,Main Block,First,Computer Lab 201,AC,3.84,3.84,15,2,0
2026-09-09 15:26:48,Main Block,First,Computer Lab 201,Computers,1.929,1.929,15,2,0
2026-09-09 15:26:48,Main Block,First,Computer Lab 201,Lights,0.259,0.259,15,2,0
2026-09-09 15:26:48,Main Block,First,Computer Lab 201,Fans,0.175,0.175,15,2,0
2026-09-09 15:26:48,Main Block,First,Computer Lab 201,Server Units,4.031,4.031,15,2,0
2026-09-09 15:26:48,Research Wing,Ground,AI Research Lab,AC,4.813,4.813,15,2,0
2026-09-09 15:26:48,Research Wing,Ground,AI Research Lab,Computers,1.967,1.967,15,2,0
2026-09-09 15:26:48,Research Wing,Ground,AI Research Lab,Lights,0.3,0.3,15,2,0
2026-09-09 15:26:48,Research Wing,Ground,AI Research Lab,Fans,0.183,0.183,15,2,0
2026-09-09 15:26:48,Research Wing,Ground,AI Research Lab,Server Units,3.914,3.914,15,2,0
2026-09-09 15:26:48,Research Wing,Ground,Server Room,AC,4.596,4.596,15,2,0
2026-09-09 15:26:48,Research Wing,Ground,Server Room,Computers,1.94,1.94,15,2,0
2026-09-09 15:26:48,Research Wing,Ground,Server Room,Lights,0.3,0.3,15,2,0
2026-09-09 15:26:48,Research Wing,Ground,Server Room,Fans,0.173,0.173,15,2,0
2026-09-09 15:26:48,Research Wing,Ground,Server Room,Server Units,4.478,4.478,15,2,0
2026-09-09 16:26:48,Main Block,Ground,Lab 101,AC,4.706,4.706,16,2,0
2026-09-09 16:26:48,Main Block,Ground,Lab 101,Computers,2.07,2.07,16,2,0
2026-09-09 16:26:48,Main Block,Ground,Lab 101,Lights,0.277,0.277,16,2,0
2026-09-09 16:26:48,Main Block,Ground,Lab 101,Fans,0.211,0.211,16,2,0
2026-09-09 16:26:48,Main Block,Ground,Lab 101,Server Units,4.96,4.96,16,2,0
2026-09-09 16:26:48,Main Block,First,Computer Lab 201,AC,4.732,4.732,16,2,0
2026-09-09 16:26:48,Main Block,First,Computer Lab 201,Computers,1.909,1.909,16,2,0
2026-09-09 16:26:48,Main Block,First,Computer Lab 201,Lights,0.925,0.925,16,2,0
2026-09-09 16:26:48,Main Block,First,Computer Lab 201,Fans,0.184,0.184,16,2,0
2026-09-09 16:26:48,Main Block,First,Computer Lab 201,Server Units,4.553,4.553,16,2,0
2026-09-09 16:26:48,Research Wing,Ground,AI Research Lab,AC,4.422,4.422,16,2,0
2026-09-09 16:26:48,Research Wing,Ground,AI Research Lab,Computers,1.727,1.727,16,2,0
2026-09-09 16:26:48,Research Wing,Ground,AI Research Lab,Lights,0.273,0.273,16,2,0
2026-09-09 16:26:48,Research Wing,Ground,AI Research Lab,Fans,0.21,0.21,16,2,0
2026-09-09 16:26:48,Research Wing,Ground,AI Research Lab,Server Units,3.888,3.888,16,2,0
2026-09-09 16:26:48,Research Wing,Ground,Server Room,AC,5.106,5.106,16,2,0
2026-09-09 16:26:48,Research Wing,Ground,Server Room,Computers,2.221,2.221,16,2,0
2026-09-09 16:26:48,Research Wing,Ground,Server Room,Lights,0.256,0.256,16,2,0
2026-09-09 16:26:48,Research Wing,Ground,Server Room,Fans,0.172,0.172,16,2,0
2026-09-09 16:26:48,Research Wing,Ground,Server Room,Server Units,3.77,3.77,16,2,0
2026-09-09 17:26:48,Main Block,Ground,Lab 101,AC,4.551,4.551,17,2,0
2026-09-09 17:26:48,Main Block,Ground,Lab 101,Computers,2.014,2.014,17,2,0
2026-09-09 17:26:48,Main Block,Ground,Lab 101,Lights,0.298,0.298,17,2,0
2026-09-09 17:26:48,Main Block,Ground,Lab 101,Fans,0.174,0.174,17,2,0
2026-09-09 17:26:48,Main Block,Ground,Lab 101,Server Units,3.764,3.764,17,2,0
2026-09-09 17:26:48,Main Block,First,Computer Lab 201,AC,4.721,4.721,17,2,0
2026-09-09 17:26:48,Main Block,First,Computer Lab 201,Computers,1.802,1.802,17,2,0
2026-09-09 17:26:48,Main Block,First,Computer Lab 201,Lights,0.326,0.326,17,2,0
2026-09-09 17:26:48,Main Block,First,Computer Lab 201,Fans,0.169,0.169,17,2,0
2026-09-09 17:26:48,Main Block,First,Computer Lab 201,Server Units,3.751,3.751,17,2,0
2026-09-09 17:26:48,Research Wing,Ground,AI Research Lab,AC,4.191,4.191,17,2,0
2026-09-09 17:26:48,Research Wing,Ground,AI Research Lab,Computers,2.096,2.096,17,2,0
2026-09-09 17:26:48,Research Wing,Ground,AI Research Lab,Lights,0.257,0.257,17,2,0
2026-09-09 17:26:48,Research Wing,Ground,AI Research Lab,Fans,0.204,0.204,17,2,0
2026-09-09 17:26:48,Research Wing,Ground,AI Research Lab,Server Units,4.243,4.243,17,2,0
2026-09-09 17:26:48,Research Wing,Ground,Server Room,AC,3.959,3.959,17,2,0
2026-09-09 17:26:48,Research Wing,Ground,Server Room,Computers,2.22,2.22,17,2,0
2026-09-09 17:26:48,Research Wing,Ground,Server Room,Lights,0.272,0.272,17,2,0
2026-09-09 17:26:48,Research Wing,Ground,Server Room,Fans,0.193,0.193,17,2,0
2026-09-09 17:26:48,Research Wing,Ground,Server Room,Server Units,3.768,3.768,17,2,0
2026-09-09 18:26:48,Main Block,Ground,Lab 101,AC,4.54,4.54,18,2,0
2026-09-09 18:26:48,Main Block,Ground,Lab 101,Computers,1.936,1.936,18,2,0
2026-09-09 18:26:48,Main Block,Ground,Lab 101,Lights,0.286,0.286,18,2,0
2026-09-09 18:26:48,Main Block,Ground,Lab 101,Fans,0.202,0.202,18,2,0
2026-09-09 18:26:48,Main Block,Ground,Lab 101,Server Units,5.031,5.031,18,2,0
2026-09-09 18:26:48,Main Block,First,Computer Lab 201,AC,4.921,4.921,18,2,0
2026-09-09 18:26:48,Main Block,First,Computer Lab 201,Computers,2.227,2.227,18,2,0
2026-09-09 18:26:48,Main Block,First,Computer Lab 201,Lights,0.328,0.328,18,2,0
2026-09-09 18:26:48,Main Block,First,Computer Lab 201,Fans,0.198,0.198,18,2,0
2026-09-09 18:26:48,Main Block,First,Computer Lab 201,Server Units,3.94,3.94,18,2,0
2026-09-09 18:26:48,Research Wing,Ground,AI Research Lab,AC,4.712,4.712,18,2,0
2026-09-09 18:26:48,Research Wing,Ground,AI Research Lab,Computers,1.929,1.929,18,2,0
2026-09-09 18:26:48,Research Wing,Ground,AI Research Lab,Lights,0.31,0.31,18,2,0
2026-09-09 18:26:48,Research Wing,Ground,AI Research Lab,Fans,0.179,0.179,18,2,0
2026-09-09 18:26:48,Research Wing,Ground,AI Research Lab,Server Units,3.942,3.942,18,2,0
2026-09-09 18:26:48,Research Wing,Ground,Server Room,AC,5.053,5.053,18,2,0
2026-09-09 18:26:48,Research Wing,Ground,Server Room,Computers,2.025,2.025,18,2,0
2026-09-09 18:26:48,Research Wing,Ground,Server Room,Lights,0.267,0.267,18,2,0
2026-09-09 18:26:48,Research Wing,Ground,Server Room,Fans,0.213,0.213,18,2,0
2026-09-09 18:26:48,Research Wing,Ground,Server Room,Server Units,4.148,4.148,18,2,0
2026-09-09 19:26:48,Main Block,Ground,Lab 101,AC,0.25,0.25,19,2,0
2026-09-09 19:26:48,Main Block,Ground,Lab 101,Computers,0.08,0.08,19,2,0
2026-09-09 19:26:48,Main Block,Ground,Lab 101,Lights,0.02,0.02,19,2,0
2026-09-09 19:26:48,Main Block,Ground,Lab 101,Fans,0.015,0.015,19,2,0
2026-09-09 19:26:48,Main Block,Ground,Lab 101,Server Units,3.932,3.932,19,2,0
2026-09-09 19:26:48,Main Block,First,Computer Lab 201,AC,0.25,0.25,19,2,0
2026-09-09 19:26:48,Main Block,First,Computer Lab 201,Computers,0.08,0.08,19,2,0
2026-09-09 19:26:48,Main Block,First,Computer Lab 201,Lights,0.02,0.02,19,2,0
2026-09-09 19:26:48,Main Block,First,Computer Lab 201,Fans,0.015,0.015,19,2,0
2026-09-09 19:26:48,Main Block,First,Computer Lab 201,Server Units,3.896,3.896,19,2,0
2026-09-09 19:26:48,Research Wing,Ground,AI Research Lab,AC,0.25,0.25,19,2,0
2026-09-09 19:26:48,Research Wing,Ground,AI Research Lab,Computers,0.08,0.08,19,2,0
2026-09-09 19:26:48,Research Wing,Ground,AI Research Lab,Lights,0.02,0.02,19,2,0
2026-09-09 19:26:48,Research Wing,Ground,AI Research Lab,Fans,0.015,0.015,19,2,0
2026-09-09 19:26:48,Research Wing,Ground,AI Research Lab,Server Units,4.287,4.287,19,2,0
2026-09-09 19:26:48,Research Wing,Ground,Server Room,AC,0.25,0.25,19,2,0
2026-09-09 19:26:48,Research Wing,Ground,Server Room,Computers,0.08,0.08,19,2,0
2026-09-09 19:26:48,Research Wing,Ground,Server Room,Lights,0.02,0.02,19,2,0
2026-09-09 19:26:48,Research Wing,Ground,Server Room,Fans,0.015,0.015,19,2,0
2026-09-09 19:26:48,Research Wing,Ground,Server Room,Server Units,4.101,4.101,19,2,0
2026-09-09 20:26:48,Main Block,Ground,Lab 101,AC,0.25,0.25,20,2,0
2026-09-09 20:26:48,Main Block,Ground,Lab 101,Computers,0.08,0.08,20,2,0
2026-09-09 20:26:48,Main Block,Ground,Lab 101,Lights,0.02,0.02,20,2,0
2026-09-09 20:26:48,Main Block,Ground,Lab 101,Fans,0.015,0.015,20,2,0
2026-09-09 20:26:48,Main Block,Ground,Lab 101,Server Units,4.092,4.092,20,2,0
2026-09-09 20:26:48,Main Block,First,Computer Lab 201,AC,0.25,0.25,20,2,0
2026-09-09 20:26:48,Main Block,First,Computer Lab 201,Computers,0.08,0.08,20,2,0
2026-09-09 20:26:48,Main Block,First,Computer Lab 201,Lights,0.02,0.02,20,2,0
2026-09-09 20:26:48,Main Block,First,Computer Lab 201,Fans,0.015,0.015,20,2,0
2026-09-09 20:26:48,Main Block,First,Computer Lab 201,Server Units,4.648,4.648,20,2,0
2026-09-09 20:26:48,Research Wing,Ground,AI Research Lab,AC,0.25,0.25,20,2,0
2026-09-09 20:26:48,Research Wing,Ground,AI Research Lab,Computers,0.08,0.08,20,2,0
2026-09-09 20:26:48,Research Wing,Ground,AI Research Lab,Lights,0.02,0.02,20,2,0
2026-09-09 20:26:48,Research Wing,Ground,AI Research Lab,Fans,0.015,0.015,20,2,0
2026-09-09 20:26:48,Research Wing,Ground,AI Research Lab,Server Units,4.865,4.865,20,2,0
2026-09-09 20:26:48,Research Wing,Ground,Server Room,AC,0.25,0.25,20,2,0
2026-09-09 20:26:48,Research Wing,Ground,Server Room,Computers,0.08,0.08,20,2,0
2026-09-09 20:26:48,Research Wing,Ground,Server Room,Lights,0.02,0.02,20,2,0
2026-09-09 20:26:48,Research Wing,Ground,Server Room,Fans,0.015,0.015,20,2,0
2026-09-09 20:26:48,Research Wing,Ground,Server Room,Server Units,3.76,3.76,20,2,0
2026-09-09 21:26:48,Main Block,Ground,Lab 101,AC,0.25,0.25,21,2,0
2026-09-09 21:26:48,Main Block,Ground,Lab 101,Computers,0.08,0.08,21,2,0
2026-09-09 21:26:48,Main Block,Ground,Lab 101,Lights,0.02,0.02,21,2,0
2026-09-09 21:26:48,Main Block,Ground,Lab 101,Fans,0.015,0.015,21,2,0
2026-09-09 21:26:48,Main Block,Ground,Lab 101,Server Units,3.827,3.827,21,2,0
2026-09-09 21:26:48,Main Block,First,Computer Lab 201,AC,0.25,0.25,21,2,0
2026-09-09 21:26:48,Main Block,First,Computer Lab 201,Computers,0.08,0.08,21,2,0
2026-09-09 21:26:48,Main Block,First,Computer Lab 201,Lights,0.02,0.02,21,2,0
2026-09-09 21:26:48,Main Block,First,Computer Lab 201,Fans,0.015,0.015,21,2,0
2026-09-09 21:26:48,Main Block,First,Computer Lab 201,Server Units,4.344,4.344,21,2,0
2026-09-09 21:26:48,Research Wing,Ground,AI Research Lab,AC,0.25,0.25,21,2,0
2026-09-09 21:26:48,Research Wing,Ground,AI Research Lab,Computers,0.08,0.08,21,2,0
2026-09-09 21:26:48,Research Wing,Ground,AI Research Lab,Lights,0.02,0.02,21,2,0
2026-09-09 21:26:48,Research Wing,Ground,AI Research Lab,Fans,0.015,0.015,21,2,0
2026-09-09 21:26:48,Research Wing,Ground,AI Research Lab,Server Units,4.153,4.153,21,2,0
2026-09-09 21:26:48,Research Wing,Ground,Server Room,AC,0.25,0.25,21,2,0
2026-09-09 21:26:48,Research Wing,Ground,Server Room,Computers,0.08,0.08,21,2,0
2026-09-09 21:26:48,Research Wing,Ground,Server Room,Lights,0.02,0.02,21,2,0
2026-09-09 21:26:48,Research Wing,Ground,Server Room,Fans,0.015,0.015,21,2,0
2026-09-09 21:26:48,Research Wing,Ground,Server Room,Server Units,4.779,4.779,21,2,0
2026-09-09 22:26:48,Main Block,Ground,Lab 101,AC,0.25,0.25,22,2,0
2026-09-09 22:26:48,Main Block,Ground,Lab 101,Computers,0.08,0.08,22,2,0
2026-09-09 22:26:48,Main Block,Ground,Lab 101,Lights,0.02,0.02,22,2,0
2026-09-09 22:26:48,Main Block,Ground,Lab 101,Fans,0.015,0.015,22,2,0
2026-09-09 22:26:48,Main Block,Ground,Lab 101,Server Units,4.425,4.425,22,2,0
2026-09-09 22:26:48,Main Block,First,Computer Lab 201,AC,0.25,0.25,22,2,0
2026-09-09 22:26:48,Main Block,First,Computer Lab 201,Computers,0.08,0.08,22,2,0
2026-09-09 22:26:48,Main Block,First,Computer Lab 201,Lights,0.02,0.02,22,2,0
2026-09-09 22:26:48,Main Block,First,Computer Lab 201,Fans,0.015,0.015,22,2,0
2026-09-09 22:26:48,Main Block,First,Computer Lab 201,Server Units,3.805,3.805,22,2,0
2026-09-09 22:26:48,Research Wing,Ground,AI Research Lab,AC,0.25,0.25,22,2,0
2026-09-09 22:26:48,Research Wing,Ground,AI Research Lab,Computers,0.08,0.08,22,2,0
2026-09-09 22:26:48,Research Wing,Ground,AI Research Lab,Lights,0.02,0.02,22,2,0
2026-09-09 22:26:48,Research Wing,Ground,AI Research Lab,Fans,0.015,0.015,22,2,0
2026-09-09 22:26:48,Research Wing,Ground,AI Research Lab,Server Units,4.298,4.298,22,2,0
2026-09-09 22:26:48,Research Wing,Ground,Server Room,AC,0.25,0.25,22,2,0
2026-09-09 22:26:48,Research Wing,Ground,Server Room,Computers,0.08,0.08,22,2,0
2026-09-09 22:26:48,Research Wing,Ground,Server Room,Lights,0.02,0.02,22,2,0
2026-09-09 22:26:48,Research Wing,Ground,Server Room,Fans,0.015,0.015,22,2,0
2026-09-09 22:26:48,Research Wing,Ground,Server Room,Server Units,4.336,4.336,22,2,0
2026-09-09 23:26:48,Main Block,Ground,Lab 101,AC,0.25,0.25,23,2,0
2026-09-09 23:26:48,Main Block,Ground,Lab 101,Computers,0.08,0.08,23,2,0
2026-09-09 23:26:48,Main Block,Ground,Lab 101,Lights,0.02,0.02,23,2,0
2026-09-09 23:26:48,Main Block,Ground,Lab 101,Fans,0.015,0.015,23,2,0
2026-09-09 23:26:48,Main Block,Ground,Lab 101,Server Units,3.919,3.919,23,2,0
2026-09-09 23:26:48,Main Block,First,Computer Lab 201,AC,0.25,0.25,23,2,0
2026-09-09 23:26:48,Main Block,First,Computer Lab 201,Computers,0.08,0.08,23,2,0
2026-09-09 23:26:48,Main Block,First,Computer Lab 201,Lights,0.02,0.02,23,2,0
2026-09-09 23:26:48,Main Block,First,Computer Lab 201,Fans,0.015,0.015,23,2,0
2026-09-09 23:26:48,Main Block,First,Computer Lab 201,Server Units,4.007,4.007,23,2,0
2026-09-09 23:26:48,Research Wing,Ground,AI Research Lab,AC,0.25,0.25,23,2,0
2026-09-09 23:26:48,Research Wing,Ground,AI Research Lab,Computers,0.08,0.08,23,2,0
2026-09-09 23:26:48,Research Wing,Ground,AI Research Lab,Lights,0.02,0.02,23,2,0
2026-09-09 23:26:48,Research Wing,Ground,AI Research Lab,Fans,0.015,0.015,23,2,0
2026-09-09 23:26:48,Research Wing,Ground,AI Research Lab,Server Units,4.688,4.688,23,2,0
2026-09-09 23:26:48,Research Wing,Ground,Server Room,AC,0.25,0.25,23,2,0
2026-09-09 23:26:48,Research Wing,Ground,Server Room,Computers,0.08,0.08,23,2,0
2026-09-09 23:26:48,Research Wing,Ground,Server Room,Lights,0.02,0.02,23,2,0
2026-09-09 23:26:48,Research Wing,Ground,Server Room,Fans,0.015,0.015,23,2,0
2026-09-09 23:26:48,Research Wing,Ground,Server Room,Server Units,4.247,4.247,23,2,0
2026-09-10 00:26:48,Main Block,Ground,Lab 101,AC,0.25,0.25,0,3,0
2026-09-10 00:26:48,Main Block,Ground,Lab 101,Computers,0.08,0.08,0,3,0
2026-09-10 00:26:48,Main Block,Ground,Lab 101,Lights,0.02,0.02,0,3,0
2026-09-10 00:26:48,Main Block,Ground,Lab 101,Fans,0.015,0.015,0,3,0
2026-09-10 00:26:48,Main Block,Ground,Lab 101,Server Units,4.754,4.754,0,3,0
2026-09-10 00:26:48,Main Block,First,Computer Lab 201,AC,0.25,0.25,0,3,0
2026-09-10 00:26:48,Main Block,First,Computer Lab 201,Computers,0.08,0.08,0,3,0
2026-09-10 00:26:48,Main Block,First,Computer Lab 201,Lights,0.02,0.02,0,3,0
2026-09-10 00:26:48,Main Block,First,Computer Lab 201,Fans,0.015,0.015,0,3,0
2026-09-10 00:26:48,Main Block,First,Computer Lab 201,Server Units,3.976,3.976,0,3,0
2026-09-10 00:26:48,Research Wing,Ground,AI Research Lab,AC,0.25,0.25,0,3,0
2026-09-10 00:26:48,Research Wing,Ground,AI Research Lab,Computers,0.08,0.08,0,3,0
2026-09-10 00:26:48,Research Wing,Ground,AI Research Lab,Lights,0.02,0.02,0,3,0
2026-09-10 00:26:48,Research Wing,Ground,AI Research Lab,Fans,0.015,0.015,0,3,0
2026-09-10 00:26:48,Research Wing,Ground,AI Research Lab,Server Units,4.567,4.567,0,3,0
2026-09-10 00:26:48,Research Wing,Ground,Server Room,AC,0.25,0.25,0,3,0
2026-09-10 00:26:48,Research Wing,Ground,Server Room,Computers,0.08,0.08,0,3,0
2026-09-10 00:26:48,Research Wing,Ground,Server Room,Lights,0.02,0.02,0,3,0
2026-09-10 00:26:48,Research Wing,Ground,Server Room,Fans,0.015,0.015,0,3,0
2026-09-10 00:26:48,Research Wing,Ground,Server Room,Server Units,4.345,4.345,0,3,0
2026-09-10 01:26:48,Main Block,Ground,Lab 101,AC,0.25,0.25,1,3,0
2026-09-10 01:26:48,Main Block,Ground,Lab 101,Computers,0.24,0.24,1,3,0
2026-09-10 01:26:48,Main Block,Ground,Lab 101,Lights,0.02,0.02,1,3,0
2026-09-10 01:26:48,Main Block,Ground,Lab 101,Fans,0.015,0.015,1,3,0
2026-09-10 01:26:48,Main Block,Ground,Lab 101,Server Units,4.517,4.517,1,3,0
2026-09-10 01:26:48,Main Block,First,Computer Lab 201,AC,0.25,0.25,1,3,0
2026-09-10 01:26:48,Main Block,First,Computer Lab 201,Computers,0.08,0.08,1,3,0
2026-09-10 01:26:48,Main Block,First,Computer Lab 201,Lights,0.02,0.02,1,3,0
2026-09-10 01:26:48,Main Block,First,Computer Lab 201,Fans,0.015,0.015,1,3,0
2026-09-10 01:26:48,Main Block,First,Computer Lab 201,Server Units,4.462,4.462,1,3,0
2026-09-10 01:26:48,Research Wing,Ground,AI Research Lab,AC,0.25,0.25,1,3,0
2026-09-10 01:26:48,Research Wing,Ground,AI Research Lab,Computers,0.08,0.08,1,3,0
2026-09-10 01:26:48,Research Wing,Ground,AI Research Lab,Lights,0.02,0.02,1,3,0
2026-09-10 01:26:48,Research Wing,Ground,AI Research Lab,Fans,0.015,0.015,1,3,0
2026-09-10 01:26:48,Research Wing,Ground,AI Research Lab,Server Units,4.602,4.602,1,3,0
2026-09-10 01:26:48,Research Wing,Ground,Server Room,AC,0.25,0.25,1,3,0
2026-09-10 01:26:48,Research Wing,Ground,Server Room,Computers,0.08,0.08,1,3,0
2026-09-10 01:26:48,Research Wing,Ground,Server Room,Lights,0.02,0.02,1,3,0
2026-09-10 01:26:48,Research Wing,Ground,Server Room,Fans,0.015,0.015,1,3,0
2026-09-10 01:26:48,Research Wing,Ground,Server Room,Server Units,4.955,4.955,1,3,0
2026-09-10 02:26:48,Main Block,Ground,Lab 101,AC,0.25,0.25,2,3,0
2026-09-10 02:26:48,Main Block,Ground,Lab 101,Computers,0.08,0.08,2,3,0
2026-09-10 02:26:48,Main Block,Ground,Lab 101,Lights,0.02,0.02,2,3,0
2026-09-10 02:26:48,Main Block,Ground,Lab 101,Fans,0.015,0.015,2,3,0
2026-09-10 02:26:48,Main Block,Ground,Lab 101,Server Units,4.653,4.653,2,3,0
2026-09-10 02:26:48,Main Block,First,Computer Lab 201,AC,0.25,0.25,2,3,0
2026-09-10 02:26:48,Main Block,First,Computer Lab 201,Computers,0.08,0.08,2,3,0
2026-09-10 02:26:48,Main Block,First,Computer Lab 201,Lights,0.02,0.02,2,3,0
2026-09-10 02:26:48,Main Block,First,Computer Lab 201,Fans,0.015,0.015,2,3,0
2026-09-10 02:26:48,Main Block,First,Computer Lab 201,Server Units,4.97,4.97,2,3,0
2026-09-10 02:26:48,Research Wing,Ground,AI Research Lab,AC,0.25,0.25,2,3,0
2026-09-10 02:26:48,Research Wing,Ground,AI Research Lab,Computers,0.08,0.08,2,3,0
2026-09-10 02:26:48,Research Wing,Ground,AI Research Lab,Lights,0.02,0.02,2,3,0
2026-09-10 02:26:48,Research Wing,Ground,AI Research Lab,Fans,0.015,0.015,2,3,0
2026-09-10 02:26:48,Research Wing,Ground,AI Research Lab,Server Units,4.304,4.304,2,3,0
2026-09-10 02:26:48,Research Wing,Ground,Server Room,AC,0.25,0.25,2,3,0
2026-09-10 02:26:48,Research Wing,Ground,Server Room,Computers,0.08,0.08,2,3,0
2026-09-10 02:26:48,Research Wing,Ground,Server Room,Lights,0.02,0.02,2,3,0
2026-09-10 02:26:48,Research Wing,Ground,Server Room,Fans,0.015,0.015,2,3,0
2026-09-10 02:26:48,Research Wing,Ground,Server Room,Server Units,4.436,4.436,2,3,0
2026-09-10 03:26:48,Main Block,Ground,Lab 101,AC,0.25,0.25,3,3,0
2026-09-10 03:26:48,Main Block,Ground,Lab 101,Computers,0.08,0.08,3,3,0
2026-09-10 03:26:48,Main Block,Ground,Lab 101,Lights,0.02,0.02,3,3,0
2026-09-10 03:26:48,Main Block,Ground,Lab 101,Fans,0.015,0.015,3,3,0
2026-09-10 03:26:48,Main Block,Ground,Lab 101,Server Units,4.57,4.57,3,3,0
2026-09-10 03:26:48,Main Block,First,Computer Lab 201,AC,0.25,0.25,3,3,0
2026-09-10 03:26:48,Main Block,First,Computer Lab 201,Computers,0.08,0.08,3,3,0
2026-09-10 03:26:48,Main Block,First,Computer Lab 201,Lights,0.02,0.02,3,3,0
2026-09-10 03:26:48,Main Block,First,Computer Lab 201,Fans,0.015,0.015,3,3,0
2026-09-10 03:26:48,Main Block,First,Computer Lab 201,Server Units,4.119,4.119,3,3,0
2026-09-10 03:26:48,Research Wing,Ground,AI Research Lab,AC,0.25,0.25,3,3,0
2026-09-10 03:26:48,Research Wing,Ground,AI Research Lab,Computers,0.08,0.08,3,3,0
2026-09-10 03:26:48,Research Wing,Ground,AI Research Lab,Lights,0.02,0.02,3,3,0
2026-09-10 03:26:48,Research Wing,Ground,AI Research Lab,Fans,0.015,0.015,3,3,0
2026-09-10 03:26:48,Research Wing,Ground,AI Research Lab,Server Units,3.911,3.911,3,3,0
2026-09-10 03:26:48,Research Wing,Ground,Server Room,AC,0.25,0.25,3,3,0
2026-09-10 03:26:48,Research Wing,Ground,Server Room,Computers,0.08,0.08,3,3,0
2026-09-10 03:26:48,Research Wing,Ground,Server Room,Lights,0.02,0.02,3,3,0
2026-09-10 03:26:48,Research Wing,Ground,Server Room,Fans,0.015,0.015,3,3,0
2026-09-10 03:26:48,Research Wing,Ground,Server Room,Server Units,4.544,4.544,3,3,0
2026-09-10 04:26:48,Main Block,Ground,Lab 101,AC,0.25,0.25,4,3,0
2026-09-10 04:26:48,Main Block,Ground,Lab 101,Computers,0.24,0.24,4,3,0
2026-09-10 04:26:48,Main Block,Ground,Lab 101,Lights,0.06,0.06,4,3,0
2026-09-10 04:26:48,Main Block,Ground,Lab 101,Fans,0.015,0.015,4,3,0
2026-09-10 04:26:48,Main Block,Ground,Lab 101,Server Units,3.896,3.896,4,3,0
2026-09-10 04:26:48,Main Block,First,Computer Lab 201,AC,0.25,0.25,4,3,0
2026-09-10 04:26:48,Main Block,First,Computer Lab 201,Computers,0.08,0.08,4,3,0
2026-09-10 04:26:48,Main Block,First,Computer Lab 201,Lights,0.02,0.02,4,3,0
2026-09-10 04:26:48,Main Block,First,Computer Lab 201,Fans,0.015,0.015,4,3,0
2026-09-10 04:26:48,Main Block,First,Computer Lab 201,Server Units,4.48,4.48,4,3,0
2026-09-10 04:26:48,Research Wing,Ground,AI Research Lab,AC,0.75,0.75,4,3,0
2026-09-10 04:26:48,Research Wing,Ground,AI Research Lab,Computers,0.08,0.08,4,3,0
2026-09-10 04:26:48,Research Wing,Ground,AI Research Lab,Lights,0.02,0.02,4,3,0
2026-09-10 04:26:48,Research Wing,Ground,AI Research Lab,Fans,0.015,0.015,4,3,0
2026-09-10 04:26:48,Research Wing,Ground,AI Research Lab,Server Units,4.146,4.146,4,3,0
2026-09-10 04:26:48,Research Wing,Ground,Server Room,AC,0.25,0.25,4,3,0
2026-09-10 04:26:48,Research Wing,Ground,Server Room,Computers,0.24,0.24,4,3,0
2026-09-10 04:26:48,Research Wing,Ground,Server Room,Lights,0.02,0.02,4,3,0
2026-09-10 04:26:48,Research Wing,Ground,Server Room,Fans,0.015,0.015,4,3,0
2026-09-10 04:26:48,Research Wing,Ground,Server Room,Server Units,4.696,4.696,4,3,0
2026-09-10 05:26:48,Main Block,Ground,Lab 101,AC,0.25,0.25,5,3,0
2026-09-10 05:26:48,Main Block,Ground,Lab 101,Computers,0.08,0.08,5,3,0
2026-09-10 05:26:48,Main Block,Ground,Lab 101,Lights,0.02,0.02,5,3,0
2026-09-10 05:26:48,Main Block,Ground,Lab 101,Fans,0.015,0.015,5,3,0
2026-09-10 05:26:48,Main Block,Ground,Lab 101,Server Units,4.628,4.628,5,3,0
2026-09-10 05:26:48,Main Block,First,Computer Lab 201,AC,0.25,0.25,5,3,0
2026-09-10 05:26:48,Main Block,First,Computer Lab 201,Computers,0.08,0.08,5,3,0
2026-09-10 05:26:48,Main Block,First,Computer Lab 201,Lights,0.02,0.02,5,3,0
2026-09-10 05:26:48,Main Block,First,Computer Lab 201,Fans,0.015,0.015,5,3,0
2026-09-10 05:26:48,Main Block,First,Computer Lab 201,Server Units,4.918,4.918,5,3,0
2026-09-10 05:26:48,Research Wing,Ground,AI Research Lab,AC,0.25,0.25,5,3,0
2026-09-10 05:26:48,Research Wing,Ground,AI Research Lab,Computers,0.08,0.08,5,3,0
2026-09-10 05:26:48,Research Wing,Ground,AI Research Lab,Lights,0.02,0.02,5,3,0
2026-09-10 05:26:48,Research Wing,Ground,AI Research Lab,Fans,0.015,0.015,5,3,0
2026-09-10 05:26:48,Research Wing,Ground,AI Research Lab,Server Units,4.842,4.842,5,3,0
2026-09-10 05:26:48,Research Wing,Ground,Server Room,AC,0.25,0.25,5,3,0
2026-09-10 05:26:48,Research Wing,Ground,Server Room,Computers,0.08,0.08,5,3,0
2026-09-10 05:26:48,Research Wing,Ground,Server Room,Lights,0.02,0.02,5,3,0
2026-09-10 05:26:48,Research Wing,Ground,Server Room,Fans,0.015,0.015,5,3,0
2026-09-10 05:26:48,Research Wing,Ground,Server Room,Server Units,4.645,4.645,5,3,0
2026-09-10 06:26:48,Main Block,Ground,Lab 101,AC,0.25,0.25,6,3,0
2026-09-10 06:26:48,Main Block,Ground,Lab 101,Computers,0.08,0.08,6,3,0
2026-09-10 06:26:48,Main Block,Ground,Lab 101,Lights,0.02,0.02,6,3,0
2026-09-10 06:26:48,Main Block,Ground,Lab 101,Fans,0.015,0.015,6,3,0
2026-09-10 06:26:48,Main Block,Ground,Lab 101,Server Units,3.781,3.781,6,3,0
2026-09-10 06:26:48,Main Block,First,Computer Lab 201,AC,0.25,0.25,6,3,0
2026-09-10 06:26:48,Main Block,First,Computer Lab 201,Computers,0.08,0.08,6,3,0
2026-09-10 06:26:48,Main Block,First,Computer Lab 201,Lights,0.02,0.02,6,3,0
2026-09-10 06:26:48,Main Block,First,Computer Lab 201,Fans,0.015,0.015,6,3,0
2026-09-10 06:26:48,Main Block,First,Computer Lab 201,Server Units,4.526,4.526,6,3,0
2026-09-10 06:26:48,Research Wing,Ground,AI Research Lab,AC,0.25,0.25,6,3,0
2026-09-10 06:26:48,Research Wing,Ground,AI Research Lab,Computers,0.08,0.08,6,3,0
2026-09-10 06:26:48,Research Wing,Ground,AI Research Lab,Lights,0.02,0.02,6,3,0
2026-09-10 06:26:48,Research Wing,Ground,AI Research Lab,Fans,0.015,0.015,6,3,0
2026-09-10 06:26:48,Research Wing,Ground,AI Research Lab,Server Units,4.286,4.286,6,3,0
2026-09-10 06:26:48,Research Wing,Ground,Server Room,AC,0.25,0.25,6,3,0
2026-09-10 06:26:48,Research Wing,Ground,Server Room,Computers,0.08,0.08,6,3,0
2026-09-10 06:26:48,Research Wing,Ground,Server Room,Lights,0.02,0.02,6,3,0
2026-09-10 06:26:48,Research Wing,Ground,Server Room,Fans,0.015,0.015,6,3,0
2026-09-10 06:26:48,Research Wing,Ground,Server Room,Server Units,4.139,4.139,6,3,0
2026-09-10 07:26:48,Main Block,Ground,Lab 101,AC,0.25,0.25,7,3,0
2026-09-10 07:26:48,Main Block,Ground,Lab 101,Computers,0.08,0.08,7,3,0
2026-09-10 07:26:48,Main Block,Ground,Lab 101,Lights,0.02,0.02,7,3,0
2026-09-10 07:26:48,Main Block,Ground,Lab 101,Fans,0.015,0.015,7,3,0
2026-09-10 07:26:48,Main Block,Ground,Lab 101,Server Units,3.773,3.773,7,3,0
2026-09-10 07:26:48,Main Block,First,Computer Lab 201,AC,0.25,0.25,7,3,0
2026-09-10 07:26:48,Main Block,First,Computer Lab 201,Computers,0.08,0.08,7,3,0
2026-09-10 07:26:48,Main Block,First,Computer Lab 201,Lights,0.02,0.02,7,3,0
2026-09-10 07:26:48,Main Block,First,Computer Lab 201,Fans,0.015,0.015,7,3,0
2026-09-10 07:26:48,Main Block,First,Computer Lab 201,Server Units,4.431,4.431,7,3,0
2026-09-10 07:26:48,Research Wing,Ground,AI Research Lab,AC,0.25,0.25,7,3,0
2026-09-10 07:26:48,Research Wing,Ground,AI Research Lab,Computers,0.08,0.08,7,3,0
2026-09-10 07:26:48,Research Wing,Ground,AI Research Lab,Lights,0.02,0.02,7,3,0
2026-09-10 07:26:48,Research Wing,Ground,AI Research Lab,Fans,0.015,0.015,7,3,0
2026-09-10 07:26:48,Research Wing,Ground,AI Research Lab,Server Units,4.633,4.633,7,3,0
2026-09-10 07:26:48,Research Wing,Ground,Server Room,AC,0.25,0.25,7,3,0
2026-09-10 07:26:48,Research Wing,Ground,Server Room,Computers,0.08,0.08,7,3,0
2026-09-10 07:26:48,Research Wing,Ground,Server Room,Lights,0.02,0.02,7,3,0
2026-09-10 07:26:48,Research Wing,Ground,Server Room,Fans,0.015,0.015,7,3,0
2026-09-10 07:26:48,Research Wing,Ground,Server Room,Server Units,3.745,3.745,7,3,0
2026-09-10 08:26:48,Main Block,Ground,Lab 101,AC,4.753,4.753,8,3,0
2026-09-10 08:26:48,Main Block,Ground,Lab 101,Computers,1.752,1.752,8,3,0
2026-09-10 08:26:48,Main Block,Ground,Lab 101,Lights,0.259,0.259,8,3,0
2026-09-10 08:26:48,Main Block,Ground,Lab 101,Fans,0.204,0.204,8,3,0
2026-09-10 08:26:48,Main Block,Ground,Lab 101,Server Units,4.502,4.502,8,3,0
2026-09-10 08:26:48,Main Block,First,Computer Lab 201,AC,5.029,5.029,8,3,0
2026-09-10 08:26:48,Main Block,First,Computer Lab 201,Computers,1.816,1.816,8,3,0
2026-09-10 08:26:48,Main Block,First,Computer Lab 201,Lights,0.284,0.284,8,3,0
2026-09-10 08:26:48,Main Block,First,Computer Lab 201,Fans,0.173,0.173,8,3,0
2026-09-10 08:26:48,Main Block,First,Computer Lab 201,Server Units,12.304,12.304,8,3,0
2026-09-10 08:26:48,Research Wing,Ground,AI Research Lab,AC,4.666,4.666,8,3,0
2026-09-10 08:26:48,Research Wing,Ground,AI Research Lab,Computers,1.824,1.824,8,3,0
2026-09-10 08:26:48,Research Wing,Ground,AI Research Lab,Lights,0.284,0.284,8,3,0
2026-09-10 08:26:48,Research Wing,Ground,AI Research Lab,Fans,0.207,0.207,8,3,0
2026-09-10 08:26:48,Research Wing,Ground,AI Research Lab,Server Units,4.063,4.063,8,3,0
2026-09-10 08:26:48,Research Wing,Ground,Server Room,AC,4.653,4.653,8,3,0
2026-09-10 08:26:48,Research Wing,Ground,Server Room,Computers,1.966,1.966,8,3,0
2026-09-10 08:26:48,Research Wing,Ground,Server Room,Lights,0.297,0.297,8,3,0
2026-09-10 08:26:48,Research Wing,Ground,Server Room,Fans,0.172,0.172,8,3,0
2026-09-10 08:26:48,Research Wing,Ground,Server Room,Server Units,4.303,4.303,8,3,0
2026-09-10 09:26:48,Main Block,Ground,Lab 101,AC,4.63,4.63,9,3,0
2026-09-10 09:26:48,Main Block,Ground,Lab 101,Computers,2.202,2.202,9,3,0
2026-09-10 09:26:48,Main Block,Ground,Lab 101,Lights,0.31,0.31,9,3,0
2026-09-10 09:26:48,Main Block,Ground,Lab 101,Fans,0.214,0.214,9,3,0
2026-09-10 09:26:48,Main Block,Ground,Lab 101,Server Units,4.626,4.626,9,3,0
2026-09-10 09:26:48,Main Block,First,Computer Lab 201,AC,5.139,5.139,9,3,0
2026-09-10 09:26:48,Main Block,First,Computer Lab 201,Computers,1.979,1.979,9,3,0
2026-09-10 09:26:48,Main Block,First,Computer Lab 201,Lights,0.328,0.328,9,3,0
2026-09-10 09:26:48,Main Block,First,Computer Lab 201,Fans,0.193,0.193,9,3,0
2026-09-10 09:26:48,Main Block,First,Computer Lab 201,Server Units,4.644,4.644,9,3,0
2026-09-10 09:26:48,Research Wing,Ground,AI Research Lab,AC,4.453,4.453,9,3,0
2026-09-10 09:26:48,Research Wing,Ground,AI Research Lab,Computers,1.834,1.834,9,3,0
2026-09-10 09:26:48,Research Wing,Ground,AI Research Lab,Lights,0.311,0.311,9,3,0
2026-09-10 09:26:48,Research Wing,Ground,AI Research Lab,Fans,0.189,0.189,9,3,0
2026-09-10 09:26:48,Research Wing,Ground,AI Research Lab,Server Units,4.618,4.618,9,3,0
2026-09-10 09:26:48,Research Wing,Ground,Server Room,AC,5.016,5.016,9,3,0
2026-09-10 09:26:48,Research Wing,Ground,Server Room,Computers,1.718,1.718,9,3,0
2026-09-10 09:26:48,Research Wing,Ground,Server Room,Lights,0.287,0.287,9,3,0
2026-09-10 09:26:48,Research Wing,Ground,Server Room,Fans,0.176,0.176,9,3,0
2026-09-10 09:26:48,Research Wing,Ground,Server Room,Server Units,4.538,4.538,9,3,0
2026-09-10 10:26:48,Main Block,Ground,Lab 101,AC,3.964,3.964,10,3,0
2026-09-10 10:26:48,Main Block,Ground,Lab 101,Computers,2.178,2.178,10,3,0
2026-09-10 10:26:48,Main Block,Ground,Lab 101,Lights,0.313,0.313,10,3,0
2026-09-10 10:26:48,Main Block,Ground,Lab 101,Fans,0.197,0.197,10,3,0
2026-09-10 10:26:48,Main Block,Ground,Lab 101,Server Units,4.286,4.286,10,3,0
2026-09-10 10:26:48,Main Block,First,Computer Lab 201,AC,4.565,4.565,10,3,0
2026-09-10 10:26:48,Main Block,First,Computer Lab 201,Computers,1.93,1.93,10,3,0
2026-09-10 10:26:48,Main Block,First,Computer Lab 201,Lights,0.328,0.328,10,3,0
2026-09-10 10:26:48,Main Block,First,Computer Lab 201,Fans,0.212,0.212,10,3,0
2026-09-10 10:26:48,Main Block,First,Computer Lab 201,Server Units,4.779,4.779,10,3,0
2026-09-10 10:26:48,Research Wing,Ground,AI Research Lab,AC,4.144,4.144,10,3,0
2026-09-10 10:26:48,Research Wing,Ground,AI Research Lab,Computers,1.747,1.747,10,3,0
2026-09-10 10:26:48,Research Wing,Ground,AI Research Lab,Lights,0.307,0.307,10,3,0
2026-09-10 10:26:48,Research Wing,Ground,AI Research Lab,Fans,0.2,0.2,10,3,0
2026-09-10 10:26:48,Research Wing,Ground,AI Research Lab,Server Units,4.473,4.473,10,3,0
2026-09-10 10:26:48,Research Wing,Ground,Server Room,AC,4.063,4.063,10,3,0
2026-09-10 10:26:48,Research Wing,Ground,Server Room,Computers,1.742,1.742,10,3,0
2026-09-10 10:26:48,Research Wing,Ground,Server Room,Lights,0.328,0.328,10,3,0
2026-09-10 10:26:48,Research Wing,Ground,Server Room,Fans,0.188,0.188,10,3,0
2026-09-10 10:26:48,Research Wing,Ground,Server Room,Server Units,4.611,4.611,10,3,0
2026-09-10 11:26:48,Main Block,Ground,Lab 101,AC,4.928,4.928,11,3,0
2026-09-10 11:26:48,Main Block,Ground,Lab 101,Computers,2.242,2.242,11,3,0
2026-09-10 11:26:48,Main Block,Ground,Lab 101,Lights,0.255,0.255,11,3,0
2026-09-10 11:26:48,Main Block,Ground,Lab 101,Fans,0.174,0.174,11,3,0
2026-09-10 11:26:48,Main Block,Ground,Lab 101,Server Units,4.255,4.255,11,3,0
2026-09-10 11:26:48,Main Block,First,Computer Lab 201,AC,4.089,4.089,11,3,0
2026-09-10 11:26:48,Main Block,First,Computer Lab 201,Computers,1.89,1.89,11,3,0
2026-09-10 11:26:48,Main Block,First,Computer Lab 201,Lights,0.337,0.337,11,3,0
2026-09-10 11:26:48,Main Block,First,Computer Lab 201,Fans,0.221,0.221,11,3,0
2026-09-10 11:26:48,Main Block,First,Computer Lab 201,Server Units,5.037,5.037,11,3,0
2026-09-10 11:26:48,Research Wing,Ground,AI Research Lab,AC,11.837,11.837,11,3,0
2026-09-10 11:26:48,Research Wing,Ground,AI Research Lab,Computers,2.292,2.292,11,3,0
2026-09-10 11:26:48,Research Wing,Ground,AI Research Lab,Lights,0.266,0.266,11,3,0
2026-09-10 11:26:48,Research Wing,Ground,AI Research Lab,Fans,0.187,0.187,11,3,0
2026-09-10 11:26:48,Research Wing,Ground,AI Research Lab,Server Units,3.81,3.81,11,3,0
2026-09-10 11:26:48,Research Wing,Ground,Server Room,AC,4.933,4.933,11,3,0
2026-09-10 11:26:48,Research Wing,Ground,Server Room,Computers,2.217,2.217,11,3,0
2026-09-10 11:26:48,Research Wing,Ground,Server Room,Lights,0.276,0.276,11,3,0
2026-09-10 11:26:48,Research Wing,Ground,Server Room,Fans,0.189,0.189,11,3,0
2026-09-10 11:26:48,Research Wing,Ground,Server Room,Server Units,4.245,4.245,11,3,0
2026-09-10 12:26:48,Main Block,Ground,Lab 101,AC,4.561,4.561,12,3,0
2026-09-10 12:26:48,Main Block,Ground,Lab 101,Computers,1.985,1.985,12,3,0
2026-09-10 12:26:48,Main Block,Ground,Lab 101,Lights,0.29,0.29,12,3,0
2026-09-10 12:26:48,Main Block,Ground,Lab 101,Fans,0.215,0.215,12,3,0
2026-09-10 12:26:48,Main Block,Ground,Lab 101,Server Units,5.057,5.057,12,3,0
2026-09-10 12:26:48,Main Block,First,Computer Lab 201,AC,4.006,4.006,12,3,0
2026-09-10 12:26:48,Main Block,First,Computer Lab 201,Computers,1.709,1.709,12,3,0
2026-09-10 12:26:48,Main Block,First,Computer Lab 201,Lights,0.299,0.299,12,3,0
2026-09-10 12:26:48,Main Block,First,Computer Lab 201,Fans,0.224,0.224,12,3,0
2026-09-10 12:26:48,Main Block,First,Computer Lab 201,Server Units,4.588,4.588,12,3,0
2026-09-10 12:26:48,Research Wing,Ground,AI Research Lab,AC,4.441,4.441,12,3,0
2026-09-10 12:26:48,Research Wing,Ground,AI Research Lab,Computers,2.063,2.063,12,3,0
2026-09-10 12:26:48,Research Wing,Ground,AI Research Lab,Lights,0.271,0.271,12,3,0
2026-09-10 12:26:48,Research Wing,Ground,AI Research Lab,Fans,0.198,0.198,12,3,0
2026-09-10 12:26:48,Research Wing,Ground,AI Research Lab,Server Units,4.209,4.209,12,3,0
2026-09-10 12:26:48,Research Wing,Ground,Server Room,AC,4.641,4.641,12,3,0
2026-09-10 12:26:48,Research Wing,Ground,Server Room,Computers,2.208,2.208,12,3,0
2026-09-10 12:26:48,Research Wing,Ground,Server Room,Lights,0.3,0.3,12,3,0
2026-09-10 12:26:48,Research Wing,Ground,Server Room,Fans,0.198,0.198,12,3,0
2026-09-10 12:26:48,Research Wing,Ground,Server Room,Server Units,5.031,5.031,12,3,0
2026-09-10 13:26:48,Main Block,Ground,Lab 101,AC,4.777,4.777,13,3,0
2026-09-10 13:26:48,Main Block,Ground,Lab 101,Computers,1.989,1.989,13,3,0
2026-09-10 13:26:48,Main Block,Ground,Lab 101,Lights,0.268,0.268,13,3,0
2026-09-10 13:26:48,Main Block,Ground,Lab 101,Fans,0.223,0.223,13,3,0
2026-09-10 13:26:48,Main Block,Ground,Lab 101,Server Units,4.768,4.768,13,3,0
2026-09-10 13:26:48,Main Block,First,Computer Lab 201,AC,3.931,3.931,13,3,0
2026-09-10 13:26:48,Main Block,First,Computer Lab 201,Computers,1.753,1.753,13,3,0
2026-09-10 13:26:48,Main Block,First,Computer Lab 201,Lights,0.322,0.322,13,3,0
2026-09-10 13:26:48,Main Block,First,Computer Lab 201,Fans,0.17,0.17,13,3,0
2026-09-10 13:26:48,Main Block,First,Computer Lab 201,Server Units,4.793,4.793,13,3,0
2026-09-10 13:26:48,Research Wing,Ground,AI Research Lab,AC,3.896,3.896,13,3,0
2026-09-10 13:26:48,Research Wing,Ground,AI Research Lab,Computers,2.167,2.167,13,3,0
2026-09-10 13:26:48,Research Wing,Ground,AI Research Lab,Lights,0.301,0.301,13,3,0
2026-09-10 13:26:48,Research Wing,Ground,AI Research Lab,Fans,0.209,0.209,13,3,0
2026-09-10 13:26:48,Research Wing,Ground,AI Research Lab,Server Units,5.008,5.008,13,3,0
2026-09-10 13:26:48,Research Wing,Ground,Server Room,AC,4.215,4.215,13,3,0
2026-09-10 13:26:48,Research Wing,Ground,Server Room,Computers,2.254,2.254,13,3,0
2026-09-10 13:26:48,Research Wing,Ground,Server Room,Lights,0.32,0.32,13,3,0
2026-09-10 13:26:48,Research Wing,Ground,Server Room,Fans,0.169,0.169,13,3,0
2026-09-10 13:26:48,Research Wing,Ground,Server Room,Server Units,3.963,3.963,13,3,0
2026-09-10 14:26:48,Main Block,Ground,Lab 101,AC,5.162,5.162,14,3,0
2026-09-10 14:26:48,Main Block,Ground,Lab 101,Computers,2.075,2.075,14,3,0
2026-09-10 14:26:48,Main Block,Ground,Lab 101,Lights,0.262,0.262,14,3,0
2026-09-10 14:26:48,Main Block,Ground,Lab 101,Fans,0.216,0.216,14,3,0
2026-09-10 14:26:48,Main Block,Ground,Lab 101,Server Units,3.915,3.915,14,3,0
2026-09-10 14:26:48,Main Block,First,Computer Lab 201,AC,14.949,14.949,14,3,0
2026-09-10 14:26:48,Main Block,First,Computer Lab 201,Computers,1.767,1.767,14,3,0
2026-09-10 14:26:48,Main Block,First,Computer Lab 201,Lights,0.308,0.308,14,3,0
2026-09-10 14:26:48,Main Block,First,Computer Lab 201,Fans,0.192,0.192,14,3,0
2026-09-10 14:26:48,Main Block,First,Computer Lab 201,Server Units,4.085,4.085,14,3,0
2026-09-10 14:26:48,Research Wing,Ground,AI Research Lab,AC,4.48,4.48,14,3,0
2026-09-10 14:26:48,Research Wing,Ground,AI Research Lab,Computers,2.217,2.217,14,3,0
2026-09-10 14:26:48,Research Wing,Ground,AI Research Lab,Lights,0.263,0.263,14,3,0
2026-09-10 14:26:48,Research Wing,Ground,AI Research Lab,Fans,0.22,0.22,14,3,0
2026-09-10 14:26:48,Research Wing,Ground,AI Research Lab,Server Units,4.395,4.395,14,3,0
2026-09-10 14:26:48,Research Wing,Ground,Server Room,AC,4.865,4.865,14,3,0
2026-09-10 14:26:48,Research Wing,Ground,Server Room,Computers,1.964,1.964,14,3,0
2026-09-10 14:26:48,Research Wing,Ground,Server Room,Lights,0.274,0.274,14,3,0
2026-09-10 14:26:48,Research Wing,Ground,Server Room,Fans,0.186,0.186,14,3,0
2026-09-10 14:26:48,Research Wing,Ground,Server Room,Server Units,4.737,4.737,14,3,0
2026-09-10 15:26:48,Main Block,Ground,Lab 101,AC,4.051,4.051,15,3,0
2026-09-10 15:26:48,Main Block,Ground,Lab 101,Computers,1.881,1.881,15,3,0
2026-09-10 15:26:48,Main Block,Ground,Lab 101,Lights,0.323,0.323,15,3,0
2026-09-10 15:26:48,Main Block,Ground,Lab 101,Fans,0.188,0.188,15,3,0
2026-09-10 15:26:48,Main Block,Ground,Lab 101,Server Units,4.366,4.366,15,3,0
2026-09-10 15:26:48,Main Block,First,Computer Lab 201,AC,15.0,15.0,15,3,0
2026-09-10 15:26:48,Main Block,First,Computer Lab 201,Computers,2.256,2.256,15,3,0
2026-09-10 15:26:48,Main Block,First,Computer Lab 201,Lights,0.316,0.316,15,3,0
2026-09-10 15:26:48,Main Block,First,Computer Lab 201,Fans,0.206,0.206,15,3,0
2026-09-10 15:26:48,Main Block,First,Computer Lab 201,Server Units,4.951,4.951,15,3,0
2026-09-10 15:26:48,Research Wing,Ground,AI Research Lab,AC,5.116,5.116,15,3,0
2026-09-10 15:26:48,Research Wing,Ground,AI Research Lab,Computers,2.251,2.251,15,3,0
2026-09-10 15:26:48,Research Wing,Ground,AI Research Lab,Lights,0.285,0.285,15,3,0
2026-09-10 15:26:48,Research Wing,Ground,AI Research Lab,Fans,0.171,0.171,15,3,0
2026-09-10 15:26:48,Research Wing,Ground,AI Research Lab,Server Units,4.256,4.256,15,3,0
2026-09-10 15:26:48,Research Wing,Ground,Server Room,AC,4.836,4.836,15,3,0
2026-09-10 15:26:48,Research Wing,Ground,Server Room,Computers,2.053,2.053,15,3,0
2026-09-10 15:26:48,Research Wing,Ground,Server Room,Lights,0.285,0.285,15,3,0
2026-09-10 15:26:48,Research Wing,Ground,Server Room,Fans,0.176,0.176,15,3,0
2026-09-10 15:26:48,Research Wing,Ground,Server Room,Server Units,4.628,4.628,15,3,0
2026-09-10 16:26:48,Main Block,Ground,Lab 101,AC,3.841,3.841,16,3,0
2026-09-10 16:26:48,Main Block,Ground,Lab 101,Computers,1.762,1.762,16,3,0
2026-09-10 16:26:48,Main Block,Ground,Lab 101,Lights,0.275,0.275,16,3,0
2026-09-10 16:26:48,Main Block,Ground,Lab 101,Fans,0.531,0.531,16,3,0
2026-09-10 16:26:48,Main Block,Ground,Lab 101,Server Units,3.861,3.861,16,3,0
2026-09-10 16:26:48,Main Block,First,Computer Lab 201,AC,4.711,4.711,16,3,0
2026-09-10 16:26:48,Main Block,First,Computer Lab 201,Computers,2.27,2.27,16,3,0
2026-09-10 16:26:48,Main Block,First,Computer Lab 201,Lights,0.319,0.319,16,3,0
2026-09-10 16:26:48,Main Block,First,Computer Lab 201,Fans,0.216,0.216,16,3,0
2026-09-10 16:26:48,Main Block,First,Computer Lab 201,Server Units,4.606,4.606,16,3,0
2026-09-10 16:26:48,Research Wing,Ground,AI Research Lab,AC,4.589,4.589,16,3,0
2026-09-10 16:26:48,Research Wing,Ground,AI Research Lab,Computers,2.238,2.238,16,3,0
2026-09-10 16:26:48,Research Wing,Ground,AI Research Lab,Lights,0.278,0.278,16,3,0
2026-09-10 16:26:48,Research Wing,Ground,AI Research Lab,Fans,0.221,0.221,16,3,0
2026-09-10 16:26:48,Research Wing,Ground,AI Research Lab,Server Units,4.958,4.958,16,3,0
2026-09-10 16:26:48,Research Wing,Ground,Server Room,AC,4.401,4.401,16,3,0
2026-09-10 16:26:48,Research Wing,Ground,Server Room,Computers,2.162,2.162,16,3,0
2026-09-10 16:26:48,Research Wing,Ground,Server Room,Lights,0.27,0.27,16,3,0
2026-09-10 16:26:48,Research Wing,Ground,Server Room,Fans,0.211,0.211,16,3,0
2026-09-10 16:26:48,Research Wing,Ground,Server Room,Server Units,4.179,4.179,16,3,0
2026-09-10 17:26:48,Main Block,Ground,Lab 101,AC,5.115,5.115,17,3,0
2026-09-10 17:26:48,Main Block,Ground,Lab 101,Computers,1.964,1.964,17,3,0
2026-09-10 17:26:48,Main Block,Ground,Lab 101,Lights,0.339,0.339,17,3,0
2026-09-10 17:26:48,Main Block,Ground,Lab 101,Fans,0.176,0.176,17,3,0
2026-09-10 17:26:48,Main Block,Ground,Lab 101,Server Units,3.93,3.93,17,3,0
2026-09-10 17:26:48,Main Block,First,Computer Lab 201,AC,4.12,4.12,17,3,0
2026-09-10 17:26:48,Main Block,First,Computer Lab 201,Computers,2.248,2.248,17,3,0
2026-09-10 17:26:48,Main Block,First,Computer Lab 201,Lights,0.264,0.264,17,3,0
2026-09-10 17:26:48,Main Block,First,Computer Lab 201,Fans,0.199,0.199,17,3,0
2026-09-10 17:26:48,Main Block,First,Computer Lab 201,Server Units,4.329,4.329,17,3,0
2026-09-10 17:26:48,Research Wing,Ground,AI Research Lab,AC,4.026,4.026,17,3,0
2026-09-10 17:26:48,Research Wing,Ground,AI Research Lab,Computers,2.26,2.26,17,3,0
2026-09-10 17:26:48,Research Wing,Ground,AI Research Lab,Lights,0.279,0.279,17,3,0
2026-09-10 17:26:48,Research Wing,Ground,AI Research Lab,Fans,0.219,0.219,17,3,0
2026-09-10 17:26:48,Research Wing,Ground,AI Research Lab,Server Units,4.42,4.42,17,3,0
2026-09-10 17:26:48,Research Wing,Ground,Server Room,AC,4.487,4.487,17,3,0
2026-09-10 17:26:48,Research Wing,Ground,Server Room,Computers,2.206,2.206,17,3,0
2026-09-10 17:26:48,Research Wing,Ground,Server Room,Lights,0.326,0.326,17,3,0
2026-09-10 17:26:48,Research Wing,Ground,Server Room,Fans,0.166,0.166,17,3,0
2026-09-10 17:26:48,Research Wing,Ground,Server Room,Server Units,4.82,4.82,17,3,0
2026-09-10 18:26:48,Main Block,Ground,Lab 101,AC,4.591,4.591,18,3,0
2026-09-10 18:26:48,Main Block,Ground,Lab 101,Computers,1.915,1.915,18,3,0
2026-09-10 18:26:48,Main Block,Ground,Lab 101,Lights,0.291,0.291,18,3,0
2026-09-10 18:26:48,Main Block,Ground,Lab 101,Fans,0.222,0.222,18,3,0
2026-09-10 18:26:48,Main Block,Ground,Lab 101,Server Units,4.446,4.446,18,3,0
2026-09-10 18:26:48,Main Block,First,Computer Lab 201,AC,3.934,3.934,18,3,0
2026-09-10 18:26:48,Main Block,First,Computer Lab 201,Computers,2.16,2.16,18,3,0
2026-09-10 18:26:48,Main Block,First,Computer Lab 201,Lights,0.271,0.271,18,3,0
2026-09-10 18:26:48,Main Block,First,Computer Lab 201,Fans,0.188,0.188,18,3,0
2026-09-10 18:26:48,Main Block,First,Computer Lab 201,Server Units,4.659,4.659,18,3,0
2026-09-10 18:26:48,Research Wing,Ground,AI Research Lab,AC,4.676,4.676,18,3,0
2026-09-10 18:26:48,Research Wing,Ground,AI Research Lab,Computers,1.751,1.751,18,3,0
2026-09-10 18:26:48,Research Wing,Ground,AI Research Lab,Lights,0.321,0.321,18,3,0
2026-09-10 18:26:48,Research Wing,Ground,AI Research Lab,Fans,0.177,0.177,18,3,0
2026-09-10 18:26:48,Research Wing,Ground,AI Research Lab,Server Units,4.523,4.523,18,3,0
2026-09-10 18:26:48,Research Wing,Ground,Server Room,AC,3.91,3.91,18,3,0
2026-09-10 18:26:48,Research Wing,Ground,Server Room,Computers,1.885,1.885,18,3,0
2026-09-10 18:26:48,Research Wing,Ground,Server Room,Lights,0.33,0.33,18,3,0
2026-09-10 18:26:48,Research Wing,Ground,Server Room,Fans,0.224,0.224,18,3,0
2026-09-10 18:26:48,Research Wing,Ground,Server Room,Server Units,3.814,3.814,18,3,0
2026-09-10 19:26:48,Main Block,Ground,Lab 101,AC,0.25,0.25,19,3,0
2026-09-10 19:26:48,Main Block,Ground,Lab 101,Computers,0.08,0.08,19,3,0
2026-09-10 19:26:48,Main Block,Ground,Lab 101,Lights,0.02,0.02,19,3,0
2026-09-10 19:26:48,Main Block,Ground,Lab 101,Fans,0.015,0.015,19,3,0
2026-09-10 19:26:48,Main Block,Ground,Lab 101,Server Units,4.345,4.345,19,3,0
2026-09-10 19:26:48,Main Block,First,Computer Lab 201,AC,0.25,0.25,19,3,0
2026-09-10 19:26:48,Main Block,First,Computer Lab 201,Computers,0.08,0.08,19,3,0
2026-09-10 19:26:48,Main Block,First,Computer Lab 201,Lights,0.02,0.02,19,3,0
2026-09-10 19:26:48,Main Block,First,Computer Lab 201,Fans,0.015,0.015,19,3,0
2026-09-10 19:26:48,Main Block,First,Computer Lab 201,Server Units,3.789,3.789,19,3,0
2026-09-10 19:26:48,Research Wing,Ground,AI Research Lab,AC,0.25,0.25,19,3,0
2026-09-10 19:26:48,Research Wing,Ground,AI Research Lab,Computers,0.08,0.08,19,3,0
2026-09-10 19:26:48,Research Wing,Ground,AI Research Lab,Lights,0.02,0.02,19,3,0
2026-09-10 19:26:48,Research Wing,Ground,AI Research Lab,Fans,0.015,0.015,19,3,0
2026-09-10 19:26:48,Research Wing,Ground,AI Research Lab,Server Units,4.666,4.666,19,3,0
2026-09-10 19:26:48,Research Wing,Ground,Server Room,AC,0.25,0.25,19,3,0
2026-09-10 19:26:48,Research Wing,Ground,Server Room,Computers,0.08,0.08,19,3,0
2026-09-10 19:26:48,Research Wing,Ground,Server Room,Lights,0.02,0.02,19,3,0
2026-09-10 19:26:48,Research Wing,Ground,Server Room,Fans,0.015,0.015,19,3,0
2026-09-10 19:26:48,Research Wing,Ground,Server Room,Server Units,4.342,4.342,19,3,0
2026-09-10 20:26:48,Main Block,Ground,Lab 101,AC,0.25,0.25,20,3,0
2026-09-10 20:26:48,Main Block,Ground,Lab 101,Computers,0.08,0.08,20,3,0
2026-09-10 20:26:48,Main Block,Ground,Lab 101,Lights,0.02,0.02,20,3,0
2026-09-10 20:26:48,Main Block,Ground,Lab 101,Fans,0.015,0.015,20,3,0
2026-09-10 20:26:48,Main Block,Ground,Lab 101,Server Units,4.795,4.795,20,3,0
2026-09-10 20:26:48,Main Block,First,Computer Lab 201,AC,0.25,0.25,20,3,0
2026-09-10 20:26:48,Main Block,First,Computer Lab 201,Computers,0.08,0.08,20,3,0
2026-09-10 20:26:48,Main Block,First,Computer Lab 201,Lights,0.02,0.02,20,3,0
2026-09-10 20:26:48,Main Block,First,Computer Lab 201,Fans,0.015,0.015,20,3,0
2026-09-10 20:26:48,Main Block,First,Computer Lab 201,Server Units,4.635,4.635,20,3,0
2026-09-10 20:26:48,Research Wing,Ground,AI Research Lab,AC,0.25,0.25,20,3,0
2026-09-10 20:26:48,Research Wing,Ground,AI Research Lab,Computers,0.08,0.08,20,3,0
2026-09-10 20:26:48,Research Wing,Ground,AI Research Lab,Lights,0.02,0.02,20,3,0
2026-09-10 20:26:48,Research Wing,Ground,AI Research Lab,Fans,0.015,0.015,20,3,0
2026-09-10 20:26:48,Research Wing,Ground,AI Research Lab,Server Units,4.787,4.787,20,3,0
2026-09-10 20:26:48,Research Wing,Ground,Server Room,AC,0.25,0.25,20,3,0
2026-09-10 20:26:48,Research Wing,Ground,Server Room,Computers,0.08,0.08,20,3,0
2026-09-10 20:26:48,Research Wing,Ground,Server Room,Lights,0.02,0.02,20,3,0
2026-09-10 20:26:48,Research Wing,Ground,Server Room,Fans,0.015,0.015,20,3,0
2026-09-10 20:26:48,Research Wing,Ground,Server Room,Server Units,4.288,4.288,20,3,0
2026-09-10 21:26:48,Main Block,Ground,Lab 101,AC,0.25,0.25,21,3,0
2026-09-10 21:26:48,Main Block,Ground,Lab 101,Computers,0.08,0.08,21,3,0
2026-09-10 21:26:48,Main Block,Ground,Lab 101,Lights,0.02,0.02,21,3,0
2026-09-10 21:26:48,Main Block,Ground,Lab 101,Fans,0.015,0.015,21,3,0
2026-09-10 21:26:48,Main Block,Ground,Lab 101,Server Units,3.872,3.872,21,3,0
2026-09-10 21:26:48,Main Block,First,Computer Lab 201,AC,0.25,0.25,21,3,0
2026-09-10 21:26:48,Main Block,First,Computer Lab 201,Computers,0.08,0.08,21,3,0
2026-09-10 21:26:48,Main Block,First,Computer Lab 201,Lights,0.06,0.06,21,3,0
2026-09-10 21:26:48,Main Block,First,Computer Lab 201,Fans,0.015,0.015,21,3,0
2026-09-10 21:26:48,Main Block,First,Computer Lab 201,Server Units,3.748,3.748,21,3,0
2026-09-10 21:26:48,Research Wing,Ground,AI Research Lab,AC,0.25,0.25,21,3,0
2026-09-10 21:26:48,Research Wing,Ground,AI Research Lab,Computers,0.08,0.08,21,3,0
2026-09-10 21:26:48,Research Wing,Ground,AI Research Lab,Lights,0.02,0.02,21,3,0
2026-09-10 21:26:48,Research Wing,Ground,AI Research Lab,Fans,0.015,0.015,21,3,0
2026-09-10 21:26:48,Research Wing,Ground,AI Research Lab,Server Units,4.806,4.806,21,3,0
2026-09-10 21:26:48,Research Wing,Ground,Server Room,AC,0.25,0.25,21,3,0
2026-09-10 21:26:48,Research Wing,Ground,Server Room,Computers,0.08,0.08,21,3,0
2026-09-10 21:26:48,Research Wing,Ground,Server Room,Lights,0.02,0.02,21,3,0
2026-09-10 21:26:48,Research Wing,Ground,Server Room,Fans,0.015,0.015,21,3,0
2026-09-10 21:26:48,Research Wing,Ground,Server Room,Server Units,4.284,4.284,21,3,0
2026-09-10 22:26:48,Main Block,Ground,Lab 101,AC,0.25,0.25,22,3,0
2026-09-10 22:26:48,Main Block,Ground,Lab 101,Computers,0.08,0.08,22,3,0
2026-09-10 22:26:48,Main Block,Ground,Lab 101,Lights,0.02,0.02,22,3,0
2026-09-10 22:26:48,Main Block,Ground,Lab 101,Fans,0.015,0.015,22,3,0
2026-09-10 22:26:48,Main Block,Ground,Lab 101,Server Units,4.994,4.994,22,3,0
2026-09-10 22:26:48,Main Block,First,Computer Lab 201,AC,0.25,0.25,22,3,0
2026-09-10 22:26:48,Main Block,First,Computer Lab 201,Computers,0.08,0.08,22,3,0
2026-09-10 22:26:48,Main Block,First,Computer Lab 201,Lights,0.06,0.06,22,3,0
2026-09-10 22:26:48,Main Block,First,Computer Lab 201,Fans,0.015,0.015,22,3,0
2026-09-10 22:26:48,Main Block,First,Computer Lab 201,Server Units,3.895,3.895,22,3,0
2026-09-10 22:26:48,Research Wing,Ground,AI Research Lab,AC,0.25,0.25,22,3,0
2026-09-10 22:26:48,Research Wing,Ground,AI Research Lab,Computers,0.08,0.08,22,3,0
2026-09-10 22:26:48,Research Wing,Ground,AI Research Lab,Lights,0.02,0.02,22,3,0
2026-09-10 22:26:48,Research Wing,Ground,AI Research Lab,Fans,0.015,0.015,22,3,0
2026-09-10 22:26:48,Research Wing,Ground,AI Research Lab,Server Units,4.029,4.029,22,3,0
2026-09-10 22:26:48,Research Wing,Ground,Server Room,AC,0.25,0.25,22,3,0
2026-09-10 22:26:48,Research Wing,Ground,Server Room,Computers,0.08,0.08,22,3,0
2026-09-10 22:26:48,Research Wing,Ground,Server Room,Lights,0.02,0.02,22,3,0
2026-09-10 22:26:48,Research Wing,Ground,Server Room,Fans,0.015,0.015,22,3,0
2026-09-10 22:26:48,Research Wing,Ground,Server Room,Server Units,4.645,4.645,22,3,0
2026-09-10 23:26:48,Main Block,Ground,Lab 101,AC,0.25,0.25,23,3,0
2026-09-10 23:26:48,Main Block,Ground,Lab 101,Computers,0.08,0.08,23,3,0
2026-09-10 23:26:48,Main Block,Ground,Lab 101,Lights,0.02,0.02,23,3,0
2026-09-10 23:26:48,Main Block,Ground,Lab 101,Fans,0.015,0.015,23,3,0
2026-09-10 23:26:48,Main Block,Ground,Lab 101,Server Units,4.591,4.591,23,3,0
2026-09-10 23:26:48,Main Block,First,Computer Lab 201,AC,0.25,0.25,23,3,0
2026-09-10 23:26:48,Main Block,First,Computer Lab 201,Computers,0.08,0.08,23,3,0
2026-09-10 23:26:48,Main Block,First,Computer Lab 201,Lights,0.02,0.02,23,3,0
2026-09-10 23:26:48,Main Block,First,Computer Lab 201,Fans,0.015,0.015,23,3,0
2026-09-10 23:26:48,Main Block,First,Computer Lab 201,Server Units,3.797,3.797,23,3,0
2026-09-10 23:26:48,Research Wing,Ground,AI Research Lab,AC,0.25,0.25,23,3,0
2026-09-10 23:26:48,Research Wing,Ground,AI Research Lab,Computers,0.08,0.08,23,3,0
2026-09-10 23:26:48,Research Wing,Ground,AI Research Lab,Lights,0.02,0.02,23,3,0
2026-09-10 23:26:48,Research Wing,Ground,AI Research Lab,Fans,0.015,0.015,23,3,0
2026-09-10 23:26:48,Research Wing,Ground,AI Research Lab,Server Units,3.893,3.893,23,3,0
2026-09-10 23:26:48,Research Wing,Ground,Server Room,AC,0.25,0.25,23,3,0
2026-09-10 23:26:48,Research Wing,Ground,Server Room,Computers,0.08,0.08,23,3,0
2026-09-10 23:26:48,Research Wing,Ground,Server Room,Lights,0.02,0.02,23,3,0
2026-09-10 23:26:48,Research Wing,Ground,Server Room,Fans,0.015,0.015,23,3,0
2026-09-10 23:26:48,Research Wing,Ground,Server Room,Server Units,4.633,4.633,23,3,0
2026-09-11 00:26:48,Main Block,Ground,Lab 101,AC,0.25,0.25,0,4,0
2026-09-11 00:26:48,Main Block,Ground,Lab 101,Computers,0.08,0.08,0,4,0
2026-09-11 00:26:48,Main Block,Ground,Lab 101,Lights,0.02,0.02,0,4,0
2026-09-11 00:26:48,Main Block,Ground,Lab 101,Fans,0.015,0.015,0,4,0
2026-09-11 00:26:48,Main Block,Ground,Lab 101,Server Units,4.888,4.888,0,4,0
2026-09-11 00:26:48,Main Block,First,Computer Lab 201,AC,0.25,0.25,0,4,0
2026-09-11 00:26:48,Main Block,First,Computer Lab 201,Computers,0.08,0.08,0,4,0
2026-09-11 00:26:48,Main Block,First,Computer Lab 201,Lights,0.02,0.02,0,4,0
2026-09-11 00:26:48,Main Block,First,Computer Lab 201,Fans,0.015,0.015,0,4,0
2026-09-11 00:26:48,Main Block,First,Computer Lab 201,Server Units,3.931,3.931,0,4,0
2026-09-11 00:26:48,Research Wing,Ground,AI Research Lab,AC,0.25,0.25,0,4,0
2026-09-11 00:26:48,Research Wing,Ground,AI Research Lab,Computers,0.08,0.08,0,4,0
2026-09-11 00:26:48,Research Wing,Ground,AI Research Lab,Lights,0.02,0.02,0,4,0
2026-09-11 00:26:48,Research Wing,Ground,AI Research Lab,Fans,0.015,0.015,0,4,0
2026-09-11 00:26:48,Research Wing,Ground,AI Research Lab,Server Units,4.574,4.574,0,4,0
2026-09-11 00:26:48,Research Wing,Ground,Server Room,AC,0.25,0.25,0,4,0
2026-09-11 00:26:48,Research Wing,Ground,Server Room,Computers,0.08,0.08,0,4,0
2026-09-11 00:26:48,Research Wing,Ground,Server Room,Lights,0.02,0.02,0,4,0
2026-09-11 00:26:48,Research Wing,Ground,Server Room,Fans,0.015,0.015,0,4,0
2026-09-11 00:26:48,Research Wing,Ground,Server Room,Server Units,3.92,3.92,0,4,0
2026-09-11 01:26:48,Main Block,Ground,Lab 101,AC,0.25,0.25,1,4,0
2026-09-11 01:26:48,Main Block,Ground,Lab 101,Computers,0.08,0.08,1,4,0
2026-09-11 01:26:48,Main Block,Ground,Lab 101,Lights,0.02,0.02,1,4,0
2026-09-11 01:26:48,Main Block,Ground,Lab 101,Fans,0.015,0.015,1,4,0
2026-09-11 01:26:48,Main Block,Ground,Lab 101,Server Units,4.537,4.537,1,4,0
2026-09-11 01:26:48,Main Block,First,Computer Lab 201,AC,0.25,0.25,1,4,0
2026-09-11 01:26:48,Main Block,First,Computer Lab 201,Computers,0.08,0.08,1,4,0
2026-09-11 01:26:48,Main Block,First,Computer Lab 201,Lights,0.02,0.02,1,4,0
2026-09-11 01:26:48,Main Block,First,Computer Lab 201,Fans,0.015,0.015,1,4,0
2026-09-11 01:26:48,Main Block,First,Computer Lab 201,Server Units,4.869,4.869,1,4,0
2026-09-11 01:26:48,Research Wing,Ground,AI Research Lab,AC,0.25,0.25,1,4,0
2026-09-11 01:26:48,Research Wing,Ground,AI Research Lab,Computers,0.08,0.08,1,4,0
2026-09-11 01:26:48,Research Wing,Ground,AI Research Lab,Lights,0.02,0.02,1,4,0
2026-09-11 01:26:48,Research Wing,Ground,AI Research Lab,Fans,0.015,0.015,1,4,0
2026-09-11 01:26:48,Research Wing,Ground,AI Research Lab,Server Units,4.845,4.845,1,4,0
2026-09-11 01:26:48,Research Wing,Ground,Server Room,AC,0.25,0.25,1,4,0
2026-09-11 01:26:48,Research Wing,Ground,Server Room,Computers,0.08,0.08,1,4,0
2026-09-11 01:26:48,Research Wing,Ground,Server Room,Lights,0.02,0.02,1,4,0
2026-09-11 01:26:48,Research Wing,Ground,Server Room,Fans,0.015,0.015,1,4,0
2026-09-11 01:26:48,Research Wing,Ground,Server Room,Server Units,4.505,4.505,1,4,0
2026-09-11 02:26:48,Main Block,Ground,Lab 101,AC,0.25,0.25,2,4,0
2026-09-11 02:26:48,Main Block,Ground,Lab 101,Computers,0.08,0.08,2,4,0
2026-09-11 02:26:48,Main Block,Ground,Lab 101,Lights,0.02,0.02,2,4,0
2026-09-11 02:26:48,Main Block,Ground,Lab 101,Fans,0.045,0.045,2,4,0
2026-09-11 02:26:48,Main Block,Ground,Lab 101,Server Units,5.034,5.034,2,4,0
2026-09-11 02:26:48,Main Block,First,Computer Lab 201,AC,0.25,0.25,2,4,0
2026-09-11 02:26:48,Main Block,First,Computer Lab 201,Computers,0.08,0.08,2,4,0
2026-09-11 02:26:48,Main Block,First,Computer Lab 201,Lights,0.02,0.02,2,4,0
2026-09-11 02:26:48,Main Block,First,Computer Lab 201,Fans,0.015,0.015,2,4,0
2026-09-11 02:26:48,Main Block,First,Computer Lab 201,Server Units,4.373,4.373,2,4,0
2026-09-11 02:26:48,Research Wing,Ground,AI Research Lab,AC,0.25,0.25,2,4,0
2026-09-11 02:26:48,Research Wing,Ground,AI Research Lab,Computers,0.08,0.08,2,4,0
2026-09-11 02:26:48,Research Wing,Ground,AI Research Lab,Lights,0.02,0.02,2,4,0
2026-09-11 02:26:48,Research Wing,Ground,AI Research Lab,Fans,0.015,0.015,2,4,0
2026-09-11 02:26:48,Research Wing,Ground,AI Research Lab,Server Units,3.756,3.756,2,4,0
2026-09-11 02:26:48,Research Wing,Ground,Server Room,AC,0.25,0.25,2,4,0
2026-09-11 02:26:48,Research Wing,Ground,Server Room,Computers,0.08,0.08,2,4,0
2026-09-11 02:26:48,Research Wing,Ground,Server Room,Lights,0.02,0.02,2,4,0
2026-09-11 02:26:48,Research Wing,Ground,Server Room,Fans,0.015,0.015,2,4,0
2026-09-11 02:26:48,Research Wing,Ground,Server Room,Server Units,3.86,3.86,2,4,0
2026-09-11 03:26:48,Main Block,Ground,Lab 101,AC,0.25,0.25,3,4,0
2026-09-11 03:26:48,Main Block,Ground,Lab 101,Computers,0.08,0.08,3,4,0
2026-09-11 03:26:48,Main Block,Ground,Lab 101,Lights,0.02,0.02,3,4,0
2026-09-11 03:26:48,Main Block,Ground,Lab 101,Fans,0.015,0.015,3,4,0
2026-09-11 03:26:48,Main Block,Ground,Lab 101,Server Units,3.772,3.772,3,4,0
2026-09-11 03:26:48,Main Block,First,Computer Lab 201,AC,0.25,0.25,3,4,0
2026-09-11 03:26:48,Main Block,First,Computer Lab 201,Computers,0.08,0.08,3,4,0
2026-09-11 03:26:48,Main Block,First,Computer Lab 201,Lights,0.02,0.02,3,4,0
2026-09-11 03:26:48,Main Block,First,Computer Lab 201,Fans,0.015,0.015,3,4,0
2026-09-11 03:26:48,Main Block,First,Computer Lab 201,Server Units,4.229,4.229,3,4,0
2026-09-11 03:26:48,Research Wing,Ground,AI Research Lab,AC,0.25,0.25,3,4,0
2026-09-11 03:26:48,Research Wing,Ground,AI Research Lab,Computers,0.08,0.08,3,4,0
2026-09-11 03:26:48,Research Wing,Ground,AI Research Lab,Lights,0.02,0.02,3,4,0
2026-09-11 03:26:48,Research Wing,Ground,AI Research Lab,Fans,0.015,0.015,3,4,0
2026-09-11 03:26:48,Research Wing,Ground,AI Research Lab,Server Units,4.179,4.179,3,4,0
2026-09-11 03:26:48,Research Wing,Ground,Server Room,AC,0.25,0.25,3,4,0
2026-09-11 03:26:48,Research Wing,Ground,Server Room,Computers,0.08,0.08,3,4,0
2026-09-11 03:26:48,Research Wing,Ground,Server Room,Lights,0.02,0.02,3,4,0
2026-09-11 03:26:48,Research Wing,Ground,Server Room,Fans,0.015,0.015,3,4,0
2026-09-11 03:26:48,Research Wing,Ground,Server Room,Server Units,4.789,4.789,3,4,0
2026-09-11 04:26:48,Main Block,Ground,Lab 101,AC,0.25,0.25,4,4,0
2026-09-11 04:26:48,Main Block,Ground,Lab 101,Computers,0.08,0.08,4,4,0
2026-09-11 04:26:48,Main Block,Ground,Lab 101,Lights,0.02,0.02,4,4,0
2026-09-11 04:26:48,Main Block,Ground,Lab 101,Fans,0.015,0.015,4,4,0
2026-09-11 04:26:48,Main Block,Ground,Lab 101,Server Units,4.988,4.988,4,4,0
2026-09-11 04:26:48,Main Block,First,Computer Lab 201,AC,0.25,0.25,4,4,0
2026-09-11 04:26:48,Main Block,First,Computer Lab 201,Computers,0.08,0.08,4,4,0
2026-09-11 04:26:48,Main Block,First,Computer Lab 201,Lights,0.02,0.02,4,4,0
2026-09-11 04:26:48,Main Block,First,Computer Lab 201,Fans,0.015,0.015,4,4,0
2026-09-11 04:26:48,Main Block,First,Computer Lab 201,Server Units,4.223,4.223,4,4,0
2026-09-11 04:26:48,Research Wing,Ground,AI Research Lab,AC,0.25,0.25,4,4,0
2026-09-11 04:26:48,Research Wing,Ground,AI Research Lab,Computers,0.08,0.08,4,4,0
2026-09-11 04:26:48,Research Wing,Ground,AI Research Lab,Lights,0.02,0.02,4,4,0
2026-09-11 04:26:48,Research Wing,Ground,AI Research Lab,Fans,0.015,0.015,4,4,0
2026-09-11 04:26:48,Research Wing,Ground,AI Research Lab,Server Units,5.035,5.035,4,4,0
2026-09-11 04:26:48,Research Wing,Ground,Server Room,AC,0.25,0.25,4,4,0
2026-09-11 04:26:48,Research Wing,Ground,Server Room,Computers,0.08,0.08,4,4,0
2026-09-11 04:26:48,Research Wing,Ground,Server Room,Lights,0.02,0.02,4,4,0
2026-09-11 04:26:48,Research Wing,Ground,Server Room,Fans,0.015,0.015,4,4,0
2026-09-11 04:26:48,Research Wing,Ground,Server Room,Server Units,5.006,5.006,4,4,0
2026-09-11 05:26:48,Main Block,Ground,Lab 101,AC,0.25,0.25,5,4,0
2026-09-11 05:26:48,Main Block,Ground,Lab 101,Computers,0.08,0.08,5,4,0
2026-09-11 05:26:48,Main Block,Ground,Lab 101,Lights,0.02,0.02,5,4,0
2026-09-11 05:26:48,Main Block,Ground,Lab 101,Fans,0.015,0.015,5,4,0
2026-09-11 05:26:48,Main Block,Ground,Lab 101,Server Units,4.638,4.638,5,4,0
2026-09-11 05:26:48,Main Block,First,Computer Lab 201,AC,0.25,0.25,5,4,0
2026-09-11 05:26:48,Main Block,First,Computer Lab 201,Computers,0.08,0.08,5,4,0
2026-09-11 05:26:48,Main Block,First,Computer Lab 201,Lights,0.02,0.02,5,4,0
2026-09-11 05:26:48,Main Block,First,Computer Lab 201,Fans,0.015,0.015,5,4,0
2026-09-11 05:26:48,Main Block,First,Computer Lab 201,Server Units,3.902,3.902,5,4,0
2026-09-11 05:26:48,Research Wing,Ground,AI Research Lab,AC,0.25,0.25,5,4,0
2026-09-11 05:26:48,Research Wing,Ground,AI Research Lab,Computers,0.08,0.08,5,4,0
2026-09-11 05:26:48,Research Wing,Ground,AI Research Lab,Lights,0.02,0.02,5,4,0
2026-09-11 05:26:48,Research Wing,Ground,AI Research Lab,Fans,0.015,0.015,5,4,0
2026-09-11 05:26:48,Research Wing,Ground,AI Research Lab,Server Units,4.796,4.796,5,4,0
2026-09-11 05:26:48,Research Wing,Ground,Server Room,AC,0.25,0.25,5,4,0
2026-09-11 05:26:48,Research Wing,Ground,Server Room,Computers,0.08,0.08,5,4,0
2026-09-11 05:26:48,Research Wing,Ground,Server Room,Lights,0.02,0.02,5,4,0
2026-09-11 05:26:48,Research Wing,Ground,Server Room,Fans,0.015,0.015,5,4,0
2026-09-11 05:26:48,Research Wing,Ground,Server Room,Server Units,4.344,4.344,5,4,0
2026-09-11 06:26:48,Main Block,Ground,Lab 101,AC,0.25,0.25,6,4,0
2026-09-11 06:26:48,Main Block,Ground,Lab 101,Computers,0.08,0.08,6,4,0
2026-09-11 06:26:48,Main Block,Ground,Lab 101,Lights,0.02,0.02,6,4,0
2026-09-11 06:26:48,Main Block,Ground,Lab 101,Fans,0.015,0.015,6,4,0
2026-09-11 06:26:48,Main Block,Ground,Lab 101,Server Units,4.104,4.104,6,4,0
2026-09-11 06:26:48,Main Block,First,Computer Lab 201,AC,0.25,0.25,6,4,0
2026-09-11 06:26:48,Main Block,First,Computer Lab 201,Computers,0.08,0.08,6,4,0
2026-09-11 06:26:48,Main Block,First,Computer Lab 201,Lights,0.02,0.02,6,4,0
2026-09-11 06:26:48,Main Block,First,Computer Lab 201,Fans,0.015,0.015,6,4,0
2026-09-11 06:26:48,Main Block,First,Computer Lab 201,Server Units,4.127,4.127,6,4,0
2026-09-11 06:26:48,Research Wing,Ground,AI Research Lab,AC,0.25,0.25,6,4,0
2026-09-11 06:26:48,Research Wing,Ground,AI Research Lab,Computers,0.08,0.08,6,4,0
2026-09-11 06:26:48,Research Wing,Ground,AI Research Lab,Lights,0.02,0.02,6,4,0
2026-09-11 06:26:48,Research Wing,Ground,AI Research Lab,Fans,0.015,0.015,6,4,0
2026-09-11 06:26:48,Research Wing,Ground,AI Research Lab,Server Units,4.591,4.591,6,4,0
2026-09-11 06:26:48,Research Wing,Ground,Server Room,AC,0.25,0.25,6,4,0
2026-09-11 06:26:48,Research Wing,Ground,Server Room,Computers,0.08,0.08,6,4,0
2026-09-11 06:26:48,Research Wing,Ground,Server Room,Lights,0.02,0.02,6,4,0
2026-09-11 06:26:48,Research Wing,Ground,Server Room,Fans,0.015,0.015,6,4,0
2026-09-11 06:26:48,Research Wing,Ground,Server Room,Server Units,4.591,4.591,6,4,0
2026-09-11 07:26:48,Main Block,Ground,Lab 101,AC,0.25,0.25,7,4,0
2026-09-11 07:26:48,Main Block,Ground,Lab 101,Computers,0.08,0.08,7,4,0
2026-09-11 07:26:48,Main Block,Ground,Lab 101,Lights,0.02,0.02,7,4,0
2026-09-11 07:26:48,Main Block,Ground,Lab 101,Fans,0.015,0.015,7,4,0
2026-09-11 07:26:48,Main Block,Ground,Lab 101,Server Units,4.66,4.66,7,4,0
2026-09-11 07:26:48,Main Block,First,Computer Lab 201,AC,0.25,0.25,7,4,0
2026-09-11 07:26:48,Main Block,First,Computer Lab 201,Computers,0.08,0.08,7,4,0
2026-09-11 07:26:48,Main Block,First,Computer Lab 201,Lights,0.02,0.02,7,4,0
2026-09-11 07:26:48,Main Block,First,Computer Lab 201,Fans,0.015,0.015,7,4,0
2026-09-11 07:26:48,Main Block,First,Computer Lab 201,Server Units,3.967,3.967,7,4,0
2026-09-11 07:26:48,Research Wing,Ground,AI Research Lab,AC,0.25,0.25,7,4,0
2026-09-11 07:26:48,Research Wing,Ground,AI Research Lab,Computers,0.08,0.08,7,4,0
2026-09-11 07:26:48,Research Wing,Ground,AI Research Lab,Lights,0.02,0.02,7,4,0
2026-09-11 07:26:48,Research Wing,Ground,AI Research Lab,Fans,0.015,0.015,7,4,0
2026-09-11 07:26:48,Research Wing,Ground,AI Research Lab,Server Units,4.206,4.206,7,4,0
2026-09-11 07:26:48,Research Wing,Ground,Server Room,AC,0.25,0.25,7,4,0
2026-09-11 07:26:48,Research Wing,Ground,Server Room,Computers,0.08,0.08,7,4,0
2026-09-11 07:26:48,Research Wing,Ground,Server Room,Lights,0.02,0.02,7,4,0
2026-09-11 07:26:48,Research Wing,Ground,Server Room,Fans,0.015,0.015,7,4,0
2026-09-11 07:26:48,Research Wing,Ground,Server Room,Server Units,5.025,5.025,7,4,0
2026-09-11 08:26:48,Main Block,Ground,Lab 101,AC,4.76,4.76,8,4,0
2026-09-11 08:26:48,Main Block,Ground,Lab 101,Computers,1.792,1.792,8,4,0
2026-09-11 08:26:48,Main Block,Ground,Lab 101,Lights,0.259,0.259,8,4,0
2026-09-11 08:26:48,Main Block,Ground,Lab 101,Fans,0.173,0.173,8,4,0
2026-09-11 08:26:48,Main Block,Ground,Lab 101,Server Units,3.984,3.984,8,4,0
2026-09-11 08:26:48,Main Block,First,Computer Lab 201,AC,3.872,3.872,8,4,0
2026-09-11 08:26:48,Main Block,First,Computer Lab 201,Computers,1.906,1.906,8,4,0
2026-09-11 08:26:48,Main Block,First,Computer Lab 201,Lights,0.304,0.304,8,4,0
2026-09-11 08:26:48,Main Block,First,Computer Lab 201,Fans,0.183,0.183,8,4,0
2026-09-11 08:26:48,Main Block,First,Computer Lab 201,Server Units,4.274,4.274,8,4,0
2026-09-11 08:26:48,Research Wing,Ground,AI Research Lab,AC,4.021,4.021,8,4,0
2026-09-11 08:26:48,Research Wing,Ground,AI Research Lab,Computers,5.676,5.676,8,4,0
2026-09-11 08:26:48,Research Wing,Ground,AI Research Lab,Lights,0.321,0.321,8,4,0
2026-09-11 08:26:48,Research Wing,Ground,AI Research Lab,Fans,0.185,0.185,8,4,0
2026-09-11 08:26:48,Research Wing,Ground,AI Research Lab,Server Units,4.366,4.366,8,4,0
2026-09-11 08:26:48,Research Wing,Ground,Server Room,AC,5.099,5.099,8,4,0
2026-09-11 08:26:48,Research Wing,Ground,Server Room,Computers,2.044,2.044,8,4,0
2026-09-11 08:26:48,Research Wing,Ground,Server Room,Lights,0.306,0.306,8,4,0
2026-09-11 08:26:48,Research Wing,Ground,Server Room,Fans,0.192,0.192,8,4,0
2026-09-11 08:26:48,Research Wing,Ground,Server Room,Server Units,4.706,4.706,8,4,0
2026-09-11 09:26:48,Main Block,Ground,Lab 101,AC,4.013,4.013,9,4,0
2026-09-11 09:26:48,Main Block,Ground,Lab 101,Computers,1.885,1.885,9,4,0
2026-09-11 09:26:48,Main Block,Ground,Lab 101,Lights,0.331,0.331,9,4,0
2026-09-11 09:26:48,Main Block,Ground,Lab 101,Fans,0.171,0.171,9,4,0
2026-09-11 09:26:48,Main Block,Ground,Lab 101,Server Units,4.587,4.587,9,4,0
2026-09-11 09:26:48,Main Block,First,Computer Lab 201,AC,4.125,4.125,9,4,0
2026-09-11 09:26:48,Main Block,First,Computer Lab 201,Computers,5.6,5.6,9,4,0
2026-09-11 09:26:48,Main Block,First,Computer Lab 201,Lights,0.303,0.303,9,4,0
2026-09-11 09:26:48,Main Block,First,Computer Lab 201,Fans,0.205,0.205,9,4,0
2026-09-11 09:26:48,Main Block,First,Computer Lab 201,Server Units,4.416,4.416,9,4,0
2026-09-11 09:26:48,Research Wing,Ground,AI Research Lab,AC,4.254,4.254,9,4,0
2026-09-11 09:26:48,Research Wing,Ground,AI Research Lab,Computers,2.266,2.266,9,4,0
2026-09-11 09:26:48,Research Wing,Ground,AI Research Lab,Lights,0.287,0.287,9,4,0
2026-09-11 09:26:48,Research Wing,Ground,AI Research Lab,Fans,0.216,0.216,9,4,0
2026-09-11 09:26:48,Research Wing,Ground,AI Research Lab,Server Units,4.232,4.232,9,4,0
2026-09-11 09:26:48,Research Wing,Ground,Server Room,AC,4.299,4.299,9,4,0
2026-09-11 09:26:48,Research Wing,Ground,Server Room,Computers,2.225,2.225,9,4,0
2026-09-11 09:26:48,Research Wing,Ground,Server Room,Lights,0.321,0.321,9,4,0
2026-09-11 09:26:48,Research Wing,Ground,Server Room,Fans,0.224,0.224,9,4,0
2026-09-11 09:26:48,Research Wing,Ground,Server Room,Server Units,4.121,4.121,9,4,0
2026-09-11 10:26:48,Main Block,Ground,Lab 101,AC,5.135,5.135,10,4,0
2026-09-11 10:26:48,Main Block,Ground,Lab 101,Computers,2.238,2.238,10,4,0
2026-09-11 10:26:48,Main Block,Ground,Lab 101,Lights,0.308,0.308,10,4,0
2026-09-11 10:26:48,Main Block,Ground,Lab 101,Fans,0.178,0.178,10,4,0
2026-09-11 10:26:48,Main Block,Ground,Lab 101,Server Units,4.885,4.885,10,4,0
2026-09-11 10:26:48,Main Block,First,Computer Lab 201,AC,3.914,3.914,10,4,0
2026-09-11 10:26:48,Main Block,First,Computer Lab 201,Computers,2.154,2.154,10,4,0
2026-09-11 10:26:48,Main Block,First,Computer Lab 201,Lights,0.292,0.292,10,4,0
2026-09-11 10:26:48,Main Block,First,Computer Lab 201,Fans,0.19,0.19,10,4,0
2026-09-11 10:26:48,Main Block,First,Computer Lab 201,Server Units,4.678,4.678,10,4,0
2026-09-11 10:26:48,Research Wing,Ground,AI Research Lab,AC,4.01,4.01,10,4,0
2026-09-11 10:26:48,Research Wing,Ground,AI Research Lab,Computers,1.929,1.929,10,4,0
2026-09-11 10:26:48,Research Wing,Ground,AI Research Lab,Lights,0.259,0.259,10,4,0
2026-09-11 10:26:48,Research Wing,Ground,AI Research Lab,Fans,0.215,0.215,10,4,0
2026-09-11 10:26:48,Research Wing,Ground,AI Research Lab,Server Units,4.478,4.478,10,4,0
2026-09-11 10:26:48,Research Wing,Ground,Server Room,AC,11.584,11.584,10,4,0
2026-09-11 10:26:48,Research Wing,Ground,Server Room,Computers,1.858,1.858,10,4,0
2026-09-11 10:26:48,Research Wing,Ground,Server Room,Lights,0.33,0.33,10,4,0
2026-09-11 10:26:48,Research Wing,Ground,Server Room,Fans,0.204,0.204,10,4,0
2026-09-11 10:26:48,Research Wing,Ground,Server Room,Server Units,4.291,4.291,10,4,0
2026-09-11 11:26:48,Main Block,Ground,Lab 101,AC,4.754,4.754,11,4,0
2026-09-11 11:26:48,Main Block,Ground,Lab 101,Computers,1.772,1.772,11,4,0
2026-09-11 11:26:48,Main Block,Ground,Lab 101,Lights,0.344,0.344,11,4,0
2026-09-11 11:26:48,Main Block,Ground,Lab 101,Fans,0.209,0.209,11,4,0
2026-09-11 11:26:48,Main Block,Ground,Lab 101,Server Units,4.487,4.487,11,4,0
2026-09-11 11:26:48,Main Block,First,Computer Lab 201,AC,4.673,4.673,11,4,0
2026-09-11 11:26:48,Main Block,First,Computer Lab 201,Computers,2.117,2.117,11,4,0
2026-09-11 11:26:48,Main Block,First,Computer Lab 201,Lights,0.301,0.301,11,4,0
2026-09-11 11:26:48,Main Block,First,Computer Lab 201,Fans,0.215,0.215,11,4,0
2026-09-11 11:26:48,Main Block,First,Computer Lab 201,Server Units,3.817,3.817,11,4,0
2026-09-11 11:26:48,Research Wing,Ground,AI Research Lab,AC,5.011,5.011,11,4,0
2026-09-11 11:26:48,Research Wing,Ground,AI Research Lab,Computers,1.798,1.798,11,4,0
2026-09-11 11:26:48,Research Wing,Ground,AI Research Lab,Lights,0.293,0.293,11,4,0
2026-09-11 11:26:48,Research Wing,Ground,AI Research Lab,Fans,0.187,0.187,11,4,0
2026-09-11 11:26:48,Research Wing,Ground,AI Research Lab,Server Units,4.439,4.439,11,4,0
2026-09-11 11:26:48,Research Wing,Ground,Server Room,AC,4.519,4.519,11,4,0
2026-09-11 11:26:48,Research Wing,Ground,Server Room,Computers,1.81,1.81,11,4,0
2026-09-11 11:26:48,Research Wing,Ground,Server Room,Lights,0.323,0.323,11,4,0
2026-09-11 11:26:48,Research Wing,Ground,Server Room,Fans,0.217,0.217,11,4,0
2026-09-11 11:26:48,Research Wing,Ground,Server Room,Server Units,4.644,4.644,11,4,0
2026-09-11 12:26:48,Main Block,Ground,Lab 101,AC,4.75,4.75,12,4,0
2026-09-11 12:26:48,Main Block,Ground,Lab 101,Computers,1.758,1.758,12,4,0
2026-09-11 12:26:48,Main Block,Ground,Lab 101,Lights,0.987,0.987,12,4,0
2026-09-11 12:26:48,Main Block,Ground,Lab 101,Fans,0.196,0.196,12,4,0
2026-09-11 12:26:48,Main Block,Ground,Lab 101,Server Units,4.38,4.38,12,4,0
2026-09-11 12:26:48,Main Block,First,Computer Lab 201,AC,5.055,5.055,12,4,0
2026-09-11 12:26:48,Main Block,First,Computer Lab 201,Computers,1.793,1.793,12,4,0
2026-09-11 12:26:48,Main Block,First,Computer Lab 201,Lights,0.272,0.272,12,4,0
2026-09-11 12:26:48,Main Block,First,Computer Lab 201,Fans,0.202,0.202,12,4,0
2026-09-11 12:26:48,Main Block,First,Computer Lab 201,Server Units,4.434,4.434,12,4,0
2026-09-11 12:26:48,Research Wing,Ground,AI Research Lab,AC,4.569,4.569,12,4,0
2026-09-11 12:26:48,Research Wing,Ground,AI Research Lab,Computers,1.768,1.768,12,4,0
2026-09-11 12:26:48,Research Wing,Ground,AI Research Lab,Lights,0.262,0.262,12,4,0
2026-09-11 12:26:48,Research Wing,Ground,AI Research Lab,Fans,0.22,0.22,12,4,0
2026-09-11 12:26:48,Research Wing,Ground,AI Research Lab,Server Units,4.151,4.151,12,4,0
2026-09-11 12:26:48,Research Wing,Ground,Server Room,AC,4.928,4.928,12,4,0
2026-09-11 12:26:48,Research Wing,Ground,Server Room,Computers,2.059,2.059,12,4,0
2026-09-11 12:26:48,Research Wing,Ground,Server Room,Lights,0.286,0.286,12,4,0
2026-09-11 12:26:48,Research Wing,Ground,Server Room,Fans,0.167,0.167,12,4,0
2026-09-11 12:26:48,Research Wing,Ground,Server Room,Server Units,4.034,4.034,12,4,0
2026-09-11 13:26:48,Main Block,Ground,Lab 101,AC,4.017,4.017,13,4,0
2026-09-11 13:26:48,Main Block,Ground,Lab 101,Computers,1.775,1.775,13,4,0
2026-09-11 13:26:48,Main Block,Ground,Lab 101,Lights,0.262,0.262,13,4,0
2026-09-11 13:26:48,Main Block,Ground,Lab 101,Fans,0.212,0.212,13,4,0
2026-09-11 13:26:48,Main Block,Ground,Lab 101,Server Units,4.763,4.763,13,4,0
2026-09-11 13:26:48,Main Block,First,Computer Lab 201,AC,3.882,3.882,13,4,0
2026-09-11 13:26:48,Main Block,First,Computer Lab 201,Computers,2.176,2.176,13,4,0
2026-09-11 13:26:48,Main Block,First,Computer Lab 201,Lights,0.26,0.26,13,4,0
2026-09-11 13:26:48,Main Block,First,Computer Lab 201,Fans,0.181,0.181,13,4,0
2026-09-11 13:26:48,Main Block,First,Computer Lab 201,Server Units,4.621,4.621,13,4,0
2026-09-11 13:26:48,Research Wing,Ground,AI Research Lab,AC,4.881,4.881,13,4,0
2026-09-11 13:26:48,Research Wing,Ground,AI Research Lab,Computers,1.823,1.823,13,4,0
2026-09-11 13:26:48,Research Wing,Ground,AI Research Lab,Lights,0.272,0.272,13,4,0
2026-09-11 13:26:48,Research Wing,Ground,AI Research Lab,Fans,0.171,0.171,13,4,0
2026-09-11 13:26:48,Research Wing,Ground,AI Research Lab,Server Units,4.983,4.983,13,4,0
2026-09-11 13:26:48,Research Wing,Ground,Server Room,AC,4.295,4.295,13,4,0
2026-09-11 13:26:48,Research Wing,Ground,Server Room,Computers,2.0,2.0,13,4,0
2026-09-11 13:26:48,Research Wing,Ground,Server Room,Lights,0.277,0.277,13,4,0
2026-09-11 13:26:48,Research Wing,Ground,Server Room,Fans,0.172,0.172,13,4,0
2026-09-11 13:26:48,Research Wing,Ground,Server Room,Server Units,3.758,3.758,13,4,0
2026-09-11 14:26:48,Main Block,Ground,Lab 101,AC,4.084,4.084,14,4,0
2026-09-11 14:26:48,Main Block,Ground,Lab 101,Computers,2.241,2.241,14,4,0
2026-09-11 14:26:48,Main Block,Ground,Lab 101,Lights,0.343,0.343,14,4,0
2026-09-11 14:26:48,Main Block,Ground,Lab 101,Fans,0.178,0.178,14,4,0
2026-09-11 14:26:48,Main Block,Ground,Lab 101,Server Units,4.674,4.674,14,4,0
2026-09-11 14:26:48,Main Block,First,Computer Lab 201,AC,4.621,4.621,14,4,0
2026-09-11 14:26:48,Main Block,First,Computer Lab 201,Computers,2.275,2.275,14,4,0
2026-09-11 14:26:48,Main Block,First,Computer Lab 201,Lights,0.287,0.287,14,4,0
2026-09-11 14:26:48,Main Block,First,Computer Lab 201,Fans,0.178,0.178,14,4,0
2026-09-11 14:26:48,Main Block,First,Computer Lab 201,Server Units,3.889,3.889,14,4,0
2026-09-11 14:26:48,Research Wing,Ground,AI Research Lab,AC,3.992,3.992,14,4,0
2026-09-11 14:26:48,Research Wing,Ground,AI Research Lab,Computers,1.782,1.782,14,4,0
2026-09-11 14:26:48,Research Wing,Ground,AI Research Lab,Lights,0.318,0.318,14,4,0
2026-09-11 14:26:48,Research Wing,Ground,AI Research Lab,Fans,0.168,0.168,14,4,0
2026-09-11 14:26:48,Research Wing,Ground,AI Research Lab,Server Units,3.893,3.893,14,4,0
2026-09-11 14:26:48,Research Wing,Ground,Server Room,AC,4.636,4.636,14,4,0
2026-09-11 14:26:48,Research Wing,Ground,Server Room,Computers,2.286,2.286,14,4,0
2026-09-11 14:26:48,Research Wing,Ground,Server Room,Lights,0.305,0.305,14,4,0
2026-09-11 14:26:48,Research Wing,Ground,Server Room,Fans,0.216,0.216,14,4,0
2026-09-11 14:26:48,Research Wing,Ground,Server Room,Server Units,3.832,3.832,14,4,0
2026-09-11 15:26:48,Main Block,Ground,Lab 101,AC,4.467,4.467,15,4,0
2026-09-11 15:26:48,Main Block,Ground,Lab 101,Computers,1.808,1.808,15,4,0
2026-09-11 15:26:48,Main Block,Ground,Lab 101,Lights,0.299,0.299,15,4,0
2026-09-11 15:26:48,Main Block,Ground,Lab 101,Fans,0.191,0.191,15,4,0
2026-09-11 15:26:48,Main Block,Ground,Lab 101,Server Units,3.852,3.852,15,4,0
2026-09-11 15:26:48,Main Block,First,Computer Lab 201,AC,4.366,4.366,15,4,0
2026-09-11 15:26:48,Main Block,First,Computer Lab 201,Computers,1.761,1.761,15,4,0
2026-09-11 15:26:48,Main Block,First,Computer Lab 201,Lights,0.343,0.343,15,4,0
2026-09-11 15:26:48,Main Block,First,Computer Lab 201,Fans,0.223,0.223,15,4,0
2026-09-11 15:26:48,Main Block,First,Computer Lab 201,Server Units,4.525,4.525,15,4,0
2026-09-11 15:26:48,Research Wing,Ground,AI Research Lab,AC,3.991,3.991,15,4,0
2026-09-11 15:26:48,Research Wing,Ground,AI Research Lab,Computers,2.135,2.135,15,4,0
2026-09-11 15:26:48,Research Wing,Ground,AI Research Lab,Lights,0.319,0.319,15,4,0
2026-09-11 15:26:48,Research Wing,Ground,AI Research Lab,Fans,0.182,0.182,15,4,0
2026-09-11 15:26:48,Research Wing,Ground,AI Research Lab,Server Units,4.59,4.59,15,4,0
2026-09-11 15:26:48,Research Wing,Ground,Server Room,AC,4.467,4.467,15,4,0
2026-09-11 15:26:48,Research Wing,Ground,Server Room,Computers,1.943,1.943,15,4,0
2026-09-11 15:26:48,Research Wing,Ground,Server Room,Lights,0.28,0.28,15,4,0
2026-09-11 15:26:48,Research Wing,Ground,Server Room,Fans,0.172,0.172,15,4,0
2026-09-11 15:26:48,Research Wing,Ground,Server Room,Server Units,4.396,4.396,15,4,0
2026-09-11 16:26:48,Main Block,Ground,Lab 101,AC,4.007,4.007,16,4,0
2026-09-11 16:26:48,Main Block,Ground,Lab 101,Computers,1.732,1.732,16,4,0
2026-09-11 16:26:48,Main Block,Ground,Lab 101,Lights,0.316,0.316,16,4,0
2026-09-11 16:26:48,Main Block,Ground,Lab 101,Fans,0.188,0.188,16,4,0
2026-09-11 16:26:48,Main Block,Ground,Lab 101,Server Units,3.942,3.942,16,4,0
2026-09-11 16:26:48,Main Block,First,Computer Lab 201,AC,3.955,3.955,16,4,0
2026-09-11 16:26:48,Main Block,First,Computer Lab 201,Computers,2.151,2.151,16,4,0
2026-09-11 16:26:48,Main Block,First,Computer Lab 201,Lights,0.326,0.326,16,4,0
2026-09-11 16:26:48,Main Block,First,Computer Lab 201,Fans,0.204,0.204,16,4,0
2026-09-11 16:26:48,Main Block,First,Computer Lab 201,Server Units,4.085,4.085,16,4,0
2026-09-11 16:26:48,Research Wing,Ground,AI Research Lab,AC,4.986,4.986,16,4,0
2026-09-11 16:26:48,Research Wing,Ground,AI Research Lab,Computers,2.272,2.272,16,4,0
2026-09-11 16:26:48,Research Wing,Ground,AI Research Lab,Lights,0.294,0.294,16,4,0
2026-09-11 16:26:48,Research Wing,Ground,AI Research Lab,Fans,0.188,0.188,16,4,0
2026-09-11 16:26:48,Research Wing,Ground,AI Research Lab,Server Units,4.237,4.237,16,4,0
2026-09-11 16:26:48,Research Wing,Ground,Server Room,AC,3.869,3.869,16,4,0
2026-09-11 16:26:48,Research Wing,Ground,Server Room,Computers,2.216,2.216,16,4,0
2026-09-11 16:26:48,Research Wing,Ground,Server Room,Lights,0.319,0.319,16,4,0
2026-09-11 16:26:48,Research Wing,Ground,Server Room,Fans,0.174,0.174,16,4,0
2026-09-11 16:26:48,Research Wing,Ground,Server Room,Server Units,4.383,4.383,16,4,0
2026-09-11 17:26:48,Main Block,Ground,Lab 101,AC,4.736,4.736,17,4,0
2026-09-11 17:26:48,Main Block,Ground,Lab 101,Computers,2.111,2.111,17,4,0
2026-09-11 17:26:48,Main Block,Ground,Lab 101,Lights,0.298,0.298,17,4,0
2026-09-11 17:26:48,Main Block,Ground,Lab 101,Fans,0.195,0.195,17,4,0
2026-09-11 17:26:48,Main Block,Ground,Lab 101,Server Units,4.393,4.393,17,4,0
2026-09-11 17:26:48,Main Block,First,Computer Lab 201,AC,4.658,4.658,17,4,0
2026-09-11 17:26:48,Main Block,First,Computer Lab 201,Computers,2.287,2.287,17,4,0
2026-09-11 17:26:48,Main Block,First,Computer Lab 201,Lights,0.258,0.258,17,4,0
2026-09-11 17:26:48,Main Block,First,Computer Lab 201,Fans,0.215,0.215,17,4,0
2026-09-11 17:26:48,Main Block,First,Computer Lab 201,Server Units,4.72,4.72,17,4,0
2026-09-11 17:26:48,Research Wing,Ground,AI Research Lab,AC,5.028,5.028,17,4,0
2026-09-11 17:26:48,Research Wing,Ground,AI Research Lab,Computers,1.758,1.758,17,4,0
2026-09-11 17:26:48,Research Wing,Ground,AI Research Lab,Lights,0.287,0.287,17,4,0
2026-09-11 17:26:48,Research Wing,Ground,AI Research Lab,Fans,0.204,0.204,17,4,0
2026-09-11 17:26:48,Research Wing,Ground,AI Research Lab,Server Units,4.595,4.595,17,4,0
2026-09-11 17:26:48,Research Wing,Ground,Server Room,AC,5.054,5.054,17,4,0
2026-09-11 17:26:48,Research Wing,Ground,Server Room,Computers,1.883,1.883,17,4,0
2026-09-11 17:26:48,Research Wing,Ground,Server Room,Lights,0.257,0.257,17,4,0
2026-09-11 17:26:48,Research Wing,Ground,Server Room,Fans,0.193,0.193,17,4,0
2026-09-11 17:26:48,Research Wing,Ground,Server Room,Server Units,4.49,4.49,17,4,0
2026-09-11 18:26:48,Main Block,Ground,Lab 101,AC,4.185,4.185,18,4,0
2026-09-11 18:26:48,Main Block,Ground,Lab 101,Computers,2.053,2.053,18,4,0
2026-09-11 18:26:48,Main Block,Ground,Lab 101,Lights,0.289,0.289,18,4,0
2026-09-11 18:26:48,Main Block,Ground,Lab 101,Fans,0.199,0.199,18,4,0
2026-09-11 18:26:48,Main Block,Ground,Lab 101,Server Units,3.872,3.872,18,4,0
2026-09-11 18:26:48,Main Block,First,Computer Lab 201,AC,4.279,4.279,18,4,0
2026-09-11 18:26:48,Main Block,First,Computer Lab 201,Computers,2.159,2.159,18,4,0
2026-09-11 18:26:48,Main Block,First,Computer Lab 201,Lights,0.31,0.31,18,4,0
2026-09-11 18:26:48,Main Block,First,Computer Lab 201,Fans,0.191,0.191,18,4,0
2026-09-11 18:26:48,Main Block,First,Computer Lab 201,Server Units,4.858,4.858,18,4,0
2026-09-11 18:26:48,Research Wing,Ground,AI Research Lab,AC,4.96,4.96,18,4,0
2026-09-11 18:26:48,Research Wing,Ground,AI Research Lab,Computers,1.872,1.872,18,4,0
2026-09-11 18:26:48,Research Wing,Ground,AI Research Lab,Lights,0.345,0.345,18,4,0
2026-09-11 18:26:48,Research Wing,Ground,AI Research Lab,Fans,0.179,0.179,18,4,0
2026-09-11 18:26:48,Research Wing,Ground,AI Research Lab,Server Units,3.861,3.861,18,4,0
2026-09-11 18:26:48,Research Wing,Ground,Server Room,AC,3.953,3.953,18,4,0
2026-09-11 18:26:48,Research Wing,Ground,Server Room,Computers,1.74,1.74,18,4,0
2026-09-11 18:26:48,Research Wing,Ground,Server Room,Lights,0.298,0.298,18,4,0
2026-09-11 18:26:48,Research Wing,Ground,Server Room,Fans,0.212,0.212,18,4,0
2026-09-11 18:26:48,Research Wing,Ground,Server Room,Server Units,4.138,4.138,18,4,0
2026-09-11 19:26:48,Main Block,Ground,Lab 101,AC,0.25,0.25,19,4,0
2026-09-11 19:26:48,Main Block,Ground,Lab 101,Computers,0.08,0.08,19,4,0
2026-09-11 19:26:48,Main Block,Ground,Lab 101,Lights,0.02,0.02,19,4,0
2026-09-11 19:26:48,Main Block,Ground,Lab 101,Fans,0.015,0.015,19,4,0
2026-09-11 19:26:48,Main Block,Ground,Lab 101,Server Units,4.565,4.565,19,4,0
2026-09-11 19:26:48,Main Block,First,Computer Lab 201,AC,0.25,0.25,19,4,0
2026-09-11 19:26:48,Main Block,First,Computer Lab 201,Computers,0.08,0.08,19,4,0
2026-09-11 19:26:48,Main Block,First,Computer Lab 201,Lights,0.06,0.06,19,4,0
2026-09-11 19:26:48,Main Block,First,Computer Lab 201,Fans,0.015,0.015,19,4,0
2026-09-11 19:26:48,Main Block,First,Computer Lab 201,Server Units,4.879,4.879,19,4,0
2026-09-11 19:26:48,Research Wing,Ground,AI Research Lab,AC,0.25,0.25,19,4,0
2026-09-11 19:26:48,Research Wing,Ground,AI Research Lab,Computers,0.08,0.08,19,4,0
2026-09-11 19:26:48,Research Wing,Ground,AI Research Lab,Lights,0.02,0.02,19,4,0
2026-09-11 19:26:48,Research Wing,Ground,AI Research Lab,Fans,0.015,0.015,19,4,0
2026-09-11 19:26:48,Research Wing,Ground,AI Research Lab,Server Units,4.977,4.977,19,4,0
2026-09-11 19:26:48,Research Wing,Ground,Server Room,AC,0.25,0.25,19,4,0
2026-09-11 19:26:48,Research Wing,Ground,Server Room,Computers,0.08,0.08,19,4,0
2026-09-11 19:26:48,Research Wing,Ground,Server Room,Lights,0.02,0.02,19,4,0
2026-09-11 19:26:48,Research Wing,Ground,Server Room,Fans,0.015,0.015,19,4,0
2026-09-11 19:26:48,Research Wing,Ground,Server Room,Server Units,4.567,4.567,19,4,0
2026-09-11 20:26:48,Main Block,Ground,Lab 101,AC,0.25,0.25,20,4,0
2026-09-11 20:26:48,Main Block,Ground,Lab 101,Computers,0.08,0.08,20,4,0
2026-09-11 20:26:48,Main Block,Ground,Lab 101,Lights,0.02,0.02,20,4,0
2026-09-11 20:26:48,Main Block,Ground,Lab 101,Fans,0.015,0.015,20,4,0
2026-09-11 20:26:48,Main Block,Ground,Lab 101,Server Units,4.136,4.136,20,4,0
2026-09-11 20:26:48,Main Block,First,Computer Lab 201,AC,0.25,0.25,20,4,0
2026-09-11 20:26:48,Main Block,First,Computer Lab 201,Computers,0.08,0.08,20,4,0
2026-09-11 20:26:48,Main Block,First,Computer Lab 201,Lights,0.02,0.02,20,4,0
2026-09-11 20:26:48,Main Block,First,Computer Lab 201,Fans,0.015,0.015,20,4,0
2026-09-11 20:26:48,Main Block,First,Computer Lab 201,Server Units,4.284,4.284,20,4,0
2026-09-11 20:26:48,Research Wing,Ground,AI Research Lab,AC,0.25,0.25,20,4,0
2026-09-11 20:26:48,Research Wing,Ground,AI Research Lab,Computers,0.08,0.08,20,4,0
2026-09-11 20:26:48,Research Wing,Ground,AI Research Lab,Lights,0.02,0.02,20,4,0
2026-09-11 20:26:48,Research Wing,Ground,AI Research Lab,Fans,0.015,0.015,20,4,0
2026-09-11 20:26:48,Research Wing,Ground,AI Research Lab,Server Units,3.89,3.89,20,4,0
2026-09-11 20:26:48,Research Wing,Ground,Server Room,AC,0.25,0.25,20,4,0
2026-09-11 20:26:48,Research Wing,Ground,Server Room,Computers,0.08,0.08,20,4,0
2026-09-11 20:26:48,Research Wing,Ground,Server Room,Lights,0.02,0.02,20,4,0
2026-09-11 20:26:48,Research Wing,Ground,Server Room,Fans,0.015,0.015,20,4,0
2026-09-11 20:26:48,Research Wing,Ground,Server Room,Server Units,4.316,4.316,20,4,0
2026-09-11 21:26:48,Main Block,Ground,Lab 101,AC,0.25,0.25,21,4,0
2026-09-11 21:26:48,Main Block,Ground,Lab 101,Computers,0.08,0.08,21,4,0
2026-09-11 21:26:48,Main Block,Ground,Lab 101,Lights,0.02,0.02,21,4,0
2026-09-11 21:26:48,Main Block,Ground,Lab 101,Fans,0.015,0.015,21,4,0
2026-09-11 21:26:48,Main Block,Ground,Lab 101,Server Units,4.801,4.801,21,4,0
2026-09-11 21:26:48,Main Block,First,Computer Lab 201,AC,0.25,0.25,21,4,0
2026-09-11 21:26:48,Main Block,First,Computer Lab 201,Computers,0.08,0.08,21,4,0
2026-09-11 21:26:48,Main Block,First,Computer Lab 201,Lights,0.02,0.02,21,4,0
2026-09-11 21:26:48,Main Block,First,Computer Lab 201,Fans,0.015,0.015,21,4,0
2026-09-11 21:26:48,Main Block,First,Computer Lab 201,Server Units,3.766,3.766,21,4,0
2026-09-11 21:26:48,Research Wing,Ground,AI Research Lab,AC,0.25,0.25,21,4,0
2026-09-11 21:26:48,Research Wing,Ground,AI Research Lab,Computers,0.08,0.08,21,4,0
2026-09-11 21:26:48,Research Wing,Ground,AI Research Lab,Lights,0.02,0.02,21,4,0
2026-09-11 21:26:48,Research Wing,Ground,AI Research Lab,Fans,0.015,0.015,21,4,0
2026-09-11 21:26:48,Research Wing,Ground,AI Research Lab,Server Units,4.277,4.277,21,4,0
2026-09-11 21:26:48,Research Wing,Ground,Server Room,AC,0.25,0.25,21,4,0
2026-09-11 21:26:48,Research Wing,Ground,Server Room,Computers,0.08,0.08,21,4,0
2026-09-11 21:26:48,Research Wing,Ground,Server Room,Lights,0.02,0.02,21,4,0
2026-09-11 21:26:48,Research Wing,Ground,Server Room,Fans,0.015,0.015,21,4,0
2026-09-11 21:26:48,Research Wing,Ground,Server Room,Server Units,3.926,3.926,21,4,0
2026-09-11 22:26:48,Main Block,Ground,Lab 101,AC,0.25,0.25,22,4,0
2026-09-11 22:26:48,Main Block,Ground,Lab 101,Computers,0.08,0.08,22,4,0
2026-09-11 22:26:48,Main Block,Ground,Lab 101,Lights,0.02,0.02,22,4,0
2026-09-11 22:26:48,Main Block,Ground,Lab 101,Fans,0.015,0.015,22,4,0
2026-09-11 22:26:48,Main Block,Ground,Lab 101,Server Units,4.994,4.994,22,4,0
2026-09-11 22:26:48,Main Block,First,Computer Lab 201,AC,0.25,0.25,22,4,0
2026-09-11 22:26:48,Main Block,First,Computer Lab 201,Computers,0.08,0.08,22,4,0
2026-09-11 22:26:48,Main Block,First,Computer Lab 201,Lights,0.02,0.02,22,4,0
2026-09-11 22:26:48,Main Block,First,Computer Lab 201,Fans,0.015,0.015,22,4,0
2026-09-11 22:26:48,Main Block,First,Computer Lab 201,Server Units,4.805,4.805,22,4,0
2026-09-11 22:26:48,Research Wing,Ground,AI Research Lab,AC,0.25,0.25,22,4,0
2026-09-11 22:26:48,Research Wing,Ground,AI Research Lab,Computers,0.08,0.08,22,4,0
2026-09-11 22:26:48,Research Wing,Ground,AI Research Lab,Lights,0.02,0.02,22,4,0
2026-09-11 22:26:48,Research Wing,Ground,AI Research Lab,Fans,0.015,0.015,22,4,0
2026-09-11 22:26:48,Research Wing,Ground,AI Research Lab,Server Units,4.298,4.298,22,4,0
2026-09-11 22:26:48,Research Wing,Ground,Server Room,AC,0.25,0.25,22,4,0
2026-09-11 22:26:48,Research Wing,Ground,Server Room,Computers,0.08,0.08,22,4,0
2026-09-11 22:26:48,Research Wing,Ground,Server Room,Lights,0.02,0.02,22,4,0
2026-09-11 22:26:48,Research Wing,Ground,Server Room,Fans,0.015,0.015,22,4,0
2026-09-11 22:26:48,Research Wing,Ground,Server Room,Server Units,4.518,4.518,22,4,0
2026-09-11 23:26:48,Main Block,Ground,Lab 101,AC,0.25,0.25,23,4,0
2026-09-11 23:26:48,Main Block,Ground,Lab 101,Computers,0.08,0.08,23,4,0
2026-09-11 23:26:48,Main Block,Ground,Lab 101,Lights,0.02,0.02,23,4,0
2026-09-11 23:26:48,Main Block,Ground,Lab 101,Fans,0.015,0.015,23,4,0
2026-09-11 23:26:48,Main Block,Ground,Lab 101,Server Units,4.641,4.641,23,4,0
2026-09-11 23:26:48,Main Block,First,Computer Lab 201,AC,0.25,0.25,23,4,0
2026-09-11 23:26:48,Main Block,First,Computer Lab 201,Computers,0.08,0.08,23,4,0
2026-09-11 23:26:48,Main Block,First,Computer Lab 201,Lights,0.02,0.02,23,4,0
2026-09-11 23:26:48,Main Block,First,Computer Lab 201,Fans,0.015,0.015,23,4,0
2026-09-11 23:26:48,Main Block,First,Computer Lab 201,Server Units,14.473,14.473,23,4,0
2026-09-11 23:26:48,Research Wing,Ground,AI Research Lab,AC,0.25,0.25,23,4,0
2026-09-11 23:26:48,Research Wing,Ground,AI Research Lab,Computers,0.08,0.08,23,4,0
2026-09-11 23:26:48,Research Wing,Ground,AI Research Lab,Lights,0.02,0.02,23,4,0
2026-09-11 23:26:48,Research Wing,Ground,AI Research Lab,Fans,0.015,0.015,23,4,0
2026-09-11 23:26:48,Research Wing,Ground,AI Research Lab,Server Units,4.982,4.982,23,4,0
2026-09-11 23:26:48,Research Wing,Ground,Server Room,AC,0.25,0.25,23,4,0
2026-09-11 23:26:48,Research Wing,Ground,Server Room,Computers,0.08,0.08,23,4,0
2026-09-11 23:26:48,Research Wing,Ground,Server Room,Lights,0.02,0.02,23,4,0
2026-09-11 23:26:48,Research Wing,Ground,Server Room,Fans,0.015,0.015,23,4,0
2026-09-11 23:26:48,Research Wing,Ground,Server Room,Server Units,5.005,5.005,23,4,0
2026-09-12 00:26:48,Main Block,Ground,Lab 101,AC,0.25,0.25,0,5,1
2026-09-12 00:26:48,Main Block,Ground,Lab 101,Computers,0.08,0.08,0,5,1
2026-09-12 00:26:48,Main Block,Ground,Lab 101,Lights,0.02,0.02,0,5,1
2026-09-12 00:26:48,Main Block,Ground,Lab 101,Fans,0.015,0.015,0,5,1
2026-09-12 00:26:48,Main Block,Ground,Lab 101,Server Units,4.253,4.253,0,5,1
2026-09-12 00:26:48,Main Block,First,Computer Lab 201,AC,0.25,0.25,0,5,1
2026-09-12 00:26:48,Main Block,First,Computer Lab 201,Computers,0.08,0.08,0,5,1
2026-09-12 00:26:48,Main Block,First,Computer Lab 201,Lights,0.02,0.02,0,5,1
2026-09-12 00:26:48,Main Block,First,Computer Lab 201,Fans,0.015,0.015,0,5,1
2026-09-12 00:26:48,Main Block,First,Computer Lab 201,Server Units,4.826,4.826,0,5,1
2026-09-12 00:26:48,Research Wing,Ground,AI Research Lab,AC,0.25,0.25,0,5,1
2026-09-12 00:26:48,Research Wing,Ground,AI Research Lab,Computers,0.08,0.08,0,5,1
2026-09-12 00:26:48,Research Wing,Ground,AI Research Lab,Lights,0.02,0.02,0,5,1
2026-09-12 00:26:48,Research Wing,Ground,AI Research Lab,Fans,0.015,0.015,0,5,1
2026-09-12 00:26:48,Research Wing,Ground,AI Research Lab,Server Units,4.901,4.901,0,5,1
2026-09-12 00:26:48,Research Wing,Ground,Server Room,AC,0.25,0.25,0,5,1
2026-09-12 00:26:48,Research Wing,Ground,Server Room,Computers,0.08,0.08,0,5,1
2026-09-12 00:26:48,Research Wing,Ground,Server Room,Lights,0.02,0.02,0,5,1
2026-09-12 00:26:48,Research Wing,Ground,Server Room,Fans,0.015,0.015,0,5,1
2026-09-12 00:26:48,Research Wing,Ground,Server Room,Server Units,4.981,4.981,0,5,1
2026-09-12 01:26:48,Main Block,Ground,Lab 101,AC,0.25,0.25,1,5,1
2026-09-12 01:26:48,Main Block,Ground,Lab 101,Computers,0.08,0.08,1,5,1
2026-09-12 01:26:48,Main Block,Ground,Lab 101,Lights,0.02,0.02,1,5,1
2026-09-12 01:26:48,Main Block,Ground,Lab 101,Fans,0.015,0.015,1,5,1
2026-09-12 01:26:48,Main Block,Ground,Lab 101,Server Units,4.823,4.823,1,5,1
2026-09-12 01:26:48,Main Block,First,Computer Lab 201,AC,0.25,0.25,1,5,1
2026-09-12 01:26:48,Main Block,First,Computer Lab 201,Computers,0.08,0.08,1,5,1
2026-09-12 01:26:48,Main Block,First,Computer Lab 201,Lights,0.02,0.02,1,5,1
2026-09-12 01:26:48,Main Block,First,Computer Lab 201,Fans,0.015,0.015,1,5,1
2026-09-12 01:26:48,Main Block,First,Computer Lab 201,Server Units,4.814,4.814,1,5,1
2026-09-12 01:26:48,Research Wing,Ground,AI Research Lab,AC,0.25,0.25,1,5,1
2026-09-12 01:26:48,Research Wing,Ground,AI Research Lab,Computers,0.08,0.08,1,5,1
2026-09-12 01:26:48,Research Wing,Ground,AI Research Lab,Lights,0.02,0.02,1,5,1
2026-09-12 01:26:48,Research Wing,Ground,AI Research Lab,Fans,0.015,0.015,1,5,1
2026-09-12 01:26:48,Research Wing,Ground,AI Research Lab,Server Units,4.572,4.572,1,5,1
2026-09-12 01:26:48,Research Wing,Ground,Server Room,AC,0.25,0.25,1,5,1
2026-09-12 01:26:48,Research Wing,Ground,Server Room,Computers,0.08,0.08,1,5,1
2026-09-12 01:26:48,Research Wing,Ground,Server Room,Lights,0.02,0.02,1,5,1
2026-09-12 01:26:48,Research Wing,Ground,Server Room,Fans,0.015,0.015,1,5,1
2026-09-12 01:26:48,Research Wing,Ground,Server Room,Server Units,3.849,3.849,1,5,1
2026-09-12 02:26:48,Main Block,Ground,Lab 101,AC,0.25,0.25,2,5,1
2026-09-12 02:26:48,Main Block,Ground,Lab 101,Computers,0.08,0.08,2,5,1
2026-09-12 02:26:48,Main Block,Ground,Lab 101,Lights,0.02,0.02,2,5,1
2026-09-12 02:26:48,Main Block,Ground,Lab 101,Fans,0.015,0.015,2,5,1
2026-09-12 02:26:48,Main Block,Ground,Lab 101,Server Units,4.858,4.858,2,5,1
2026-09-12 02:26:48,Main Block,First,Computer Lab 201,AC,0.25,0.25,2,5,1
2026-09-12 02:26:48,Main Block,First,Computer Lab 201,Computers,0.08,0.08,2,5,1
2026-09-12 02:26:48,Main Block,First,Computer Lab 201,Lights,0.02,0.02,2,5,1
2026-09-12 02:26:48,Main Block,First,Computer Lab 201,Fans,0.015,0.015,2,5,1
2026-09-12 02:26:48,Main Block,First,Computer Lab 201,Server Units,4.084,4.084,2,5,1
2026-09-12 02:26:48,Research Wing,Ground,AI Research Lab,AC,0.25,0.25,2,5,1
2026-09-12 02:26:48,Research Wing,Ground,AI Research Lab,Computers,0.08,0.08,2,5,1
2026-09-12 02:26:48,Research Wing,Ground,AI Research Lab,Lights,0.02,0.02,2,5,1
2026-09-12 02:26:48,Research Wing,Ground,AI Research Lab,Fans,0.015,0.015,2,5,1
2026-09-12 02:26:48,Research Wing,Ground,AI Research Lab,Server Units,3.98,3.98,2,5,1
2026-09-12 02:26:48,Research Wing,Ground,Server Room,AC,0.25,0.25,2,5,1
2026-09-12 02:26:48,Research Wing,Ground,Server Room,Computers,0.08,0.08,2,5,1
2026-09-12 02:26:48,Research Wing,Ground,Server Room,Lights,0.02,0.02,2,5,1
2026-09-12 02:26:48,Research Wing,Ground,Server Room,Fans,0.015,0.015,2,5,1
2026-09-12 02:26:48,Research Wing,Ground,Server Room,Server Units,4.959,4.959,2,5,1
2026-09-12 03:26:48,Main Block,Ground,Lab 101,AC,0.25,0.25,3,5,1
2026-09-12 03:26:48,Main Block,Ground,Lab 101,Computers,0.08,0.08,3,5,1
2026-09-12 03:26:48,Main Block,Ground,Lab 101,Lights,0.02,0.02,3,5,1
2026-09-12 03:26:48,Main Block,Ground,Lab 101,Fans,0.015,0.015,3,5,1
2026-09-12 03:26:48,Main Block,Ground,Lab 101,Server Units,4.666,4.666,3,5,1
2026-09-12 03:26:48,Main Block,First,Computer Lab 201,AC,0.25,0.25,3,5,1
2026-09-12 03:26:48,Main Block,First,Computer Lab 201,Computers,0.08,0.08,3,5,1
2026-09-12 03:26:48,Main Block,First,Computer Lab 201,Lights,0.02,0.02,3,5,1
2026-09-12 03:26:48,Main Block,First,Computer Lab 201,Fans,0.015,0.015,3,5,1
2026-09-12 03:26:48,Main Block,First,Computer Lab 201,Server Units,4.226,4.226,3,5,1
2026-09-12 03:26:48,Research Wing,Ground,AI Research Lab,AC,0.25,0.25,3,5,1
2026-09-12 03:26:48,Research Wing,Ground,AI Research Lab,Computers,0.08,0.08,3,5,1
2026-09-12 03:26:48,Research Wing,Ground,AI Research Lab,Lights,0.02,0.02,3,5,1
2026-09-12 03:26:48,Research Wing,Ground,AI Research Lab,Fans,0.015,0.015,3,5,1
2026-09-12 03:26:48,Research Wing,Ground,AI Research Lab,Server Units,4.339,4.339,3,5,1
2026-09-12 03:26:48,Research Wing,Ground,Server Room,AC,0.25,0.25,3,5,1
2026-09-12 03:26:48,Research Wing,Ground,Server Room,Computers,0.08,0.08,3,5,1
2026-09-12 03:26:48,Research Wing,Ground,Server Room,Lights,0.02,0.02,3,5,1
2026-09-12 03:26:48,Research Wing,Ground,Server Room,Fans,0.015,0.015,3,5,1
2026-09-12 03:26:48,Research Wing,Ground,Server Room,Server Units,4.772,4.772,3,5,1
2026-09-12 04:26:48,Main Block,Ground,Lab 101,AC,0.25,0.25,4,5,1
2026-09-12 04:26:48,Main Block,Ground,Lab 101,Computers,0.08,0.08,4,5,1
2026-09-12 04:26:48,Main Block,Ground,Lab 101,Lights,0.02,0.02,4,5,1
2026-09-12 04:26:48,Main Block,Ground,Lab 101,Fans,0.015,0.015,4,5,1
2026-09-12 04:26:48,Main Block,Ground,Lab 101,Server Units,5.054,5.054,4,5,1
2026-09-12 04:26:48,Main Block,First,Computer Lab 201,AC,0.25,0.25,4,5,1
2026-09-12 04:26:48,Main Block,First,Computer Lab 201,Computers,0.08,0.08,4,5,1
2026-09-12 04:26:48,Main Block,First,Computer Lab 201,Lights,0.02,0.02,4,5,1
2026-09-12 04:26:48,Main Block,First,Computer Lab 201,Fans,0.015,0.015,4,5,1
2026-09-12 04:26:48,Main Block,First,Computer Lab 201,Server Units,4.123,4.123,4,5,1
2026-09-12 04:26:48,Research Wing,Ground,AI Research Lab,AC,0.25,0.25,4,5,1
2026-09-12 04:26:48,Research Wing,Ground,AI Research Lab,Computers,0.08,0.08,4,5,1
2026-09-12 04:26:48,Research Wing,Ground,AI Research Lab,Lights,0.02,0.02,4,5,1
2026-09-12 04:26:48,Research Wing,Ground,AI Research Lab,Fans,0.015,0.015,4,5,1
2026-09-12 04:26:48,Research Wing,Ground,AI Research Lab,Server Units,13.034,13.034,4,5,1
2026-09-12 04:26:48,Research Wing,Ground,Server Room,AC,0.25,0.25,4,5,1
2026-09-12 04:26:48,Research Wing,Ground,Server Room,Computers,0.08,0.08,4,5,1
2026-09-12 04:26:48,Research Wing,Ground,Server Room,Lights,0.02,0.02,4,5,1
2026-09-12 04:26:48,Research Wing,Ground,Server Room,Fans,0.015,0.015,4,5,1
2026-09-12 04:26:48,Research Wing,Ground,Server Room,Server Units,4.682,4.682,4,5,1
2026-09-12 05:26:48,Main Block,Ground,Lab 101,AC,0.25,0.25,5,5,1
2026-09-12 05:26:48,Main Block,Ground,Lab 101,Computers,0.08,0.08,5,5,1
2026-09-12 05:26:48,Main Block,Ground,Lab 101,Lights,0.02,0.02,5,5,1
2026-09-12 05:26:48,Main Block,Ground,Lab 101,Fans,0.015,0.015,5,5,1
2026-09-12 05:26:48,Main Block,Ground,Lab 101,Server Units,4.179,4.179,5,5,1
2026-09-12 05:26:48,Main Block,First,Computer Lab 201,AC,0.25,0.25,5,5,1
2026-09-12 05:26:48,Main Block,First,Computer Lab 201,Computers,0.08,0.08,5,5,1
2026-09-12 05:26:48,Main Block,First,Computer Lab 201,Lights,0.02,0.02,5,5,1
2026-09-12 05:26:48,Main Block,First,Computer Lab 201,Fans,0.015,0.015,5,5,1
2026-09-12 05:26:48,Main Block,First,Computer Lab 201,Server Units,4.53,4.53,5,5,1
2026-09-12 05:26:48,Research Wing,Ground,AI Research Lab,AC,0.25,0.25,5,5,1
2026-09-12 05:26:48,Research Wing,Ground,AI Research Lab,Computers,0.08,0.08,5,5,1
2026-09-12 05:26:48,Research Wing,Ground,AI Research Lab,Lights,0.02,0.02,5,5,1
2026-09-12 05:26:48,Research Wing,Ground,AI Research Lab,Fans,0.015,0.015,5,5,1
2026-09-12 05:26:48,Research Wing,Ground,AI Research Lab,Server Units,4.261,4.261,5,5,1
2026-09-12 05:26:48,Research Wing,Ground,Server Room,AC,0.25,0.25,5,5,1
2026-09-12 05:26:48,Research Wing,Ground,Server Room,Computers,0.08,0.08,5,5,1
2026-09-12 05:26:48,Research Wing,Ground,Server Room,Lights,0.02,0.02,5,5,1
2026-09-12 05:26:48,Research Wing,Ground,Server Room,Fans,0.015,0.015,5,5,1
2026-09-12 05:26:48,Research Wing,Ground,Server Room,Server Units,4.405,4.405,5,5,1
2026-09-12 06:26:48,Main Block,Ground,Lab 101,AC,0.25,0.25,6,5,1
2026-09-12 06:26:48,Main Block,Ground,Lab 101,Computers,0.08,0.08,6,5,1
2026-09-12 06:26:48,Main Block,Ground,Lab 101,Lights,0.02,0.02,6,5,1
2026-09-12 06:26:48,Main Block,Ground,Lab 101,Fans,0.015,0.015,6,5,1
2026-09-12 06:26:48,Main Block,Ground,Lab 101,Server Units,3.927,3.927,6,5,1
2026-09-12 06:26:48,Main Block,First,Computer Lab 201,AC,0.25,0.25,6,5,1
2026-09-12 06:26:48,Main Block,First,Computer Lab 201,Computers,0.08,0.08,6,5,1
2026-09-12 06:26:48,Main Block,First,Computer Lab 201,Lights,0.02,0.02,6,5,1
2026-09-12 06:26:48,Main Block,First,Computer Lab 201,Fans,0.015,0.015,6,5,1
2026-09-12 06:26:48,Main Block,First,Computer Lab 201,Server Units,4.727,4.727,6,5,1
2026-09-12 06:26:48,Research Wing,Ground,AI Research Lab,AC,0.25,0.25,6,5,1
2026-09-12 06:26:48,Research Wing,Ground,AI Research Lab,Computers,0.08,0.08,6,5,1
2026-09-12 06:26:48,Research Wing,Ground,AI Research Lab,Lights,0.02,0.02,6,5,1
2026-09-12 06:26:48,Research Wing,Ground,AI Research Lab,Fans,0.015,0.015,6,5,1
2026-09-12 06:26:48,Research Wing,Ground,AI Research Lab,Server Units,4.088,4.088,6,5,1
2026-09-12 06:26:48,Research Wing,Ground,Server Room,AC,0.25,0.25,6,5,1
2026-09-12 06:26:48,Research Wing,Ground,Server Room,Computers,0.08,0.08,6,5,1
2026-09-12 06:26:48,Research Wing,Ground,Server Room,Lights,0.02,0.02,6,5,1
2026-09-12 06:26:48,Research Wing,Ground,Server Room,Fans,0.015,0.015,6,5,1
2026-09-12 06:26:48,Research Wing,Ground,Server Room,Server Units,3.94,3.94,6,5,1
2026-09-12 07:26:48,Main Block,Ground,Lab 101,AC,0.25,0.25,7,5,1
2026-09-12 07:26:48,Main Block,Ground,Lab 101,Computers,0.08,0.08,7,5,1
2026-09-12 07:26:48,Main Block,Ground,Lab 101,Lights,0.02,0.02,7,5,1
2026-09-12 07:26:48,Main Block,Ground,Lab 101,Fans,0.015,0.015,7,5,1
2026-09-12 07:26:48,Main Block,Ground,Lab 101,Server Units,4.043,4.043,7,5,1
2026-09-12 07:26:48,Main Block,First,Computer Lab 201,AC,0.25,0.25,7,5,1
2026-09-12 07:26:48,Main Block,First,Computer Lab 201,Computers,0.08,0.08,7,5,1
2026-09-12 07:26:48,Main Block,First,Computer Lab 201,Lights,0.02,0.02,7,5,1
2026-09-12 07:26:48,Main Block,First,Computer Lab 201,Fans,0.015,0.015,7,5,1
2026-09-12 07:26:48,Main Block,First,Computer Lab 201,Server Units,4.964,4.964,7,5,1
2026-09-12 07:26:48,Research Wing,Ground,AI Research Lab,AC,0.25,0.25,7,5,1
2026-09-12 07:26:48,Research Wing,Ground,AI Research Lab,Computers,0.08,0.08,7,5,1
2026-09-12 07:26:48,Research Wing,Ground,AI Research Lab,Lights,0.02,0.02,7,5,1
2026-09-12 07:26:48,Research Wing,Ground,AI Research Lab,Fans,0.015,0.015,7,5,1
2026-09-12 07:26:48,Research Wing,Ground,AI Research Lab,Server Units,4.857,4.857,7,5,1
2026-09-12 07:26:48,Research Wing,Ground,Server Room,AC,0.25,0.25,7,5,1
2026-09-12 07:26:48,Research Wing,Ground,Server Room,Computers,0.08,0.08,7,5,1
2026-09-12 07:26:48,Research Wing,Ground,Server Room,Lights,0.02,0.02,7,5,1
2026-09-12 07:26:48,Research Wing,Ground,Server Room,Fans,0.015,0.015,7,5,1
2026-09-12 07:26:48,Research Wing,Ground,Server Room,Server Units,3.962,3.962,7,5,1
2026-09-12 08:26:48,Main Block,Ground,Lab 101,AC,4.193,4.193,8,5,1
2026-09-12 08:26:48,Main Block,Ground,Lab 101,Computers,2.051,2.051,8,5,1
2026-09-12 08:26:48,Main Block,Ground,Lab 101,Lights,0.342,0.342,8,5,1
2026-09-12 08:26:48,Main Block,Ground,Lab 101,Fans,0.199,0.199,8,5,1
2026-09-12 08:26:48,Main Block,Ground,Lab 101,Server Units,3.841,3.841,8,5,1
2026-09-12 08:26:48,Main Block,First,Computer Lab 201,AC,4.739,4.739,8,5,1
2026-09-12 08:26:48,Main Block,First,Computer Lab 201,Computers,1.716,1.716,8,5,1
2026-09-12 08:26:48,Main Block,First,Computer Lab 201,Lights,0.316,0.316,8,5,1
2026-09-12 08:26:48,Main Block,First,Computer Lab 201,Fans,0.2,0.2,8,5,1
2026-09-12 08:26:48,Main Block,First,Computer Lab 201,Server Units,4.845,4.845,8,5,1
2026-09-12 08:26:48,Research Wing,Ground,AI Research Lab,AC,3.934,3.934,8,5,1
2026-09-12 08:26:48,Research Wing,Ground,AI Research Lab,Computers,2.096,2.096,8,5,1
2026-09-12 08:26:48,Research Wing,Ground,AI Research Lab,Lights,0.341,0.341,8,5,1
2026-09-12 08:26:48,Research Wing,Ground,AI Research Lab,Fans,0.166,0.166,8,5,1
2026-09-12 08:26:48,Research Wing,Ground,AI Research Lab,Server Units,4.606,4.606,8,5,1
2026-09-12 08:26:48,Research Wing,Ground,Server Room,AC,4.264,4.264,8,5,1
2026-09-12 08:26:48,Research Wing,Ground,Server Room,Computers,2.141,2.141,8,5,1
2026-09-12 08:26:48,Research Wing,Ground,Server Room,Lights,0.306,0.306,8,5,1
2026-09-12 08:26:48,Research Wing,Ground,Server Room,Fans,0.169,0.169,8,5,1
2026-09-12 08:26:48,Research Wing,Ground,Server Room,Server Units,4.167,4.167,8,5,1
2026-09-12 09:26:48,Main Block,Ground,Lab 101,AC,3.92,3.92,9,5,1
2026-09-12 09:26:48,Main Block,Ground,Lab 101,Computers,1.929,1.929,9,5,1
2026-09-12 09:26:48,Main Block,Ground,Lab 101,Lights,0.271,0.271,9,5,1
2026-09-12 09:26:48,Main Block,Ground,Lab 101,Fans,0.216,0.216,9,5,1
2026-09-12 09:26:48,Main Block,Ground,Lab 101,Server Units,4.865,4.865,9,5,1
2026-09-12 09:26:48,Main Block,First,Computer Lab 201,AC,4.877,4.877,9,5,1
2026-09-12 09:26:48,Main Block,First,Computer Lab 201,Computers,2.152,2.152,9,5,1
2026-09-12 09:26:48,Main Block,First,Computer Lab 201,Lights,0.266,0.266,9,5,1
2026-09-12 09:26:48,Main Block,First,Computer Lab 201,Fans,0.191,0.191,9,5,1
2026-09-12 09:26:48,Main Block,First,Computer Lab 201,Server Units,4.149,4.149,9,5,1
2026-09-12 09:26:48,Research Wing,Ground,AI Research Lab,AC,4.002,4.002,9,5,1
2026-09-12 09:26:48,Research Wing,Ground,AI Research Lab,Computers,2.199,2.199,9,5,1
2026-09-12 09:26:48,Research Wing,Ground,AI Research Lab,Lights,0.299,0.299,9,5,1
2026-09-12 09:26:48,Research Wing,Ground,AI Research Lab,Fans,0.194,0.194,9,5,1
2026-09-12 09:26:48,Research Wing,Ground,AI Research Lab,Server Units,4.298,4.298,9,5,1
2026-09-12 09:26:48,Research Wing,Ground,Server Room,AC,4.92,4.92,9,5,1
2026-09-12 09:26:48,Research Wing,Ground,Server Room,Computers,1.96,1.96,9,5,1
2026-09-12 09:26:48,Research Wing,Ground,Server Room,Lights,0.259,0.259,9,5,1
2026-09-12 09:26:48,Research Wing,Ground,Server Room,Fans,0.193,0.193,9,5,1
2026-09-12 09:26:48,Research Wing,Ground,Server Room,Server Units,4.646,4.646,9,5,1
2026-09-12 10:26:48,Main Block,Ground,Lab 101,AC,4.494,4.494,10,5,1
2026-09-12 10:26:48,Main Block,Ground,Lab 101,Computers,2.015,2.015,10,5,1
2026-09-12 10:26:48,Main Block,Ground,Lab 101,Lights,0.294,0.294,10,5,1
2026-09-12 10:26:48,Main Block,Ground,Lab 101,Fans,0.194,0.194,10,5,1
2026-09-12 10:26:48,Main Block,Ground,Lab 101,Server Units,3.909,3.909,10,5,1
2026-09-12 10:26:48,Main Block,First,Computer Lab 201,AC,4.961,4.961,10,5,1
2026-09-12 10:26:48,Main Block,First,Computer Lab 201,Computers,1.877,1.877,10,5,1
2026-09-12 10:26:48,Main Block,First,Computer Lab 201,Lights,0.262,0.262,10,5,1
2026-09-12 10:26:48,Main Block,First,Computer Lab 201,Fans,0.172,0.172,10,5,1
2026-09-12 10:26:48,Main Block,First,Computer Lab 201,Server Units,3.865,3.865,10,5,1
2026-09-12 10:26:48,Research Wing,Ground,AI Research Lab,AC,4.592,4.592,10,5,1
2026-09-12 10:26:48,Research Wing,Ground,AI Research Lab,Computers,1.853,1.853,10,5,1
2026-09-12 10:26:48,Research Wing,Ground,AI Research Lab,Lights,0.3,0.3,10,5,1
2026-09-12 10:26:48,Research Wing,Ground,AI Research Lab,Fans,0.204,0.204,10,5,1
2026-09-12 10:26:48,Research Wing,Ground,AI Research Lab,Server Units,3.981,3.981,10,5,1
2026-09-12 10:26:48,Research Wing,Ground,Server Room,AC,3.937,3.937,10,5,1
2026-09-12 10:26:48,Research Wing,Ground,Server Room,Computers,1.879,1.879,10,5,1
2026-09-12 10:26:48,Research Wing,Ground,Server Room,Lights,0.296,0.296,10,5,1
2026-09-12 10:26:48,Research Wing,Ground,Server Room,Fans,0.202,0.202,10,5,1
2026-09-12 10:26:48,Research Wing,Ground,Server Room,Server Units,5.016,5.016,10,5,1
2026-09-12 11:26:48,Main Block,Ground,Lab 101,AC,4.078,4.078,11,5,1
2026-09-12 11:26:48,Main Block,Ground,Lab 101,Computers,2.148,2.148,11,5,1
2026-09-12 11:26:48,Main Block,Ground,Lab 101,Lights,0.333,0.333,11,5,1
2026-09-12 11:26:48,Main Block,Ground,Lab 101,Fans,0.591,0.591,11,5,1
2026-09-12 11:26:48,Main Block,Ground,Lab 101,Server Units,3.894,3.894,11,5,1
2026-09-12 11:26:48,Main Block,First,Computer Lab 201,AC,4.469,4.469,11,5,1
2026-09-12 11:26:48,Main Block,First,Computer Lab 201,Computers,2.221,2.221,11,5,1
2026-09-12 11:26:48,Main Block,First,Computer Lab 201,Lights,0.309,0.309,11,5,1
2026-09-12 11:26:48,Main Block,First,Computer Lab 201,Fans,0.202,0.202,11,5,1
2026-09-12 11:26:48,Main Block,First,Computer Lab 201,Server Units,4.216,4.216,11,5,1
2026-09-12 11:26:48,Research Wing,Ground,AI Research Lab,AC,4.757,4.757,11,5,1
2026-09-12 11:26:48,Research Wing,Ground,AI Research Lab,Computers,1.882,1.882,11,5,1
2026-09-12 11:26:48,Research Wing,Ground,AI Research Lab,Lights,0.256,0.256,11,5,1
2026-09-12 11:26:48,Research Wing,Ground,AI Research Lab,Fans,0.167,0.167,11,5,1
2026-09-12 11:26:48,Research Wing,Ground,AI Research Lab,Server Units,4.874,4.874,11,5,1
2026-09-12 11:26:48,Research Wing,Ground,Server Room,AC,4.701,4.701,11,5,1
2026-09-12 11:26:48,Research Wing,Ground,Server Room,Computers,1.961,1.961,11,5,1
2026-09-12 11:26:48,Research Wing,Ground,Server Room,Lights,0.326,0.326,11,5,1
2026-09-12 11:26:48,Research Wing,Ground,Server Room,Fans,0.183,0.183,11,5,1
2026-09-12 11:26:48,Research Wing,Ground,Server Room,Server Units,13.097,13.097,11,5,1
2026-09-12 12:26:48,Main Block,Ground,Lab 101,AC,4.049,4.049,12,5,1
2026-09-12 12:26:48,Main Block,Ground,Lab 101,Computers,2.122,2.122,12,5,1
2026-09-12 12:26:48,Main Block,Ground,Lab 101,Lights,0.297,0.297,12,5,1
2026-09-12 12:26:48,Main Block,Ground,Lab 101,Fans,0.2,0.2,12,5,1
2026-09-12 12:26:48,Main Block,Ground,Lab 101,Server Units,4.492,4.492,12,5,1
2026-09-12 12:26:48,Main Block,First,Computer Lab 201,AC,11.681,11.681,12,5,1
2026-09-12 12:26:48,Main Block,First,Computer Lab 201,Computers,2.078,2.078,12,5,1
2026-09-12 12:26:48,Main Block,First,Computer Lab 201,Lights,0.343,0.343,12,5,1
2026-09-12 12:26:48,Main Block,First,Computer Lab 201,Fans,0.209,0.209,12,5,1
2026-09-12 12:26:48,Main Block,First,Computer Lab 201,Server Units,4.472,4.472,12,5,1
2026-09-12 12:26:48,Research Wing,Ground,AI Research Lab,AC,4.483,4.483,12,5,1
2026-09-12 12:26:48,Research Wing,Ground,AI Research Lab,Computers,2.055,2.055,12,5,1
2026-09-12 12:26:48,Research Wing,Ground,AI Research Lab,Lights,0.316,0.316,12,5,1
2026-09-12 12:26:48,Research Wing,Ground,AI Research Lab,Fans,0.194,0.194,12,5,1
2026-09-12 12:26:48,Research Wing,Ground,AI Research Lab,Server Units,4.437,4.437,12,5,1
2026-09-12 12:26:48,Research Wing,Ground,Server Room,AC,4.251,4.251,12,5,1
2026-09-12 12:26:48,Research Wing,Ground,Server Room,Computers,2.236,2.236,12,5,1
2026-09-12 12:26:48,Research Wing,Ground,Server Room,Lights,0.298,0.298,12,5,1
2026-09-12 12:26:48,Research Wing,Ground,Server Room,Fans,0.221,0.221,12,5,1
2026-09-12 12:26:48,Research Wing,Ground,Server Room,Server Units,13.982,13.982,12,5,1
2026-09-12 13:26:48,Main Block,Ground,Lab 101,AC,4.214,4.214,13,5,1
2026-09-12 13:26:48,Main Block,Ground,Lab 101,Computers,1.906,1.906,13,5,1
2026-09-12 13:26:48,Main Block,Ground,Lab 101,Lights,0.275,0.275,13,5,1
2026-09-12 13:26:48,Main Block,Ground,Lab 101,Fans,0.186,0.186,13,5,1
2026-09-12 13:26:48,Main Block,Ground,Lab 101,Server Units,4.852,4.852,13,5,1
2026-09-12 13:26:48,Main Block,First,Computer Lab 201,AC,4.002,4.002,13,5,1
2026-09-12 13:26:48,Main Block,First,Computer Lab 201,Computers,2.127,2.127,13,5,1
2026-09-12 13:26:48,Main Block,First,Computer Lab 201,Lights,0.33,0.33,13,5,1
2026-09-12 13:26:48,Main Block,First,Computer Lab 201,Fans,0.209,0.209,13,5,1
2026-09-12 13:26:48,Main Block,First,Computer Lab 201,Server Units,4.796,4.796,13,5,1
2026-09-12 13:26:48,Research Wing,Ground,AI Research Lab,AC,4.664,4.664,13,5,1
2026-09-12 13:26:48,Research Wing,Ground,AI Research Lab,Computers,2.15,2.15,13,5,1
2026-09-12 13:26:48,Research Wing,Ground,AI Research Lab,Lights,0.267,0.267,13,5,1
2026-09-12 13:26:48,Research Wing,Ground,AI Research Lab,Fans,0.201,0.201,13,5,1
2026-09-12 13:26:48,Research Wing,Ground,AI Research Lab,Server Units,4.289,4.289,13,5,1
2026-09-12 13:26:48,Research Wing,Ground,Server Room,AC,4.235,4.235,13,5,1
2026-09-12 13:26:48,Research Wing,Ground,Server Room,Computers,5.185,5.185,13,5,1
2026-09-12 13:26:48,Research Wing,Ground,Server Room,Lights,0.334,0.334,13,5,1
2026-09-12 13:26:48,Research Wing,Ground,Server Room,Fans,0.175,0.175,13,5,1
2026-09-12 13:26:48,Research Wing,Ground,Server Room,Server Units,4.921,4.921,13,5,1
2026-09-12 14:26:48,Main Block,Ground,Lab 101,AC,3.911,3.911,14,5,1
2026-09-12 14:26:48,Main Block,Ground,Lab 101,Computers,2.071,2.071,14,5,1
2026-09-12 14:26:48,Main Block,Ground,Lab 101,Lights,0.275,0.275,14,5,1
2026-09-12 14:26:48,Main Block,Ground,Lab 101,Fans,0.186,0.186,14,5,1
2026-09-12 14:26:48,Main Block,Ground,Lab 101,Server Units,3.802,3.802,14,5,1
2026-09-12 14:26:48,Main Block,First,Computer Lab 201,AC,4.186,4.186,14,5,1
2026-09-12 14:26:48,Main Block,First,Computer Lab 201,Computers,2.114,2.114,14,5,1
2026-09-12 14:26:48,Main Block,First,Computer Lab 201,Lights,0.315,0.315,14,5,1
2026-09-12 14:26:48,Main Block,First,Computer Lab 201,Fans,0.22,0.22,14,5,1
2026-09-12 14:26:48,Main Block,First,Computer Lab 201,Server Units,4.343,4.343,14,5,1
2026-09-12 14:26:48,Research Wing,Ground,AI Research Lab,AC,3.975,3.975,14,5,1
2026-09-12 14:26:48,Research Wing,Ground,AI Research Lab,Computers,2.066,2.066,14,5,1
2026-09-12 14:26:48,Research Wing,Ground,AI Research Lab,Lights,0.34,0.34,14,5,1
2026-09-12 14:26:48,Research Wing,Ground,AI Research Lab,Fans,0.168,0.168,14,5,1
2026-09-12 14:26:48,Research Wing,Ground,AI Research Lab,Server Units,4.572,4.572,14,5,1
2026-09-12 14:26:48,Research Wing,Ground,Server Room,AC,5.055,5.055,14,5,1
2026-09-12 14:26:48,Research Wing,Ground,Server Room,Computers,1.875,1.875,14,5,1
2026-09-12 14:26:48,Research Wing,Ground,Server Room,Lights,0.301,0.301,14,5,1
2026-09-12 14:26:48,Research Wing,Ground,Server Room,Fans,0.172,0.172,14,5,1
2026-09-12 14:26:48,Research Wing,Ground,Server Room,Server Units,4.182,4.182,14,5,1
2026-09-12 15:26:48,Main Block,Ground,Lab 101,AC,4.971,4.971,15,5,1
2026-09-12 15:26:48,Main Block,Ground,Lab 101,Computers,1.949,1.949,15,5,1
2026-09-12 15:26:48,Main Block,Ground,Lab 101,Lights,0.277,0.277,15,5,1
2026-09-12 15:26:48,Main Block,Ground,Lab 101,Fans,0.186,0.186,15,5,1
2026-09-12 15:26:48,Main Block,Ground,Lab 101,Server Units,3.853,3.853,15,5,1
2026-09-12 15:26:48,Main Block,First,Computer Lab 201,AC,4.844,4.844,15,5,1
2026-09-12 15:26:48,Main Block,First,Computer Lab 201,Computers,2.099,2.099,15,5,1
2026-09-12 15:26:48,Main Block,First,Computer Lab 201,Lights,0.323,0.323,15,5,1
2026-09-12 15:26:48,Main Block,First,Computer Lab 201,Fans,0.179,0.179,15,5,1
2026-09-12 15:26:48,Main Block,First,Computer Lab 201,Server Units,4.286,4.286,15,5,1
2026-09-12 15:26:48,Research Wing,Ground,AI Research Lab,AC,4.444,4.444,15,5,1
2026-09-12 15:26:48,Research Wing,Ground,AI Research Lab,Computers,2.177,2.177,15,5,1
2026-09-12 15:26:48,Research Wing,Ground,AI Research Lab,Lights,0.258,0.258,15,5,1
2026-09-12 15:26:48,Research Wing,Ground,AI Research Lab,Fans,0.166,0.166,15,5,1
2026-09-12 15:26:48,Research Wing,Ground,AI Research Lab,Server Units,4.986,4.986,15,5,1
2026-09-12 15:26:48,Research Wing,Ground,Server Room,AC,4.25,4.25,15,5,1
2026-09-12 15:26:48,Research Wing,Ground,Server Room,Computers,1.799,1.799,15,5,1
2026-09-12 15:26:48,Research Wing,Ground,Server Room,Lights,0.323,0.323,15,5,1
2026-09-12 15:26:48,Research Wing,Ground,Server Room,Fans,0.203,0.203,15,5,1
2026-09-12 15:26:48,Research Wing,Ground,Server Room,Server Units,3.816,3.816,15,5,1
2026-09-12 16:26:48,Main Block,Ground,Lab 101,AC,4.788,4.788,16,5,1
2026-09-12 16:26:48,Main Block,Ground,Lab 101,Computers,2.012,2.012,16,5,1
2026-09-12 16:26:48,Main Block,Ground,Lab 101,Lights,0.291,0.291,16,5,1
2026-09-12 16:26:48,Main Block,Ground,Lab 101,Fans,0.198,0.198,16,5,1
2026-09-12 16:26:48,Main Block,Ground,Lab 101,Server Units,4.72,4.72,16,5,1
2026-09-12 16:26:48,Main Block,First,Computer Lab 201,AC,3.836,3.836,16,5,1
2026-09-12 16:26:48,Main Block,First,Computer Lab 201,Computers,2.017,2.017,16,5,1
2026-09-12 16:26:48,Main Block,First,Computer Lab 201,Lights,0.318,0.318,16,5,1
2026-09-12 16:26:48,Main Block,First,Computer Lab 201,Fans,0.178,0.178,16,5,1
2026-09-12 16:26:48,Main Block,First,Computer Lab 201,Server Units,4.781,4.781,16,5,1
2026-09-12 16:26:48,Research Wing,Ground,AI Research Lab,AC,4.767,4.767,16,5,1
2026-09-12 16:26:48,Research Wing,Ground,AI Research Lab,Computers,2.169,2.169,16,5,1
2026-09-12 16:26:48,Research Wing,Ground,AI Research Lab,Lights,0.273,0.273,16,5,1
2026-09-12 16:26:48,Research Wing,Ground,AI Research Lab,Fans,0.168,0.168,16,5,1
2026-09-12 16:26:48,Research Wing,Ground,AI Research Lab,Server Units,4.697,4.697,16,5,1
2026-09-12 16:26:48,Research Wing,Ground,Server Room,AC,3.995,3.995,16,5,1
2026-09-12 16:26:48,Research Wing,Ground,Server Room,Computers,1.87,1.87,16,5,1
2026-09-12 16:26:48,Research Wing,Ground,Server Room,Lights,0.305,0.305,16,5,1
2026-09-12 16:26:48,Research Wing,Ground,Server Room,Fans,0.21,0.21,16,5,1
2026-09-12 16:26:48,Research Wing,Ground,Server Room,Server Units,3.777,3.777,16,5,1
2026-09-12 17:26:48,Main Block,Ground,Lab 101,AC,4.625,4.625,17,5,1
2026-09-12 17:26:48,Main Block,Ground,Lab 101,Computers,2.164,2.164,17,5,1
2026-09-12 17:26:48,Main Block,Ground,Lab 101,Lights,0.344,0.344,17,5,1
2026-09-12 17:26:48,Main Block,Ground,Lab 101,Fans,0.169,0.169,17,5,1
2026-09-12 17:26:48,Main Block,Ground,Lab 101,Server Units,4.568,4.568,17,5,1
2026-09-12 17:26:48,Main Block,First,Computer Lab 201,AC,3.889,3.889,17,5,1
2026-09-12 17:26:48,Main Block,First,Computer Lab 201,Computers,1.775,1.775,17,5,1
2026-09-12 17:26:48,Main Block,First,Computer Lab 201,Lights,0.321,0.321,17,5,1
2026-09-12 17:26:48,Main Block,First,Computer Lab 201,Fans,0.223,0.223,17,5,1
2026-09-12 17:26:48,Main Block,First,Computer Lab 201,Server Units,5.045,5.045,17,5,1
2026-09-12 17:26:48,Research Wing,Ground,AI Research Lab,AC,5.032,5.032,17,5,1
2026-09-12 17:26:48,Research Wing,Ground,AI Research Lab,Computers,2.02,2.02,17,5,1
2026-09-12 17:26:48,Research Wing,Ground,AI Research Lab,Lights,0.287,0.287,17,5,1
2026-09-12 17:26:48,Research Wing,Ground,AI Research Lab,Fans,0.212,0.212,17,5,1
2026-09-12 17:26:48,Research Wing,Ground,AI Research Lab,Server Units,4.628,4.628,17,5,1
2026-09-12 17:26:48,Research Wing,Ground,Server Room,AC,4.527,4.527,17,5,1
2026-09-12 17:26:48,Research Wing,Ground,Server Room,Computers,1.897,1.897,17,5,1
2026-09-12 17:26:48,Research Wing,Ground,Server Room,Lights,0.329,0.329,17,5,1
2026-09-12 17:26:48,Research Wing,Ground,Server Room,Fans,0.171,0.171,17,5,1
2026-09-12 17:26:48,Research Wing,Ground,Server Room,Server Units,4.834,4.834,17,5,1
2026-09-12 18:26:48,Main Block,Ground,Lab 101,AC,3.909,3.909,18,5,1
2026-09-12 18:26:48,Main Block,Ground,Lab 101,Computers,1.986,1.986,18,5,1
2026-09-12 18:26:48,Main Block,Ground,Lab 101,Lights,0.288,0.288,18,5,1
2026-09-12 18:26:48,Main Block,Ground,Lab 101,Fans,0.2,0.2,18,5,1
2026-09-12 18:26:48,Main Block,Ground,Lab 101,Server Units,4.261,4.261,18,5,1
2026-09-12 18:26:48,Main Block,First,Computer Lab 201,AC,4.498,4.498,18,5,1
2026-09-12 18:26:48,Main Block,First,Computer Lab 201,Computers,1.964,1.964,18,5,1
2026-09-12 18:26:48,Main Block,First,Computer Lab 201,Lights,0.299,0.299,18,5,1
2026-09-12 18:26:48,Main Block,First,Computer Lab 201,Fans,0.214,0.214,18,5,1
2026-09-12 18:26:48,Main Block,First,Computer Lab 201,Server Units,3.908,3.908,18,5,1
2026-09-12 18:26:48,Research Wing,Ground,AI Research Lab,AC,4.0,4.0,18,5,1
2026-09-12 18:26:48,Research Wing,Ground,AI Research Lab,Computers,2.218,2.218,18,5,1
2026-09-12 18:26:48,Research Wing,Ground,AI Research Lab,Lights,0.274,0.274,18,5,1
2026-09-12 18:26:48,Research Wing,Ground,AI Research Lab,Fans,0.209,0.209,18,5,1
2026-09-12 18:26:48,Research Wing,Ground,AI Research Lab,Server Units,4.228,4.228,18,5,1
2026-09-12 18:26:48,Research Wing,Ground,Server Room,AC,4.637,4.637,18,5,1
2026-09-12 18:26:48,Research Wing,Ground,Server Room,Computers,1.773,1.773,18,5,1
2026-09-12 18:26:48,Research Wing,Ground,Server Room,Lights,0.259,0.259,18,5,1
2026-09-12 18:26:48,Research Wing,Ground,Server Room,Fans,0.187,0.187,18,5,1
2026-09-12 18:26:48,Research Wing,Ground,Server Room,Server Units,4.14,4.14,18,5,1
2026-09-12 19:26:48,Main Block,Ground,Lab 101,AC,0.25,0.25,19,5,1
2026-09-12 19:26:48,Main Block,Ground,Lab 101,Computers,0.08,0.08,19,5,1
2026-09-12 19:26:48,Main Block,Ground,Lab 101,Lights,0.02,0.02,19,5,1
2026-09-12 19:26:48,Main Block,Ground,Lab 101,Fans,0.015,0.015,19,5,1
2026-09-12 19:26:48,Main Block,Ground,Lab 101,Server Units,4.92,4.92,19,5,1
2026-09-12 19:26:48,Main Block,First,Computer Lab 201,AC,0.25,0.25,19,5,1
2026-09-12 19:26:48,Main Block,First,Computer Lab 201,Computers,0.08,0.08,19,5,1
2026-09-12 19:26:48,Main Block,First,Computer Lab 201,Lights,0.02,0.02,19,5,1
2026-09-12 19:26:48,Main Block,First,Computer Lab 201,Fans,0.015,0.015,19,5,1
2026-09-12 19:26:48,Main Block,First,Computer Lab 201,Server Units,4.2,4.2,19,5,1
2026-09-12 19:26:48,Research Wing,Ground,AI Research Lab,AC,0.25,0.25,19,5,1
2026-09-12 19:26:48,Research Wing,Ground,AI Research Lab,Computers,0.08,0.08,19,5,1
2026-09-12 19:26:48,Research Wing,Ground,AI Research Lab,Lights,0.02,0.02,19,5,1
2026-09-12 19:26:48,Research Wing,Ground,AI Research Lab,Fans,0.015,0.015,19,5,1
2026-09-12 19:26:48,Research Wing,Ground,AI Research Lab,Server Units,4.771,4.771,19,5,1
2026-09-12 19:26:48,Research Wing,Ground,Server Room,AC,0.25,0.25,19,5,1
2026-09-12 19:26:48,Research Wing,Ground,Server Room,Computers,0.08,0.08,19,5,1
2026-09-12 19:26:48,Research Wing,Ground,Server Room,Lights,0.02,0.02,19,5,1
2026-09-12 19:26:48,Research Wing,Ground,Server Room,Fans,0.015,0.015,19,5,1
2026-09-12 19:26:48,Research Wing,Ground,Server Room,Server Units,4.348,4.348,19,5,1
2026-09-12 20:26:48,Main Block,Ground,Lab 101,AC,0.25,0.25,20,5,1
2026-09-12 20:26:48,Main Block,Ground,Lab 101,Computers,0.08,0.08,20,5,1
2026-09-12 20:26:48,Main Block,Ground,Lab 101,Lights,0.02,0.02,20,5,1
2026-09-12 20:26:48,Main Block,Ground,Lab 101,Fans,0.015,0.015,20,5,1
2026-09-12 20:26:48,Main Block,Ground,Lab 101,Server Units,4.617,4.617,20,5,1
2026-09-12 20:26:48,Main Block,First,Computer Lab 201,AC,0.25,0.25,20,5,1
2026-09-12 20:26:48,Main Block,First,Computer Lab 201,Computers,0.08,0.08,20,5,1
2026-09-12 20:26:48,Main Block,First,Computer Lab 201,Lights,0.02,0.02,20,5,1
2026-09-12 20:26:48,Main Block,First,Computer Lab 201,Fans,0.015,0.015,20,5,1
2026-09-12 20:26:48,Main Block,First,Computer Lab 201,Server Units,4.915,4.915,20,5,1
2026-09-12 20:26:48,Research Wing,Ground,AI Research Lab,AC,0.25,0.25,20,5,1
2026-09-12 20:26:48,Research Wing,Ground,AI Research Lab,Computers,0.08,0.08,20,5,1
2026-09-12 20:26:48,Research Wing,Ground,AI Research Lab,Lights,0.02,0.02,20,5,1
2026-09-12 20:26:48,Research Wing,Ground,AI Research Lab,Fans,0.015,0.015,20,5,1
2026-09-12 20:26:48,Research Wing,Ground,AI Research Lab,Server Units,4.791,4.791,20,5,1
2026-09-12 20:26:48,Research Wing,Ground,Server Room,AC,0.25,0.25,20,5,1
2026-09-12 20:26:48,Research Wing,Ground,Server Room,Computers,0.08,0.08,20,5,1
2026-09-12 20:26:48,Research Wing,Ground,Server Room,Lights,0.02,0.02,20,5,1
2026-09-12 20:26:48,Research Wing,Ground,Server Room,Fans,0.015,0.015,20,5,1
2026-09-12 20:26:48,Research Wing,Ground,Server Room,Server Units,4.557,4.557,20,5,1
2026-09-12 21:26:48,Main Block,Ground,Lab 101,AC,0.25,0.25,21,5,1
2026-09-12 21:26:48,Main Block,Ground,Lab 101,Computers,0.08,0.08,21,5,1
2026-09-12 21:26:48,Main Block,Ground,Lab 101,Lights,0.02,0.02,21,5,1
2026-09-12 21:26:48,Main Block,Ground,Lab 101,Fans,0.015,0.015,21,5,1
2026-09-12 21:26:48,Main Block,Ground,Lab 101,Server Units,4.924,4.924,21,5,1
2026-09-12 21:26:48,Main Block,First,Computer Lab 201,AC,0.25,0.25,21,5,1
2026-09-12 21:26:48,Main Block,First,Computer Lab 201,Computers,0.08,0.08,21,5,1
2026-09-12 21:26:48,Main Block,First,Computer Lab 201,Lights,0.06,0.06,21,5,1
2026-09-12 21:26:48,Main Block,First,Computer Lab 201,Fans,0.015,0.015,21,5,1
2026-09-12 21:26:48,Main Block,First,Computer Lab 201,Server Units,4.064,4.064,21,5,1
2026-09-12 21:26:48,Research Wing,Ground,AI Research Lab,AC,0.25,0.25,21,5,1
2026-09-12 21:26:48,Research Wing,Ground,AI Research Lab,Computers,0.08,0.08,21,5,1
2026-09-12 21:26:48,Research Wing,Ground,AI Research Lab,Lights,0.02,0.02,21,5,1
2026-09-12 21:26:48,Research Wing,Ground,AI Research Lab,Fans,0.015,0.015,21,5,1
2026-09-12 21:26:48,Research Wing,Ground,AI Research Lab,Server Units,4.27,4.27,21,5,1
2026-09-12 21:26:48,Research Wing,Ground,Server Room,AC,0.25,0.25,21,5,1
2026-09-12 21:26:48,Research Wing,Ground,Server Room,Computers,0.24,0.24,21,5,1
2026-09-12 21:26:48,Research Wing,Ground,Server Room,Lights,0.02,0.02,21,5,1
2026-09-12 21:26:48,Research Wing,Ground,Server Room,Fans,0.015,0.015,21,5,1
2026-09-12 21:26:48,Research Wing,Ground,Server Room,Server Units,4.875,4.875,21,5,1
2026-09-12 22:26:48,Main Block,Ground,Lab 101,AC,0.25,0.25,22,5,1
2026-09-12 22:26:48,Main Block,Ground,Lab 101,Computers,0.08,0.08,22,5,1
2026-09-12 22:26:48,Main Block,Ground,Lab 101,Lights,0.02,0.02,22,5,1
2026-09-12 22:26:48,Main Block,Ground,Lab 101,Fans,0.015,0.015,22,5,1
2026-09-12 22:26:48,Main Block,Ground,Lab 101,Server Units,3.93,3.93,22,5,1
2026-09-12 22:26:48,Main Block,First,Computer Lab 201,AC,0.25,0.25,22,5,1
2026-09-12 22:26:48,Main Block,First,Computer Lab 201,Computers,0.08,0.08,22,5,1
2026-09-12 22:26:48,Main Block,First,Computer Lab 201,Lights,0.02,0.02,22,5,1
2026-09-12 22:26:48,Main Block,First,Computer Lab 201,Fans,0.015,0.015,22,5,1
2026-09-12 22:26:48,Main Block,First,Computer Lab 201,Server Units,4.551,4.551,22,5,1
2026-09-12 22:26:48,Research Wing,Ground,AI Research Lab,AC,0.25,0.25,22,5,1
2026-09-12 22:26:48,Research Wing,Ground,AI Research Lab,Computers,0.08,0.08,22,5,1
2026-09-12 22:26:48,Research Wing,Ground,AI Research Lab,Lights,0.02,0.02,22,5,1
2026-09-12 22:26:48,Research Wing,Ground,AI Research Lab,Fans,0.015,0.015,22,5,1
2026-09-12 22:26:48,Research Wing,Ground,AI Research Lab,Server Units,4.285,4.285,22,5,1
2026-09-12 22:26:48,Research Wing,Ground,Server Room,AC,0.25,0.25,22,5,1
2026-09-12 22:26:48,Research Wing,Ground,Server Room,Computers,0.08,0.08,22,5,1
2026-09-12 22:26:48,Research Wing,Ground,Server Room,Lights,0.02,0.02,22,5,1
2026-09-12 22:26:48,Research Wing,Ground,Server Room,Fans,0.015,0.015,22,5,1
2026-09-12 22:26:48,Research Wing,Ground,Server Room,Server Units,4.733,4.733,22,5,1
2026-09-12 23:26:48,Main Block,Ground,Lab 101,AC,0.25,0.25,23,5,1
2026-09-12 23:26:48,Main Block,Ground,Lab 101,Computers,0.08,0.08,23,5,1
2026-09-12 23:26:48,Main Block,Ground,Lab 101,Lights,0.02,0.02,23,5,1
2026-09-12 23:26:48,Main Block,Ground,Lab 101,Fans,0.015,0.015,23,5,1
2026-09-12 23:26:48,Main Block,Ground,Lab 101,Server Units,3.82,3.82,23,5,1
2026-09-12 23:26:48,Main Block,First,Computer Lab 201,AC,0.25,0.25,23,5,1
2026-09-12 23:26:48,Main Block,First,Computer Lab 201,Computers,0.08,0.08,23,5,1
2026-09-12 23:26:48,Main Block,First,Computer Lab 201,Lights,0.02,0.02,23,5,1
2026-09-12 23:26:48,Main Block,First,Computer Lab 201,Fans,0.015,0.015,23,5,1
2026-09-12 23:26:48,Main Block,First,Computer Lab 201,Server Units,4.91,4.91,23,5,1
2026-09-12 23:26:48,Research Wing,Ground,AI Research Lab,AC,0.25,0.25,23,5,1
2026-09-12 23:26:48,Research Wing,Ground,AI Research Lab,Computers,0.08,0.08,23,5,1
2026-09-12 23:26:48,Research Wing,Ground,AI Research Lab,Lights,0.02,0.02,23,5,1
2026-09-12 23:26:48,Research Wing,Ground,AI Research Lab,Fans,0.015,0.015,23,5,1
2026-09-12 23:26:48,Research Wing,Ground,AI Research Lab,Server Units,4.776,4.776,23,5,1
2026-09-12 23:26:48,Research Wing,Ground,Server Room,AC,0.25,0.25,23,5,1
2026-09-12 23:26:48,Research Wing,Ground,Server Room,Computers,0.08,0.08,23,5,1
2026-09-12 23:26:48,Research Wing,Ground,Server Room,Lights,0.02,0.02,23,5,1
2026-09-12 23:26:48,Research Wing,Ground,Server Room,Fans,0.015,0.015,23,5,1
2026-09-12 23:26:48,Research Wing,Ground,Server Room,Server Units,5.018,5.018,23,5,1
2026-09-13 00:26:48,Main Block,Ground,Lab 101,AC,0.25,0.25,0,6,1
2026-09-13 00:26:48,Main Block,Ground,Lab 101,Computers,0.08,0.08,0,6,1
2026-09-13 00:26:48,Main Block,Ground,Lab 101,Lights,0.02,0.02,0,6,1
2026-09-13 00:26:48,Main Block,Ground,Lab 101,Fans,0.015,0.015,0,6,1
2026-09-13 00:26:48,Main Block,Ground,Lab 101,Server Units,4.943,4.943,0,6,1
2026-09-13 00:26:48,Main Block,First,Computer Lab 201,AC,0.75,0.75,0,6,1
2026-09-13 00:26:48,Main Block,First,Computer Lab 201,Computers,0.08,0.08,0,6,1
2026-09-13 00:26:48,Main Block,First,Computer Lab 201,Lights,0.02,0.02,0,6,1
2026-09-13 00:26:48,Main Block,First,Computer Lab 201,Fans,0.015,0.015,0,6,1
2026-09-13 00:26:48,Main Block,First,Computer Lab 201,Server Units,15.069,15.069,0,6,1
2026-09-13 00:26:48,Research Wing,Ground,AI Research Lab,AC,0.25,0.25,0,6,1
2026-09-13 00:26:48,Research Wing,Ground,AI Research Lab,Computers,0.08,0.08,0,6,1
2026-09-13 00:26:48,Research Wing,Ground,AI Research Lab,Lights,0.02,0.02,0,6,1
2026-09-13 00:26:48,Research Wing,Ground,AI Research Lab,Fans,0.015,0.015,0,6,1
2026-09-13 00:26:48,Research Wing,Ground,AI Research Lab,Server Units,4.242,4.242,0,6,1
2026-09-13 00:26:48,Research Wing,Ground,Server Room,AC,0.25,0.25,0,6,1
2026-09-13 00:26:48,Research Wing,Ground,Server Room,Computers,0.08,0.08,0,6,1
2026-09-13 00:26:48,Research Wing,Ground,Server Room,Lights,0.02,0.02,0,6,1
2026-09-13 00:26:48,Research Wing,Ground,Server Room,Fans,0.015,0.015,0,6,1
2026-09-13 00:26:48,Research Wing,Ground,Server Room,Server Units,4.716,4.716,0,6,1
2026-09-13 01:26:48,Main Block,Ground,Lab 101,AC,0.25,0.25,1,6,1
2026-09-13 01:26:48,Main Block,Ground,Lab 101,Computers,0.08,0.08,1,6,1
2026-09-13 01:26:48,Main Block,Ground,Lab 101,Lights,0.02,0.02,1,6,1
2026-09-13 01:26:48,Main Block,Ground,Lab 101,Fans,0.015,0.015,1,6,1
2026-09-13 01:26:48,Main Block,Ground,Lab 101,Server Units,4.475,4.475,1,6,1
2026-09-13 01:26:48,Main Block,First,Computer Lab 201,AC,0.25,0.25,1,6,1
2026-09-13 01:26:48,Main Block,First,Computer Lab 201,Computers,0.08,0.08,1,6,1
2026-09-13 01:26:48,Main Block,First,Computer Lab 201,Lights,0.02,0.02,1,6,1
2026-09-13 01:26:48,Main Block,First,Computer Lab 201,Fans,0.015,0.015,1,6,1
2026-09-13 01:26:48,Main Block,First,Computer Lab 201,Server Units,4.64,4.64,1,6,1
2026-09-13 01:26:48,Research Wing,Ground,AI Research Lab,AC,0.25,0.25,1,6,1
2026-09-13 01:26:48,Research Wing,Ground,AI Research Lab,Computers,0.08,0.08,1,6,1
2026-09-13 01:26:48,Research Wing,Ground,AI Research Lab,Lights,0.02,0.02,1,6,1
2026-09-13 01:26:48,Research Wing,Ground,AI Research Lab,Fans,0.015,0.015,1,6,1
2026-09-13 01:26:48,Research Wing,Ground,AI Research Lab,Server Units,5.038,5.038,1,6,1
2026-09-13 01:26:48,Research Wing,Ground,Server Room,AC,0.25,0.25,1,6,1
2026-09-13 01:26:48,Research Wing,Ground,Server Room,Computers,0.08,0.08,1,6,1
2026-09-13 01:26:48,Research Wing,Ground,Server Room,Lights,0.06,0.06,1,6,1
2026-09-13 01:26:48,Research Wing,Ground,Server Room,Fans,0.015,0.015,1,6,1
2026-09-13 01:26:48,Research Wing,Ground,Server Room,Server Units,13.78,13.78,1,6,1
2026-09-13 02:26:48,Main Block,Ground,Lab 101,AC,0.25,0.25,2,6,1
2026-09-13 02:26:48,Main Block,Ground,Lab 101,Computers,0.08,0.08,2,6,1
2026-09-13 02:26:48,Main Block,Ground,Lab 101,Lights,0.02,0.02,2,6,1
2026-09-13 02:26:48,Main Block,Ground,Lab 101,Fans,0.015,0.015,2,6,1
2026-09-13 02:26:48,Main Block,Ground,Lab 101,Server Units,4.922,4.922,2,6,1
2026-09-13 02:26:48,Main Block,First,Computer Lab 201,AC,0.25,0.25,2,6,1
2026-09-13 02:26:48,Main Block,First,Computer Lab 201,Computers,0.08,0.08,2,6,1
2026-09-13 02:26:48,Main Block,First,Computer Lab 201,Lights,0.02,0.02,2,6,1
2026-09-13 02:26:48,Main Block,First,Computer Lab 201,Fans,0.015,0.015,2,6,1
2026-09-13 02:26:48,Main Block,First,Computer Lab 201,Server Units,3.842,3.842,2,6,1
2026-09-13 02:26:48,Research Wing,Ground,AI Research Lab,AC,0.25,0.25,2,6,1
2026-09-13 02:26:48,Research Wing,Ground,AI Research Lab,Computers,0.08,0.08,2,6,1
2026-09-13 02:26:48,Research Wing,Ground,AI Research Lab,Lights,0.02,0.02,2,6,1
2026-09-13 02:26:48,Research Wing,Ground,AI Research Lab,Fans,0.015,0.015,2,6,1
2026-09-13 02:26:48,Research Wing,Ground,AI Research Lab,Server Units,4.813,4.813,2,6,1
2026-09-13 02:26:48,Research Wing,Ground,Server Room,AC,0.25,0.25,2,6,1
2026-09-13 02:26:48,Research Wing,Ground,Server Room,Computers,0.08,0.08,2,6,1
2026-09-13 02:26:48,Research Wing,Ground,Server Room,Lights,0.02,0.02,2,6,1
2026-09-13 02:26:48,Research Wing,Ground,Server Room,Fans,0.015,0.015,2,6,1
2026-09-13 02:26:48,Research Wing,Ground,Server Room,Server Units,3.751,3.751,2,6,1
2026-09-13 03:26:48,Main Block,Ground,Lab 101,AC,0.25,0.25,3,6,1
2026-09-13 03:26:48,Main Block,Ground,Lab 101,Computers,0.08,0.08,3,6,1
2026-09-13 03:26:48,Main Block,Ground,Lab 101,Lights,0.02,0.02,3,6,1
2026-09-13 03:26:48,Main Block,Ground,Lab 101,Fans,0.045,0.045,3,6,1
2026-09-13 03:26:48,Main Block,Ground,Lab 101,Server Units,4.111,4.111,3,6,1
2026-09-13 03:26:48,Main Block,First,Computer Lab 201,AC,0.25,0.25,3,6,1
2026-09-13 03:26:48,Main Block,First,Computer Lab 201,Computers,0.08,0.08,3,6,1
2026-09-13 03:26:48,Main Block,First,Computer Lab 201,Lights,0.02,0.02,3,6,1
2026-09-13 03:26:48,Main Block,First,Computer Lab 201,Fans,0.015,0.015,3,6,1
2026-09-13 03:26:48,Main Block,First,Computer Lab 201,Server Units,4.688,4.688,3,6,1
2026-09-13 03:26:48,Research Wing,Ground,AI Research Lab,AC,0.25,0.25,3,6,1
2026-09-13 03:26:48,Research Wing,Ground,AI Research Lab,Computers,0.08,0.08,3,6,1
2026-09-13 03:26:48,Research Wing,Ground,AI Research Lab,Lights,0.02,0.02,3,6,1
2026-09-13 03:26:48,Research Wing,Ground,AI Research Lab,Fans,0.015,0.015,3,6,1
2026-09-13 03:26:48,Research Wing,Ground,AI Research Lab,Server Units,4.673,4.673,3,6,1
2026-09-13 03:26:48,Research Wing,Ground,Server Room,AC,0.25,0.25,3,6,1
2026-09-13 03:26:48,Research Wing,Ground,Server Room,Computers,0.08,0.08,3,6,1
2026-09-13 03:26:48,Research Wing,Ground,Server Room,Lights,0.02,0.02,3,6,1
2026-09-13 03:26:48,Research Wing,Ground,Server Room,Fans,0.015,0.015,3,6,1
2026-09-13 03:26:48,Research Wing,Ground,Server Room,Server Units,4.491,4.491,3,6,1
2026-09-13 04:26:48,Main Block,Ground,Lab 101,AC,0.25,0.25,4,6,1
2026-09-13 04:26:48,Main Block,Ground,Lab 101,Computers,0.08,0.08,4,6,1
2026-09-13 04:26:48,Main Block,Ground,Lab 101,Lights,0.02,0.02,4,6,1
2026-09-13 04:26:48,Main Block,Ground,Lab 101,Fans,0.015,0.015,4,6,1
2026-09-13 04:26:48,Main Block,Ground,Lab 101,Server Units,4.486,4.486,4,6,1
2026-09-13 04:26:48,Main Block,First,Computer Lab 201,AC,0.25,0.25,4,6,1
2026-09-13 04:26:48,Main Block,First,Computer Lab 201,Computers,0.08,0.08,4,6,1
2026-09-13 04:26:48,Main Block,First,Computer Lab 201,Lights,0.02,0.02,4,6,1
2026-09-13 04:26:48,Main Block,First,Computer Lab 201,Fans,0.015,0.015,4,6,1
2026-09-13 04:26:48,Main Block,First,Computer Lab 201,Server Units,4.041,4.041,4,6,1
2026-09-13 04:26:48,Research Wing,Ground,AI Research Lab,AC,0.25,0.25,4,6,1
2026-09-13 04:26:48,Research Wing,Ground,AI Research Lab,Computers,0.08,0.08,4,6,1
2026-09-13 04:26:48,Research Wing,Ground,AI Research Lab,Lights,0.02,0.02,4,6,1
2026-09-13 04:26:48,Research Wing,Ground,AI Research Lab,Fans,0.015,0.015,4,6,1
2026-09-13 04:26:48,Research Wing,Ground,AI Research Lab,Server Units,4.655,4.655,4,6,1
2026-09-13 04:26:48,Research Wing,Ground,Server Room,AC,0.25,0.25,4,6,1
2026-09-13 04:26:48,Research Wing,Ground,Server Room,Computers,0.08,0.08,4,6,1
2026-09-13 04:26:48,Research Wing,Ground,Server Room,Lights,0.02,0.02,4,6,1
2026-09-13 04:26:48,Research Wing,Ground,Server Room,Fans,0.015,0.015,4,6,1
2026-09-13 04:26:48,Research Wing,Ground,Server Room,Server Units,4.586,4.586,4,6,1
2026-09-13 05:26:48,Main Block,Ground,Lab 101,AC,0.25,0.25,5,6,1
2026-09-13 05:26:48,Main Block,Ground,Lab 101,Computers,0.08,0.08,5,6,1
2026-09-13 05:26:48,Main Block,Ground,Lab 101,Lights,0.02,0.02,5,6,1
2026-09-13 05:26:48,Main Block,Ground,Lab 101,Fans,0.015,0.015,5,6,1
2026-09-13 05:26:48,Main Block,Ground,Lab 101,Server Units,4.102,4.102,5,6,1
2026-09-13 05:26:48,Main Block,First,Computer Lab 201,AC,0.25,0.25,5,6,1
2026-09-13 05:26:48,Main Block,First,Computer Lab 201,Computers,0.08,0.08,5,6,1
2026-09-13 05:26:48,Main Block,First,Computer Lab 201,Lights,0.02,0.02,5,6,1
2026-09-13 05:26:48,Main Block,First,Computer Lab 201,Fans,0.015,0.015,5,6,1
2026-09-13 05:26:48,Main Block,First,Computer Lab 201,Server Units,4.036,4.036,5,6,1
2026-09-13 05:26:48,Research Wing,Ground,AI Research Lab,AC,0.25,0.25,5,6,1
2026-09-13 05:26:48,Research Wing,Ground,AI Research Lab,Computers,0.08,0.08,5,6,1
2026-09-13 05:26:48,Research Wing,Ground,AI Research Lab,Lights,0.06,0.06,5,6,1
2026-09-13 05:26:48,Research Wing,Ground,AI Research Lab,Fans,0.015,0.015,5,6,1
2026-09-13 05:26:48,Research Wing,Ground,AI Research Lab,Server Units,3.848,3.848,5,6,1
2026-09-13 05:26:48,Research Wing,Ground,Server Room,AC,0.25,0.25,5,6,1
2026-09-13 05:26:48,Research Wing,Ground,Server Room,Computers,0.08,0.08,5,6,1
2026-09-13 05:26:48,Research Wing,Ground,Server Room,Lights,0.02,0.02,5,6,1
2026-09-13 05:26:48,Research Wing,Ground,Server Room,Fans,0.015,0.015,5,6,1
2026-09-13 05:26:48,Research Wing,Ground,Server Room,Server Units,3.838,3.838,5,6,1
2026-09-13 06:26:48,Main Block,Ground,Lab 101,AC,0.25,0.25,6,6,1
2026-09-13 06:26:48,Main Block,Ground,Lab 101,Computers,0.08,0.08,6,6,1
2026-09-13 06:26:48,Main Block,Ground,Lab 101,Lights,0.02,0.02,6,6,1
2026-09-13 06:26:48,Main Block,Ground,Lab 101,Fans,0.015,0.015,6,6,1
2026-09-13 06:26:48,Main Block,Ground,Lab 101,Server Units,4.374,4.374,6,6,1
2026-09-13 06:26:48,Main Block,First,Computer Lab 201,AC,0.25,0.25,6,6,1
2026-09-13 06:26:48,Main Block,First,Computer Lab 201,Computers,0.08,0.08,6,6,1
2026-09-13 06:26:48,Main Block,First,Computer Lab 201,Lights,0.02,0.02,6,6,1
2026-09-13 06:26:48,Main Block,First,Computer Lab 201,Fans,0.015,0.015,6,6,1
2026-09-13 06:26:48,Main Block,First,Computer Lab 201,Server Units,3.882,3.882,6,6,1
2026-09-13 06:26:48,Research Wing,Ground,AI Research Lab,AC,0.25,0.25,6,6,1
2026-09-13 06:26:48,Research Wing,Ground,AI Research Lab,Computers,0.08,0.08,6,6,1
2026-09-13 06:26:48,Research Wing,Ground,AI Research Lab,Lights,0.02,0.02,6,6,1
2026-09-13 06:26:48,Research Wing,Ground,AI Research Lab,Fans,0.015,0.015,6,6,1
2026-09-13 06:26:48,Research Wing,Ground,AI Research Lab,Server Units,4.985,4.985,6,6,1
2026-09-13 06:26:48,Research Wing,Ground,Server Room,AC,0.25,0.25,6,6,1
2026-09-13 06:26:48,Research Wing,Ground,Server Room,Computers,0.08,0.08,6,6,1
2026-09-13 06:26:48,Research Wing,Ground,Server Room,Lights,0.02,0.02,6,6,1
2026-09-13 06:26:48,Research Wing,Ground,Server Room,Fans,0.015,0.015,6,6,1
2026-09-13 06:26:48,Research Wing,Ground,Server Room,Server Units,3.853,3.853,6,6,1
2026-09-13 07:26:48,Main Block,Ground,Lab 101,AC,0.25,0.25,7,6,1
2026-09-13 07:26:48,Main Block,Ground,Lab 101,Computers,0.08,0.08,7,6,1
2026-09-13 07:26:48,Main Block,Ground,Lab 101,Lights,0.02,0.02,7,6,1
2026-09-13 07:26:48,Main Block,Ground,Lab 101,Fans,0.015,0.015,7,6,1
2026-09-13 07:26:48,Main Block,Ground,Lab 101,Server Units,3.908,3.908,7,6,1
2026-09-13 07:26:48,Main Block,First,Computer Lab 201,AC,0.25,0.25,7,6,1
2026-09-13 07:26:48,Main Block,First,Computer Lab 201,Computers,0.08,0.08,7,6,1
2026-09-13 07:26:48,Main Block,First,Computer Lab 201,Lights,0.02,0.02,7,6,1
2026-09-13 07:26:48,Main Block,First,Computer Lab 201,Fans,0.015,0.015,7,6,1
2026-09-13 07:26:48,Main Block,First,Computer Lab 201,Server Units,4.634,4.634,7,6,1
2026-09-13 07:26:48,Research Wing,Ground,AI Research Lab,AC,0.25,0.25,7,6,1
2026-09-13 07:26:48,Research Wing,Ground,AI Research Lab,Computers,0.08,0.08,7,6,1
2026-09-13 07:26:48,Research Wing,Ground,AI Research Lab,Lights,0.02,0.02,7,6,1
2026-09-13 07:26:48,Research Wing,Ground,AI Research Lab,Fans,0.015,0.015,7,6,1
2026-09-13 07:26:48,Research Wing,Ground,AI Research Lab,Server Units,4.048,4.048,7,6,1
2026-09-13 07:26:48,Research Wing,Ground,Server Room,AC,0.25,0.25,7,6,1
2026-09-13 07:26:48,Research Wing,Ground,Server Room,Computers,0.24,0.24,7,6,1
2026-09-13 07:26:48,Research Wing,Ground,Server Room,Lights,0.02,0.02,7,6,1
2026-09-13 07:26:48,Research Wing,Ground,Server Room,Fans,0.015,0.015,7,6,1
2026-09-13 07:26:48,Research Wing,Ground,Server Room,Server Units,4.902,4.902,7,6,1
2026-09-13 08:26:48,Main Block,Ground,Lab 101,AC,4.283,4.283,8,6,1
2026-09-13 08:26:48,Main Block,Ground,Lab 101,Computers,2.17,2.17,8,6,1
2026-09-13 08:26:48,Main Block,Ground,Lab 101,Lights,0.285,0.285,8,6,1
2026-09-13 08:26:48,Main Block,Ground,Lab 101,Fans,0.172,0.172,8,6,1
2026-09-13 08:26:48,Main Block,Ground,Lab 101,Server Units,3.829,3.829,8,6,1
2026-09-13 08:26:48,Main Block,First,Computer Lab 201,AC,4.086,4.086,8,6,1
2026-09-13 08:26:48,Main Block,First,Computer Lab 201,Computers,2.082,2.082,8,6,1
2026-09-13 08:26:48,Main Block,First,Computer Lab 201,Lights,0.293,0.293,8,6,1
2026-09-13 08:26:48,Main Block,First,Computer Lab 201,Fans,0.192,0.192,8,6,1
2026-09-13 08:26:48,Main Block,First,Computer Lab 201,Server Units,4.792,4.792,8,6,1
2026-09-13 08:26:48,Research Wing,Ground,AI Research Lab,AC,4.246,4.246,8,6,1
2026-09-13 08:26:48,Research Wing,Ground,AI Research Lab,Computers,2.276,2.276,8,6,1
2026-09-13 08:26:48,Research Wing,Ground,AI Research Lab,Lights,0.283,0.283,8,6,1
2026-09-13 08:26:48,Research Wing,Ground,AI Research Lab,Fans,0.211,0.211,8,6,1
2026-09-13 08:26:48,Research Wing,Ground,AI Research Lab,Server Units,4.147,4.147,8,6,1
2026-09-13 08:26:48,Research Wing,Ground,Server Room,AC,12.969,12.969,8,6,1
2026-09-13 08:26:48,Research Wing,Ground,Server Room,Computers,2.052,2.052,8,6,1
2026-09-13 08:26:48,Research Wing,Ground,Server Room,Lights,0.26,0.26,8,6,1
2026-09-13 08:26:48,Research Wing,Ground,Server Room,Fans,0.215,0.215,8,6,1
2026-09-13 08:26:48,Research Wing,Ground,Server Room,Server Units,4.297,4.297,8,6,1
2026-09-13 09:26:48,Main Block,Ground,Lab 101,AC,4.096,4.096,9,6,1
2026-09-13 09:26:48,Main Block,Ground,Lab 101,Computers,2.171,2.171,9,6,1
2026-09-13 09:26:48,Main Block,Ground,Lab 101,Lights,0.315,0.315,9,6,1
2026-09-13 09:26:48,Main Block,Ground,Lab 101,Fans,0.223,0.223,9,6,1
2026-09-13 09:26:48,Main Block,Ground,Lab 101,Server Units,4.177,4.177,9,6,1
2026-09-13 09:26:48,Main Block,First,Computer Lab 201,AC,5.125,5.125,9,6,1
2026-09-13 09:26:48,Main Block,First,Computer Lab 201,Computers,1.951,1.951,9,6,1
2026-09-13 09:26:48,Main Block,First,Computer Lab 201,Lights,0.296,0.296,9,6,1
2026-09-13 09:26:48,Main Block,First,Computer Lab 201,Fans,0.168,0.168,9,6,1
2026-09-13 09:26:48,Main Block,First,Computer Lab 201,Server Units,3.745,3.745,9,6,1
2026-09-13 09:26:48,Research Wing,Ground,AI Research Lab,AC,4.136,4.136,9,6,1
2026-09-13 09:26:48,Research Wing,Ground,AI Research Lab,Computers,1.843,1.843,9,6,1
2026-09-13 09:26:48,Research Wing,Ground,AI Research Lab,Lights,0.341,0.341,9,6,1
2026-09-13 09:26:48,Research Wing,Ground,AI Research Lab,Fans,0.209,0.209,9,6,1
2026-09-13 09:26:48,Research Wing,Ground,AI Research Lab,Server Units,3.983,3.983,9,6,1
2026-09-13 09:26:48,Research Wing,Ground,Server Room,AC,4.315,4.315,9,6,1
2026-09-13 09:26:48,Research Wing,Ground,Server Room,Computers,1.718,1.718,9,6,1
2026-09-13 09:26:48,Research Wing,Ground,Server Room,Lights,0.281,0.281,9,6,1
2026-09-13 09:26:48,Research Wing,Ground,Server Room,Fans,0.2,0.2,9,6,1
2026-09-13 09:26:48,Research Wing,Ground,Server Room,Server Units,3.798,3.798,9,6,1
2026-09-13 10:26:48,Main Block,Ground,Lab 101,AC,4.092,4.092,10,6,1
2026-09-13 10:26:48,Main Block,Ground,Lab 101,Computers,2.231,2.231,10,6,1
2026-09-13 10:26:48,Main Block,Ground,Lab 101,Lights,0.286,0.286,10,6,1
2026-09-13 10:26:48,Main Block,Ground,Lab 101,Fans,0.529,0.529,10,6,1
2026-09-13 10:26:48,Main Block,Ground,Lab 101,Server Units,4.853,4.853,10,6,1
2026-09-13 10:26:48,Main Block,First,Computer Lab 201,AC,3.853,3.853,10,6,1
2026-09-13 10:26:48,Main Block,First,Computer Lab 201,Computers,1.927,1.927,10,6,1
2026-09-13 10:26:48,Main Block,First,Computer Lab 201,Lights,0.265,0.265,10,6,1
2026-09-13 10:26:48,Main Block,First,Computer Lab 201,Fans,0.184,0.184,10,6,1
2026-09-13 10:26:48,Main Block,First,Computer Lab 201,Server Units,4.809,4.809,10,6,1
2026-09-13 10:26:48,Research Wing,Ground,AI Research Lab,AC,5.096,5.096,10,6,1
2026-09-13 10:26:48,Research Wing,Ground,AI Research Lab,Computers,2.299,2.299,10,6,1
2026-09-13 10:26:48,Research Wing,Ground,AI Research Lab,Lights,0.334,0.334,10,6,1
2026-09-13 10:26:48,Research Wing,Ground,AI Research Lab,Fans,0.174,0.174,10,6,1
2026-09-13 10:26:48,Research Wing,Ground,AI Research Lab,Server Units,4.789,4.789,10,6,1
2026-09-13 10:26:48,Research Wing,Ground,Server Room,AC,4.336,4.336,10,6,1
2026-09-13 10:26:48,Research Wing,Ground,Server Room,Computers,2.06,2.06,10,6,1
2026-09-13 10:26:48,Research Wing,Ground,Server Room,Lights,0.277,0.277,10,6,1
2026-09-13 10:26:48,Research Wing,Ground,Server Room,Fans,0.202,0.202,10,6,1
2026-09-13 10:26:48,Research Wing,Ground,Server Room,Server Units,4.447,4.447,10,6,1
2026-09-13 11:26:48,Main Block,Ground,Lab 101,AC,4.267,4.267,11,6,1
2026-09-13 11:26:48,Main Block,Ground,Lab 101,Computers,2.177,2.177,11,6,1
2026-09-13 11:26:48,Main Block,Ground,Lab 101,Lights,0.332,0.332,11,6,1
2026-09-13 11:26:48,Main Block,Ground,Lab 101,Fans,0.218,0.218,11,6,1
2026-09-13 11:26:48,Main Block,Ground,Lab 101,Server Units,3.847,3.847,11,6,1
2026-09-13 11:26:48,Main Block,First,Computer Lab 201,AC,4.721,4.721,11,6,1
2026-09-13 11:26:48,Main Block,First,Computer Lab 201,Computers,2.005,2.005,11,6,1
2026-09-13 11:26:48,Main Block,First,Computer Lab 201,Lights,0.313,0.313,11,6,1
2026-09-13 11:26:48,Main Block,First,Computer Lab 201,Fans,0.195,0.195,11,6,1
2026-09-13 11:26:48,Main Block,First,Computer Lab 201,Server Units,4.165,4.165,11,6,1
2026-09-13 11:26:48,Research Wing,Ground,AI Research Lab,AC,4.763,4.763,11,6,1
2026-09-13 11:26:48,Research Wing,Ground,AI Research Lab,Computers,1.997,1.997,11,6,1
2026-09-13 11:26:48,Research Wing,Ground,AI Research Lab,Lights,0.291,0.291,11,6,1
2026-09-13 11:26:48,Research Wing,Ground,AI Research Lab,Fans,0.2,0.2,11,6,1
2026-09-13 11:26:48,Research Wing,Ground,AI Research Lab,Server Units,4.03,4.03,11,6,1
2026-09-13 11:26:48,Research Wing,Ground,Server Room,AC,4.99,4.99,11,6,1
2026-09-13 11:26:48,Research Wing,Ground,Server Room,Computers,1.884,1.884,11,6,1
2026-09-13 11:26:48,Research Wing,Ground,Server Room,Lights,0.306,0.306,11,6,1
2026-09-13 11:26:48,Research Wing,Ground,Server Room,Fans,0.188,0.188,11,6,1
2026-09-13 11:26:48,Research Wing,Ground,Server Room,Server Units,3.917,3.917,11,6,1
2026-09-13 12:26:48,Main Block,Ground,Lab 101,AC,4.425,4.425,12,6,1
2026-09-13 12:26:48,Main Block,Ground,Lab 101,Computers,2.05,2.05,12,6,1
2026-09-13 12:26:48,Main Block,Ground,Lab 101,Lights,0.311,0.311,12,6,1
2026-09-13 12:26:48,Main Block,Ground,Lab 101,Fans,0.193,0.193,12,6,1
2026-09-13 12:26:48,Main Block,Ground,Lab 101,Server Units,4.802,4.802,12,6,1
2026-09-13 12:26:48,Main Block,First,Computer Lab 201,AC,4.341,4.341,12,6,1
2026-09-13 12:26:48,Main Block,First,Computer Lab 201,Computers,1.84,1.84,12,6,1
2026-09-13 12:26:48,Main Block,First,Computer Lab 201,Lights,0.287,0.287,12,6,1
2026-09-13 12:26:48,Main Block,First,Computer Lab 201,Fans,0.215,0.215,12,6,1
2026-09-13 12:26:48,Main Block,First,Computer Lab 201,Server Units,4.59,4.59,12,6,1
2026-09-13 12:26:48,Research Wing,Ground,AI Research Lab,AC,5.076,5.076,12,6,1
2026-09-13 12:26:48,Research Wing,Ground,AI Research Lab,Computers,1.743,1.743,12,6,1
2026-09-13 12:26:48,Research Wing,Ground,AI Research Lab,Lights,0.273,0.273,12,6,1
2026-09-13 12:26:48,Research Wing,Ground,AI Research Lab,Fans,0.185,0.185,12,6,1
2026-09-13 12:26:48,Research Wing,Ground,AI Research Lab,Server Units,4.817,4.817,12,6,1
2026-09-13 12:26:48,Research Wing,Ground,Server Room,AC,4.196,4.196,12,6,1
2026-09-13 12:26:48,Research Wing,Ground,Server Room,Computers,2.299,2.299,12,6,1
2026-09-13 12:26:48,Research Wing,Ground,Server Room,Lights,0.323,0.323,12,6,1
2026-09-13 12:26:48,Research Wing,Ground,Server Room,Fans,0.657,0.657,12,6,1
2026-09-13 12:26:48,Research Wing,Ground,Server Room,Server Units,4.135,4.135,12,6,1
2026-09-13 13:26:48,Main Block,Ground,Lab 101,AC,4.882,4.882,13,6,1
2026-09-13 13:26:48,Main Block,Ground,Lab 101,Computers,1.943,1.943,13,6,1
2026-09-13 13:26:48,Main Block,Ground,Lab 101,Lights,0.314,0.314,13,6,1
2026-09-13 13:26:48,Main Block,Ground,Lab 101,Fans,0.196,0.196,13,6,1
2026-09-13 13:26:48,Main Block,Ground,Lab 101,Server Units,3.937,3.937,13,6,1
2026-09-13 13:26:48,Main Block,First,Computer Lab 201,AC,4.131,4.131,13,6,1
2026-09-13 13:26:48,Main Block,First,Computer Lab 201,Computers,1.985,1.985,13,6,1
2026-09-13 13:26:48,Main Block,First,Computer Lab 201,Lights,0.326,0.326,13,6,1
2026-09-13 13:26:48,Main Block,First,Computer Lab 201,Fans,0.208,0.208,13,6,1
2026-09-13 13:26:48,Main Block,First,Computer Lab 201,Server Units,4.785,4.785,13,6,1
2026-09-13 13:26:48,Research Wing,Ground,AI Research Lab,AC,4.079,4.079,13,6,1
2026-09-13 13:26:48,Research Wing,Ground,AI Research Lab,Computers,2.119,2.119,13,6,1
2026-09-13 13:26:48,Research Wing,Ground,AI Research Lab,Lights,0.295,0.295,13,6,1
2026-09-13 13:26:48,Research Wing,Ground,AI Research Lab,Fans,0.188,0.188,13,6,1
2026-09-13 13:26:48,Research Wing,Ground,AI Research Lab,Server Units,3.909,3.909,13,6,1
2026-09-13 13:26:48,Research Wing,Ground,Server Room,AC,3.838,3.838,13,6,1
2026-09-13 13:26:48,Research Wing,Ground,Server Room,Computers,2.201,2.201,13,6,1
2026-09-13 13:26:48,Research Wing,Ground,Server Room,Lights,0.293,0.293,13,6,1
2026-09-13 13:26:48,Research Wing,Ground,Server Room,Fans,0.189,0.189,13,6,1
2026-09-13 13:26:48,Research Wing,Ground,Server Room,Server Units,4.45,4.45,13,6,1
2026-09-13 14:26:48,Main Block,Ground,Lab 101,AC,3.856,3.856,14,6,1
2026-09-13 14:26:48,Main Block,Ground,Lab 101,Computers,2.253,2.253,14,6,1
2026-09-13 14:26:48,Main Block,Ground,Lab 101,Lights,0.341,0.341,14,6,1
2026-09-13 14:26:48,Main Block,Ground,Lab 101,Fans,0.203,0.203,14,6,1
2026-09-13 14:26:48,Main Block,Ground,Lab 101,Server Units,4.542,4.542,14,6,1
2026-09-13 14:26:48,Main Block,First,Computer Lab 201,AC,5.148,5.148,14,6,1
2026-09-13 14:26:48,Main Block,First,Computer Lab 201,Computers,1.934,1.934,14,6,1
2026-09-13 14:26:48,Main Block,First,Computer Lab 201,Lights,0.272,0.272,14,6,1
2026-09-13 14:26:48,Main Block,First,Computer Lab 201,Fans,0.199,0.199,14,6,1
2026-09-13 14:26:48,Main Block,First,Computer Lab 201,Server Units,4.921,4.921,14,6,1
2026-09-13 14:26:48,Research Wing,Ground,AI Research Lab,AC,3.966,3.966,14,6,1
2026-09-13 14:26:48,Research Wing,Ground,AI Research Lab,Computers,1.719,1.719,14,6,1
2026-09-13 14:26:48,Research Wing,Ground,AI Research Lab,Lights,0.299,0.299,14,6,1
2026-09-13 14:26:48,Research Wing,Ground,AI Research Lab,Fans,0.17,0.17,14,6,1
2026-09-13 14:26:48,Research Wing,Ground,AI Research Lab,Server Units,4.115,4.115,14,6,1
2026-09-13 14:26:48,Research Wing,Ground,Server Room,AC,4.715,4.715,14,6,1
2026-09-13 14:26:48,Research Wing,Ground,Server Room,Computers,1.734,1.734,14,6,1
2026-09-13 14:26:48,Research Wing,Ground,Server Room,Lights,0.27,0.27,14,6,1
2026-09-13 14:26:48,Research Wing,Ground,Server Room,Fans,0.19,0.19,14,6,1
2026-09-13 14:26:48,Research Wing,Ground,Server Room,Server Units,3.886,3.886,14,6,1
2026-09-13 15:26:48,Main Block,Ground,Lab 101,AC,4.471,4.471,15,6,1
2026-09-13 15:26:48,Main Block,Ground,Lab 101,Computers,2.273,2.273,15,6,1
2026-09-13 15:26:48,Main Block,Ground,Lab 101,Lights,0.267,0.267,15,6,1
2026-09-13 15:26:48,Main Block,Ground,Lab 101,Fans,0.191,0.191,15,6,1
2026-09-13 15:26:48,Main Block,Ground,Lab 101,Server Units,4.367,4.367,15,6,1
2026-09-13 15:26:48,Main Block,First,Computer Lab 201,AC,5.093,5.093,15,6,1
2026-09-13 15:26:48,Main Block,First,Computer Lab 201,Computers,2.001,2.001,15,6,1
2026-09-13 15:26:48,Main Block,First,Computer Lab 201,Lights,0.839,0.839,15,6,1
2026-09-13 15:26:48,Main Block,First,Computer Lab 201,Fans,0.174,0.174,15,6,1
2026-09-13 15:26:48,Main Block,First,Computer Lab 201,Server Units,4.267,4.267,15,6,1
2026-09-13 15:26:48,Research Wing,Ground,AI Research Lab,AC,4.535,4.535,15,6,1
2026-09-13 15:26:48,Research Wing,Ground,AI Research Lab,Computers,2.228,2.228,15,6,1
2026-09-13 15:26:48,Research Wing,Ground,AI Research Lab,Lights,0.307,0.307,15,6,1
2026-09-13 15:26:48,Research Wing,Ground,AI Research Lab,Fans,0.183,0.183,15,6,1
2026-09-13 15:26:48,Research Wing,Ground,AI Research Lab,Server Units,4.342,4.342,15,6,1
2026-09-13 15:26:48,Research Wing,Ground,Server Room,AC,4.786,4.786,15,6,1
2026-09-13 15:26:48,Research Wing,Ground,Server Room,Computers,2.068,2.068,15,6,1
2026-09-13 15:26:48,Research Wing,Ground,Server Room,Lights,0.271,0.271,15,6,1
2026-09-13 15:26:48,Research Wing,Ground,Server Room,Fans,0.218,0.218,15,6,1
2026-09-13 15:26:48,Research Wing,Ground,Server Room,Server Units,4.344,4.344,15,6,1
2026-09-13 16:26:48,Main Block,Ground,Lab 101,AC,4.073,4.073,16,6,1
2026-09-13 16:26:48,Main Block,Ground,Lab 101,Computers,1.936,1.936,16,6,1
2026-09-13 16:26:48,Main Block,Ground,Lab 101,Lights,0.277,0.277,16,6,1
2026-09-13 16:26:48,Main Block,Ground,Lab 101,Fans,0.182,0.182,16,6,1
2026-09-13 16:26:48,Main Block,Ground,Lab 101,Server Units,4.125,4.125,16,6,1
2026-09-13 16:26:48,Main Block,First,Computer Lab 201,AC,4.767,4.767,16,6,1
2026-09-13 16:26:48,Main Block,First,Computer Lab 201,Computers,1.83,1.83,16,6,1
2026-09-13 16:26:48,Main Block,First,Computer Lab 201,Lights,0.344,0.344,16,6,1
2026-09-13 16:26:48,Main Block,First,Computer Lab 201,Fans,0.224,0.224,16,6,1
2026-09-13 16:26:48,Main Block,First,Computer Lab 201,Server Units,3.879,3.879,16,6,1
2026-09-13 16:26:48,Research Wing,Ground,AI Research Lab,AC,4.265,4.265,16,6,1
2026-09-13 16:26:48,Research Wing,Ground,AI Research Lab,Computers,1.852,1.852,16,6,1
2026-09-13 16:26:48,Research Wing,Ground,AI Research Lab,Lights,0.297,0.297,16,6,1
2026-09-13 16:26:48,Research Wing,Ground,AI Research Lab,Fans,0.206,0.206,16,6,1
2026-09-13 16:26:48,Research Wing,Ground,AI Research Lab,Server Units,4.243,4.243,16,6,1
2026-09-13 16:26:48,Research Wing,Ground,Server Room,AC,4.98,4.98,16,6,1
2026-09-13 16:26:48,Research Wing,Ground,Server Room,Computers,1.706,1.706,16,6,1
2026-09-13 16:26:48,Research Wing,Ground,Server Room,Lights,0.338,0.338,16,6,1
2026-09-13 16:26:48,Research Wing,Ground,Server Room,Fans,0.21,0.21,16,6,1
2026-09-13 16:26:48,Research Wing,Ground,Server Room,Server Units,3.83,3.83,16,6,1
2026-09-13 17:26:48,Main Block,Ground,Lab 101,AC,4.152,4.152,17,6,1
2026-09-13 17:26:48,Main Block,Ground,Lab 101,Computers,1.784,1.784,17,6,1
2026-09-13 17:26:48,Main Block,Ground,Lab 101,Lights,0.331,0.331,17,6,1
2026-09-13 17:26:48,Main Block,Ground,Lab 101,Fans,0.167,0.167,17,6,1
2026-09-13 17:26:48,Main Block,Ground,Lab 101,Server Units,4.128,4.128,17,6,1
2026-09-13 17:26:48,Main Block,First,Computer Lab 201,AC,4.353,4.353,17,6,1
2026-09-13 17:26:48,Main Block,First,Computer Lab 201,Computers,2.158,2.158,17,6,1
2026-09-13 17:26:48,Main Block,First,Computer Lab 201,Lights,0.269,0.269,17,6,1
2026-09-13 17:26:48,Main Block,First,Computer Lab 201,Fans,0.178,0.178,17,6,1
2026-09-13 17:26:48,Main Block,First,Computer Lab 201,Server Units,4.631,4.631,17,6,1
2026-09-13 17:26:48,Research Wing,Ground,AI Research Lab,AC,4.766,4.766,17,6,1
2026-09-13 17:26:48,Research Wing,Ground,AI Research Lab,Computers,2.187,2.187,17,6,1
2026-09-13 17:26:48,Research Wing,Ground,AI Research Lab,Lights,0.319,0.319,17,6,1
2026-09-13 17:26:48,Research Wing,Ground,AI Research Lab,Fans,0.189,0.189,17,6,1
2026-09-13 17:26:48,Research Wing,Ground,AI Research Lab,Server Units,11.428,11.428,17,6,1
2026-09-13 17:26:48,Research Wing,Ground,Server Room,AC,4.868,4.868,17,6,1
2026-09-13 17:26:48,Research Wing,Ground,Server Room,Computers,2.257,2.257,17,6,1
2026-09-13 17:26:48,Research Wing,Ground,Server Room,Lights,0.276,0.276,17,6,1
2026-09-13 17:26:48,Research Wing,Ground,Server Room,Fans,0.19,0.19,17,6,1
2026-09-13 17:26:48,Research Wing,Ground,Server Room,Server Units,4.185,4.185,17,6,1
2026-09-13 18:26:48,Main Block,Ground,Lab 101,AC,4.728,4.728,18,6,1
2026-09-13 18:26:48,Main Block,Ground,Lab 101,Computers,2.229,2.229,18,6,1
2026-09-13 18:26:48,Main Block,Ground,Lab 101,Lights,0.33,0.33,18,6,1
2026-09-13 18:26:48,Main Block,Ground,Lab 101,Fans,0.176,0.176,18,6,1
2026-09-13 18:26:48,Main Block,Ground,Lab 101,Server Units,3.882,3.882,18,6,1
2026-09-13 18:26:48,Main Block,First,Computer Lab 201,AC,4.584,4.584,18,6,1
2026-09-13 18:26:48,Main Block,First,Computer Lab 201,Computers,1.824,1.824,18,6,1
2026-09-13 18:26:48,Main Block,First,Computer Lab 201,Lights,0.34,0.34,18,6,1
2026-09-13 18:26:48,Main Block,First,Computer Lab 201,Fans,0.178,0.178,18,6,1
2026-09-13 18:26:48,Main Block,First,Computer Lab 201,Server Units,3.969,3.969,18,6,1
2026-09-13 18:26:48,Research Wing,Ground,AI Research Lab,AC,4.252,4.252,18,6,1
2026-09-13 18:26:48,Research Wing,Ground,AI Research Lab,Computers,1.975,1.975,18,6,1
2026-09-13 18:26:48,Research Wing,Ground,AI Research Lab,Lights,0.328,0.328,18,6,1
2026-09-13 18:26:48,Research Wing,Ground,AI Research Lab,Fans,0.187,0.187,18,6,1
2026-09-13 18:26:48,Research Wing,Ground,AI Research Lab,Server Units,4.029,4.029,18,6,1
2026-09-13 18:26:48,Research Wing,Ground,Server Room,AC,4.633,4.633,18,6,1
2026-09-13 18:26:48,Research Wing,Ground,Server Room,Computers,1.761,1.761,18,6,1
2026-09-13 18:26:48,Research Wing,Ground,Server Room,Lights,0.344,0.344,18,6,1
2026-09-13 18:26:48,Research Wing,Ground,Server Room,Fans,0.176,0.176,18,6,1
2026-09-13 18:26:48,Research Wing,Ground,Server Room,Server Units,4.532,4.532,18,6,1
2026-09-13 19:26:48,Main Block,Ground,Lab 101,AC,0.25,0.25,19,6,1
2026-09-13 19:26:48,Main Block,Ground,Lab 101,Computers,0.08,0.08,19,6,1
2026-09-13 19:26:48,Main Block,Ground,Lab 101,Lights,0.02,0.02,19,6,1
2026-09-13 19:26:48,Main Block,Ground,Lab 101,Fans,0.015,0.015,19,6,1
2026-09-13 19:26:48,Main Block,Ground,Lab 101,Server Units,4.178,4.178,19,6,1
2026-09-13 19:26:48,Main Block,First,Computer Lab 201,AC,0.25,0.25,19,6,1
2026-09-13 19:26:48,Main Block,First,Computer Lab 201,Computers,0.08,0.08,19,6,1
2026-09-13 19:26:48,Main Block,First,Computer Lab 201,Lights,0.02,0.02,19,6,1
2026-09-13 19:26:48,Main Block,First,Computer Lab 201,Fans,0.015,0.015,19,6,1
2026-09-13 19:26:48,Main Block,First,Computer Lab 201,Server Units,4.182,4.182,19,6,1
2026-09-13 19:26:48,Research Wing,Ground,AI Research Lab,AC,0.25,0.25,19,6,1
2026-09-13 19:26:48,Research Wing,Ground,AI Research Lab,Computers,0.08,0.08,19,6,1
2026-09-13 19:26:48,Research Wing,Ground,AI Research Lab,Lights,0.02,0.02,19,6,1
2026-09-13 19:26:48,Research Wing,Ground,AI Research Lab,Fans,0.015,0.015,19,6,1
2026-09-13 19:26:48,Research Wing,Ground,AI Research Lab,Server Units,4.515,4.515,19,6,1
2026-09-13 19:26:48,Research Wing,Ground,Server Room,AC,0.25,0.25,19,6,1
2026-09-13 19:26:48,Research Wing,Ground,Server Room,Computers,0.08,0.08,19,6,1
2026-09-13 19:26:48,Research Wing,Ground,Server Room,Lights,0.02,0.02,19,6,1
2026-09-13 19:26:48,Research Wing,Ground,Server Room,Fans,0.015,0.015,19,6,1
2026-09-13 19:26:48,Research Wing,Ground,Server Room,Server Units,4.714,4.714,19,6,1
2026-09-13 20:26:48,Main Block,Ground,Lab 101,AC,0.25,0.25,20,6,1
2026-09-13 20:26:48,Main Block,Ground,Lab 101,Computers,0.08,0.08,20,6,1
2026-09-13 20:26:48,Main Block,Ground,Lab 101,Lights,0.02,0.02,20,6,1
2026-09-13 20:26:48,Main Block,Ground,Lab 101,Fans,0.015,0.015,20,6,1
2026-09-13 20:26:48,Main Block,Ground,Lab 101,Server Units,3.94,3.94,20,6,1
2026-09-13 20:26:48,Main Block,First,Computer Lab 201,AC,0.25,0.25,20,6,1
2026-09-13 20:26:48,Main Block,First,Computer Lab 201,Computers,0.08,0.08,20,6,1
2026-09-13 20:26:48,Main Block,First,Computer Lab 201,Lights,0.02,0.02,20,6,1
2026-09-13 20:26:48,Main Block,First,Computer Lab 201,Fans,0.015,0.015,20,6,1
2026-09-13 20:26:48,Main Block,First,Computer Lab 201,Server Units,4.716,4.716,20,6,1
2026-09-13 20:26:48,Research Wing,Ground,AI Research Lab,AC,0.25,0.25,20,6,1
2026-09-13 20:26:48,Research Wing,Ground,AI Research Lab,Computers,0.08,0.08,20,6,1
2026-09-13 20:26:48,Research Wing,Ground,AI Research Lab,Lights,0.02,0.02,20,6,1
2026-09-13 20:26:48,Research Wing,Ground,AI Research Lab,Fans,0.015,0.015,20,6,1
2026-09-13 20:26:48,Research Wing,Ground,AI Research Lab,Server Units,5.03,5.03,20,6,1
2026-09-13 20:26:48,Research Wing,Ground,Server Room,AC,0.25,0.25,20,6,1
2026-09-13 20:26:48,Research Wing,Ground,Server Room,Computers,0.24,0.24,20,6,1
2026-09-13 20:26:48,Research Wing,Ground,Server Room,Lights,0.02,0.02,20,6,1
2026-09-13 20:26:48,Research Wing,Ground,Server Room,Fans,0.015,0.015,20,6,1
2026-09-13 20:26:48,Research Wing,Ground,Server Room,Server Units,4.06,4.06,20,6,1
2026-09-13 21:26:48,Main Block,Ground,Lab 101,AC,0.25,0.25,21,6,1
2026-09-13 21:26:48,Main Block,Ground,Lab 101,Computers,0.08,0.08,21,6,1
2026-09-13 21:26:48,Main Block,Ground,Lab 101,Lights,0.02,0.02,21,6,1
2026-09-13 21:26:48,Main Block,Ground,Lab 101,Fans,0.015,0.015,21,6,1
2026-09-13 21:26:48,Main Block,Ground,Lab 101,Server Units,4.69,4.69,21,6,1
2026-09-13 21:26:48,Main Block,First,Computer Lab 201,AC,0.25,0.25,21,6,1
2026-09-13 21:26:48,Main Block,First,Computer Lab 201,Computers,0.08,0.08,21,6,1
2026-09-13 21:26:48,Main Block,First,Computer Lab 201,Lights,0.02,0.02,21,6,1
2026-09-13 21:26:48,Main Block,First,Computer Lab 201,Fans,0.045,0.045,21,6,1
2026-09-13 21:26:48,Main Block,First,Computer Lab 201,Server Units,4.888,4.888,21,6,1
2026-09-13 21:26:48,Research Wing,Ground,AI Research Lab,AC,0.25,0.25,21,6,1
2026-09-13 21:26:48,Research Wing,Ground,AI Research Lab,Computers,0.08,0.08,21,6,1
2026-09-13 21:26:48,Research Wing,Ground,AI Research Lab,Lights,0.02,0.02,21,6,1
2026-09-13 21:26:48,Research Wing,Ground,AI Research Lab,Fans,0.015,0.015,21,6,1
2026-09-13 21:26:48,Research Wing,Ground,AI Research Lab,Server Units,3.861,3.861,21,6,1
2026-09-13 21:26:48,Research Wing,Ground,Server Room,AC,0.25,0.25,21,6,1
2026-09-13 21:26:48,Research Wing,Ground,Server Room,Computers,0.08,0.08,21,6,1
2026-09-13 21:26:48,Research Wing,Ground,Server Room,Lights,0.02,0.02,21,6,1
2026-09-13 21:26:48,Research Wing,Ground,Server Room,Fans,0.015,0.015,21,6,1
2026-09-13 21:26:48,Research Wing,Ground,Server Room,Server Units,4.697,4.697,21,6,1
2026-09-13 22:26:48,Main Block,Ground,Lab 101,AC,0.25,0.25,22,6,1
2026-09-13 22:26:48,Main Block,Ground,Lab 101,Computers,0.08,0.08,22,6,1
2026-09-13 22:26:48,Main Block,Ground,Lab 101,Lights,0.02,0.02,22,6,1
2026-09-13 22:26:48,Main Block,Ground,Lab 101,Fans,0.015,0.015,22,6,1
2026-09-13 22:26:48,Main Block,Ground,Lab 101,Server Units,4.117,4.117,22,6,1
2026-09-13 22:26:48,Main Block,First,Computer Lab 201,AC,0.25,0.25,22,6,1
2026-09-13 22:26:48,Main Block,First,Computer Lab 201,Computers,0.08,0.08,22,6,1
2026-09-13 22:26:48,Main Block,First,Computer Lab 201,Lights,0.02,0.02,22,6,1
2026-09-13 22:26:48,Main Block,First,Computer Lab 201,Fans,0.015,0.015,22,6,1
2026-09-13 22:26:48,Main Block,First,Computer Lab 201,Server Units,5.024,5.024,22,6,1
2026-09-13 22:26:48,Research Wing,Ground,AI Research Lab,AC,0.25,0.25,22,6,1
2026-09-13 22:26:48,Research Wing,Ground,AI Research Lab,Computers,0.08,0.08,22,6,1
2026-09-13 22:26:48,Research Wing,Ground,AI Research Lab,Lights,0.02,0.02,22,6,1
2026-09-13 22:26:48,Research Wing,Ground,AI Research Lab,Fans,0.015,0.015,22,6,1
2026-09-13 22:26:48,Research Wing,Ground,AI Research Lab,Server Units,4.744,4.744,22,6,1
2026-09-13 22:26:48,Research Wing,Ground,Server Room,AC,0.25,0.25,22,6,1
2026-09-13 22:26:48,Research Wing,Ground,Server Room,Computers,0.24,0.24,22,6,1
2026-09-13 22:26:48,Research Wing,Ground,Server Room,Lights,0.02,0.02,22,6,1
2026-09-13 22:26:48,Research Wing,Ground,Server Room,Fans,0.015,0.015,22,6,1
2026-09-13 22:26:48,Research Wing,Ground,Server Room,Server Units,4.742,4.742,22,6,1
2026-09-13 23:26:48,Main Block,Ground,Lab 101,AC,0.25,0.25,23,6,1
2026-09-13 23:26:48,Main Block,Ground,Lab 101,Computers,0.08,0.08,23,6,1
2026-09-13 23:26:48,Main Block,Ground,Lab 101,Lights,0.02,0.02,23,6,1
2026-09-13 23:26:48,Main Block,Ground,Lab 101,Fans,0.015,0.015,23,6,1
2026-09-13 23:26:48,Main Block,Ground,Lab 101,Server Units,4.352,4.352,23,6,1
2026-09-13 23:26:48,Main Block,First,Computer Lab 201,AC,0.25,0.25,23,6,1
2026-09-13 23:26:48,Main Block,First,Computer Lab 201,Computers,0.08,0.08,23,6,1
2026-09-13 23:26:48,Main Block,First,Computer Lab 201,Lights,0.02,0.02,23,6,1
2026-09-13 23:26:48,Main Block,First,Computer Lab 201,Fans,0.015,0.015,23,6,1
2026-09-13 23:26:48,Main Block,First,Computer Lab 201,Server Units,4.359,4.359,23,6,1
2026-09-13 23:26:48,Research Wing,Ground,AI Research Lab,AC,0.25,0.25,23,6,1
2026-09-13 23:26:48,Research Wing,Ground,AI Research Lab,Computers,0.24,0.24,23,6,1
2026-09-13 23:26:48,Research Wing,Ground,AI Research Lab,Lights,0.02,0.02,23,6,1
2026-09-13 23:26:48,Research Wing,Ground,AI Research Lab,Fans,0.015,0.015,23,6,1
2026-09-13 23:26:48,Research Wing,Ground,AI Research Lab,Server Units,4.389,4.389,23,6,1
2026-09-13 23:26:48,Research Wing,Ground,Server Room,AC,0.25,0.25,23,6,1
2026-09-13 23:26:48,Research Wing,Ground,Server Room,Computers,0.08,0.08,23,6,1
2026-09-13 23:26:48,Research Wing,Ground,Server Room,Lights,0.02,0.02,23,6,1
2026-09-13 23:26:48,Research Wing,Ground,Server Room,Fans,0.015,0.015,23,6,1
2026-09-13 23:26:48,Research Wing,Ground,Server Room,Server Units,4.586,4.586,23,6,1
2026-09-14 00:26:48,Main Block,Ground,Lab 101,AC,0.25,0.25,0,0,0
2026-09-14 00:26:48,Main Block,Ground,Lab 101,Computers,0.08,0.08,0,0,0
2026-09-14 00:26:48,Main Block,Ground,Lab 101,Lights,0.02,0.02,0,0,0
2026-09-14 00:26:48,Main Block,Ground,Lab 101,Fans,0.015,0.015,0,0,0
2026-09-14 00:26:48,Main Block,Ground,Lab 101,Server Units,4.487,4.487,0,0,0
2026-09-14 00:26:48,Main Block,First,Computer Lab 201,AC,0.25,0.25,0,0,0
2026-09-14 00:26:48,Main Block,First,Computer Lab 201,Computers,0.08,0.08,0,0,0
2026-09-14 00:26:48,Main Block,First,Computer Lab 201,Lights,0.02,0.02,0,0,0
2026-09-14 00:26:48,Main Block,First,Computer Lab 201,Fans,0.015,0.015,0,0,0
2026-09-14 00:26:48,Main Block,First,Computer Lab 201,Server Units,4.413,4.413,0,0,0
2026-09-14 00:26:48,Research Wing,Ground,AI Research Lab,AC,0.25,0.25,0,0,0
2026-09-14 00:26:48,Research Wing,Ground,AI Research Lab,Computers,0.08,0.08,0,0,0
2026-09-14 00:26:48,Research Wing,Ground,AI Research Lab,Lights,0.02,0.02,0,0,0
2026-09-14 00:26:48,Research Wing,Ground,AI Research Lab,Fans,0.015,0.015,0,0,0
2026-09-14 00:26:48,Research Wing,Ground,AI Research Lab,Server Units,4.711,4.711,0,0,0
2026-09-14 00:26:48,Research Wing,Ground,Server Room,AC,0.25,0.25,0,0,0
2026-09-14 00:26:48,Research Wing,Ground,Server Room,Computers,0.08,0.08,0,0,0
2026-09-14 00:26:48,Research Wing,Ground,Server Room,Lights,0.02,0.02,0,0,0
2026-09-14 00:26:48,Research Wing,Ground,Server Room,Fans,0.015,0.015,0,0,0
2026-09-14 00:26:48,Research Wing,Ground,Server Room,Server Units,4.661,4.661,0,0,0
2026-09-14 01:26:48,Main Block,Ground,Lab 101,AC,0.25,0.25,1,0,0
2026-09-14 01:26:48,Main Block,Ground,Lab 101,Computers,0.08,0.08,1,0,0
2026-09-14 01:26:48,Main Block,Ground,Lab 101,Lights,0.02,0.02,1,0,0
2026-09-14 01:26:48,Main Block,Ground,Lab 101,Fans,0.015,0.015,1,0,0
2026-09-14 01:26:48,Main Block,Ground,Lab 101,Server Units,4.535,4.535,1,0,0
2026-09-14 01:26:48,Main Block,First,Computer Lab 201,AC,0.25,0.25,1,0,0
2026-09-14 01:26:48,Main Block,First,Computer Lab 201,Computers,0.24,0.24,1,0,0
2026-09-14 01:26:48,Main Block,First,Computer Lab 201,Lights,0.02,0.02,1,0,0
2026-09-14 01:26:48,Main Block,First,Computer Lab 201,Fans,0.015,0.015,1,0,0
2026-09-14 01:26:48,Main Block,First,Computer Lab 201,Server Units,4.95,4.95,1,0,0
2026-09-14 01:26:48,Research Wing,Ground,AI Research Lab,AC,0.25,0.25,1,0,0
2026-09-14 01:26:48,Research Wing,Ground,AI Research Lab,Computers,0.08,0.08,1,0,0
2026-09-14 01:26:48,Research Wing,Ground,AI Research Lab,Lights,0.02,0.02,1,0,0
2026-09-14 01:26:48,Research Wing,Ground,AI Research Lab,Fans,0.015,0.015,1,0,0
2026-09-14 01:26:48,Research Wing,Ground,AI Research Lab,Server Units,4.298,4.298,1,0,0
2026-09-14 01:26:48,Research Wing,Ground,Server Room,AC,0.25,0.25,1,0,0
2026-09-14 01:26:48,Research Wing,Ground,Server Room,Computers,0.08,0.08,1,0,0
2026-09-14 01:26:48,Research Wing,Ground,Server Room,Lights,0.02,0.02,1,0,0
2026-09-14 01:26:48,Research Wing,Ground,Server Room,Fans,0.015,0.015,1,0,0
2026-09-14 01:26:48,Research Wing,Ground,Server Room,Server Units,4.245,4.245,1,0,0
2026-09-14 02:26:48,Main Block,Ground,Lab 101,AC,0.25,0.25,2,0,0
2026-09-14 02:26:48,Main Block,Ground,Lab 101,Computers,0.08,0.08,2,0,0
2026-09-14 02:26:48,Main Block,Ground,Lab 101,Lights,0.02,0.02,2,0,0
2026-09-14 02:26:48,Main Block,Ground,Lab 101,Fans,0.015,0.015,2,0,0
2026-09-14 02:26:48,Main Block,Ground,Lab 101,Server Units,4.58,4.58,2,0,0
2026-09-14 02:26:48,Main Block,First,Computer Lab 201,AC,0.25,0.25,2,0,0
2026-09-14 02:26:48,Main Block,First,Computer Lab 201,Computers,0.08,0.08,2,0,0
2026-09-14 02:26:48,Main Block,First,Computer Lab 201,Lights,0.02,0.02,2,0,0
2026-09-14 02:26:48,Main Block,First,Computer Lab 201,Fans,0.015,0.015,2,0,0
2026-09-14 02:26:48,Main Block,First,Computer Lab 201,Server Units,4.265,4.265,2,0,0
2026-09-14 02:26:48,Research Wing,Ground,AI Research Lab,AC,0.25,0.25,2,0,0
2026-09-14 02:26:48,Research Wing,Ground,AI Research Lab,Computers,0.08,0.08,2,0,0
2026-09-14 02:26:48,Research Wing,Ground,AI Research Lab,Lights,0.06,0.06,2,0,0
2026-09-14 02:26:48,Research Wing,Ground,AI Research Lab,Fans,0.015,0.015,2,0,0
2026-09-14 02:26:48,Research Wing,Ground,AI Research Lab,Server Units,4.659,4.659,2,0,0
2026-09-14 02:26:48,Research Wing,Ground,Server Room,AC,0.25,0.25,2,0,0
2026-09-14 02:26:48,Research Wing,Ground,Server Room,Computers,0.08,0.08,2,0,0
2026-09-14 02:26:48,Research Wing,Ground,Server Room,Lights,0.02,0.02,2,0,0
2026-09-14 02:26:48,Research Wing,Ground,Server Room,Fans,0.015,0.015,2,0,0
2026-09-14 02:26:48,Research Wing,Ground,Server Room,Server Units,4.669,4.669,2,0,0
2026-09-14 03:26:48,Main Block,Ground,Lab 101,AC,0.25,0.25,3,0,0
2026-09-14 03:26:48,Main Block,Ground,Lab 101,Computers,0.08,0.08,3,0,0
2026-09-14 03:26:48,Main Block,Ground,Lab 101,Lights,0.02,0.02,3,0,0
2026-09-14 03:26:48,Main Block,Ground,Lab 101,Fans,0.015,0.015,3,0,0
2026-09-14 03:26:48,Main Block,Ground,Lab 101,Server Units,3.985,3.985,3,0,0
2026-09-14 03:26:48,Main Block,First,Computer Lab 201,AC,0.25,0.25,3,0,0
2026-09-14 03:26:48,Main Block,First,Computer Lab 201,Computers,0.08,0.08,3,0,0
2026-09-14 03:26:48,Main Block,First,Computer Lab 201,Lights,0.02,0.02,3,0,0
2026-09-14 03:26:48,Main Block,First,Computer Lab 201,Fans,0.015,0.015,3,0,0
2026-09-14 03:26:48,Main Block,First,Computer Lab 201,Server Units,4.28,4.28,3,0,0
2026-09-14 03:26:48,Research Wing,Ground,AI Research Lab,AC,0.25,0.25,3,0,0
2026-09-14 03:26:48,Research Wing,Ground,AI Research Lab,Computers,0.08,0.08,3,0,0
2026-09-14 03:26:48,Research Wing,Ground,AI Research Lab,Lights,0.02,0.02,3,0,0
2026-09-14 03:26:48,Research Wing,Ground,AI Research Lab,Fans,0.015,0.015,3,0,0
2026-09-14 03:26:48,Research Wing,Ground,AI Research Lab,Server Units,4.239,4.239,3,0,0
2026-09-14 03:26:48,Research Wing,Ground,Server Room,AC,0.25,0.25,3,0,0
2026-09-14 03:26:48,Research Wing,Ground,Server Room,Computers,0.08,0.08,3,0,0
2026-09-14 03:26:48,Research Wing,Ground,Server Room,Lights,0.02,0.02,3,0,0
2026-09-14 03:26:48,Research Wing,Ground,Server Room,Fans,0.015,0.015,3,0,0
2026-09-14 03:26:48,Research Wing,Ground,Server Room,Server Units,3.873,3.873,3,0,0
2026-09-14 04:26:48,Main Block,Ground,Lab 101,AC,0.25,0.25,4,0,0
2026-09-14 04:26:48,Main Block,Ground,Lab 101,Computers,0.24,0.24,4,0,0
2026-09-14 04:26:48,Main Block,Ground,Lab 101,Lights,0.02,0.02,4,0,0
2026-09-14 04:26:48,Main Block,Ground,Lab 101,Fans,0.015,0.015,4,0,0
2026-09-14 04:26:48,Main Block,Ground,Lab 101,Server Units,3.868,3.868,4,0,0
2026-09-14 04:26:48,Main Block,First,Computer Lab 201,AC,0.75,0.75,4,0,0
2026-09-14 04:26:48,Main Block,First,Computer Lab 201,Computers,0.08,0.08,4,0,0
2026-09-14 04:26:48,Main Block,First,Computer Lab 201,Lights,0.02,0.02,4,0,0
2026-09-14 04:26:48,Main Block,First,Computer Lab 201,Fans,0.015,0.015,4,0,0
2026-09-14 04:26:48,Main Block,First,Computer Lab 201,Server Units,4.97,4.97,4,0,0
2026-09-14 04:26:48,Research Wing,Ground,AI Research Lab,AC,0.25,0.25,4,0,0
2026-09-14 04:26:48,Research Wing,Ground,AI Research Lab,Computers,0.08,0.08,4,0,0
2026-09-14 04:26:48,Research Wing,Ground,AI Research Lab,Lights,0.02,0.02,4,0,0
2026-09-14 04:26:48,Research Wing,Ground,AI Research Lab,Fans,0.015,0.015,4,0,0
2026-09-14 04:26:48,Research Wing,Ground,AI Research Lab,Server Units,5.059,5.059,4,0,0
2026-09-14 04:26:48,Research Wing,Ground,Server Room,AC,0.25,0.25,4,0,0
2026-09-14 04:26:48,Research Wing,Ground,Server Room,Computers,0.08,0.08,4,0,0
2026-09-14 04:26:48,Research Wing,Ground,Server Room,Lights,0.02,0.02,4,0,0
2026-09-14 04:26:48,Research Wing,Ground,Server Room,Fans,0.015,0.015,4,0,0
2026-09-14 04:26:48,Research Wing,Ground,Server Room,Server Units,4.21,4.21,4,0,0
2026-09-14 05:26:48,Main Block,Ground,Lab 101,AC,0.25,0.25,5,0,0
2026-09-14 05:26:48,Main Block,Ground,Lab 101,Computers,0.08,0.08,5,0,0
2026-09-14 05:26:48,Main Block,Ground,Lab 101,Lights,0.02,0.02,5,0,0
2026-09-14 05:26:48,Main Block,Ground,Lab 101,Fans,0.015,0.015,5,0,0
2026-09-14 05:26:48,Main Block,Ground,Lab 101,Server Units,4.912,4.912,5,0,0
2026-09-14 05:26:48,Main Block,First,Computer Lab 201,AC,0.25,0.25,5,0,0
2026-09-14 05:26:48,Main Block,First,Computer Lab 201,Computers,0.08,0.08,5,0,0
2026-09-14 05:26:48,Main Block,First,Computer Lab 201,Lights,0.02,0.02,5,0,0
2026-09-14 05:26:48,Main Block,First,Computer Lab 201,Fans,0.015,0.015,5,0,0
2026-09-14 05:26:48,Main Block,First,Computer Lab 201,Server Units,4.816,4.816,5,0,0
2026-09-14 05:26:48,Research Wing,Ground,AI Research Lab,AC,0.25,0.25,5,0,0
2026-09-14 05:26:48,Research Wing,Ground,AI Research Lab,Computers,0.08,0.08,5,0,0
2026-09-14 05:26:48,Research Wing,Ground,AI Research Lab,Lights,0.02,0.02,5,0,0
2026-09-14 05:26:48,Research Wing,Ground,AI Research Lab,Fans,0.015,0.015,5,0,0
2026-09-14 05:26:48,Research Wing,Ground,AI Research Lab,Server Units,3.988,3.988,5,0,0
2026-09-14 05:26:48,Research Wing,Ground,Server Room,AC,0.25,0.25,5,0,0
2026-09-14 05:26:48,Research Wing,Ground,Server Room,Computers,0.08,0.08,5,0,0
2026-09-14 05:26:48,Research Wing,Ground,Server Room,Lights,0.06,0.06,5,0,0
2026-09-14 05:26:48,Research Wing,Ground,Server Room,Fans,0.015,0.015,5,0,0
2026-09-14 05:26:48,Research Wing,Ground,Server Room,Server Units,3.8,3.8,5,0,0
2026-09-14 06:26:48,Main Block,Ground,Lab 101,AC,0.25,0.25,6,0,0
2026-09-14 06:26:48,Main Block,Ground,Lab 101,Computers,0.08,0.08,6,0,0
2026-09-14 06:26:48,Main Block,Ground,Lab 101,Lights,0.02,0.02,6,0,0
2026-09-14 06:26:48,Main Block,Ground,Lab 101,Fans,0.015,0.015,6,0,0
2026-09-14 06:26:48,Main Block,Ground,Lab 101,Server Units,4.549,4.549,6,0,0
2026-09-14 06:26:48,Main Block,First,Computer Lab 201,AC,0.25,0.25,6,0,0
2026-09-14 06:26:48,Main Block,First,Computer Lab 201,Computers,0.08,0.08,6,0,0
2026-09-14 06:26:48,Main Block,First,Computer Lab 201,Lights,0.02,0.02,6,0,0
2026-09-14 06:26:48,Main Block,First,Computer Lab 201,Fans,0.015,0.015,6,0,0
2026-09-14 06:26:48,Main Block,First,Computer Lab 201,Server Units,4.871,4.871,6,0,0
2026-09-14 06:26:48,Research Wing,Ground,AI Research Lab,AC,0.25,0.25,6,0,0
2026-09-14 06:26:48,Research Wing,Ground,AI Research Lab,Computers,0.08,0.08,6,0,0
2026-09-14 06:26:48,Research Wing,Ground,AI Research Lab,Lights,0.02,0.02,6,0,0
2026-09-14 06:26:48,Research Wing,Ground,AI Research Lab,Fans,0.015,0.015,6,0,0
2026-09-14 06:26:48,Research Wing,Ground,AI Research Lab,Server Units,4.426,4.426,6,0,0
2026-09-14 06:26:48,Research Wing,Ground,Server Room,AC,0.25,0.25,6,0,0
2026-09-14 06:26:48,Research Wing,Ground,Server Room,Computers,0.08,0.08,6,0,0
2026-09-14 06:26:48,Research Wing,Ground,Server Room,Lights,0.02,0.02,6,0,0
2026-09-14 06:26:48,Research Wing,Ground,Server Room,Fans,0.015,0.015,6,0,0
2026-09-14 06:26:48,Research Wing,Ground,Server Room,Server Units,4.138,4.138,6,0,0
2026-09-14 07:26:48,Main Block,Ground,Lab 101,AC,0.25,0.25,7,0,0
2026-09-14 07:26:48,Main Block,Ground,Lab 101,Computers,0.08,0.08,7,0,0
2026-09-14 07:26:48,Main Block,Ground,Lab 101,Lights,0.02,0.02,7,0,0
2026-09-14 07:26:48,Main Block,Ground,Lab 101,Fans,0.015,0.015,7,0,0
2026-09-14 07:26:48,Main Block,Ground,Lab 101,Server Units,3.893,3.893,7,0,0
2026-09-14 07:26:48,Main Block,First,Computer Lab 201,AC,0.25,0.25,7,0,0
2026-09-14 07:26:48,Main Block,First,Computer Lab 201,Computers,0.08,0.08,7,0,0
2026-09-14 07:26:48,Main Block,First,Computer Lab 201,Lights,0.02,0.02,7,0,0
2026-09-14 07:26:48,Main Block,First,Computer Lab 201,Fans,0.015,0.015,7,0,0
2026-09-14 07:26:48,Main Block,First,Computer Lab 201,Server Units,3.858,3.858,7,0,0
2026-09-14 07:26:48,Research Wing,Ground,AI Research Lab,AC,0.25,0.25,7,0,0
2026-09-14 07:26:48,Research Wing,Ground,AI Research Lab,Computers,0.08,0.08,7,0,0
2026-09-14 07:26:48,Research Wing,Ground,AI Research Lab,Lights,0.02,0.02,7,0,0
2026-09-14 07:26:48,Research Wing,Ground,AI Research Lab,Fans,0.015,0.015,7,0,0
2026-09-14 07:26:48,Research Wing,Ground,AI Research Lab,Server Units,4.752,4.752,7,0,0
2026-09-14 07:26:48,Research Wing,Ground,Server Room,AC,0.25,0.25,7,0,0
2026-09-14 07:26:48,Research Wing,Ground,Server Room,Computers,0.08,0.08,7,0,0
2026-09-14 07:26:48,Research Wing,Ground,Server Room,Lights,0.02,0.02,7,0,0
2026-09-14 07:26:48,Research Wing,Ground,Server Room,Fans,0.015,0.015,7,0,0
2026-09-14 07:26:48,Research Wing,Ground,Server Room,Server Units,3.919,3.919,7,0,0
2026-09-14 08:26:48,Main Block,Ground,Lab 101,AC,4.804,4.804,8,0,0
2026-09-14 08:26:48,Main Block,Ground,Lab 101,Computers,2.115,2.115,8,0,0
2026-09-14 08:26:48,Main Block,Ground,Lab 101,Lights,0.339,0.339,8,0,0
2026-09-14 08:26:48,Main Block,Ground,Lab 101,Fans,0.201,0.201,8,0,0
2026-09-14 08:26:48,Main Block,Ground,Lab 101,Server Units,4.238,4.238,8,0,0
2026-09-14 08:26:48,Main Block,First,Computer Lab 201,AC,4.819,4.819,8,0,0
2026-09-14 08:26:48,Main Block,First,Computer Lab 201,Computers,2.085,2.085,8,0,0
2026-09-14 08:26:48,Main Block,First,Computer Lab 201,Lights,0.332,0.332,8,0,0
2026-09-14 08:26:48,Main Block,First,Computer Lab 201,Fans,0.179,0.179,8,0,0
2026-09-14 08:26:48,Main Block,First,Computer Lab 201,Server Units,3.856,3.856,8,0,0
2026-09-14 08:26:48,Research Wing,Ground,AI Research Lab,AC,4.825,4.825,8,0,0
2026-09-14 08:26:48,Research Wing,Ground,AI Research Lab,Computers,2.147,2.147,8,0,0
2026-09-14 08:26:48,Research Wing,Ground,AI Research Lab,Lights,0.288,0.288,8,0,0
2026-09-14 08:26:48,Research Wing,Ground,AI Research Lab,Fans,0.222,0.222,8,0,0
2026-09-14 08:26:48,Research Wing,Ground,AI Research Lab,Server Units,3.742,3.742,8,0,0
2026-09-14 08:26:48,Research Wing,Ground,Server Room,AC,4.548,4.548,8,0,0
2026-09-14 08:26:48,Research Wing,Ground,Server Room,Computers,2.288,2.288,8,0,0
2026-09-14 08:26:48,Research Wing,Ground,Server Room,Lights,0.288,0.288,8,0,0
2026-09-14 08:26:48,Research Wing,Ground,Server Room,Fans,0.212,0.212,8,0,0
2026-09-14 08:26:48,Research Wing,Ground,Server Room,Server Units,4.534,4.534,8,0,0
2026-09-14 09:26:48,Main Block,Ground,Lab 101,AC,4.359,4.359,9,0,0
2026-09-14 09:26:48,Main Block,Ground,Lab 101,Computers,1.976,1.976,9,0,0
2026-09-14 09:26:48,Main Block,Ground,Lab 101,Lights,0.34,0.34,9,0,0
2026-09-14 09:26:48,Main Block,Ground,Lab 101,Fans,0.195,0.195,9,0,0
2026-09-14 09:26:48,Main Block,Ground,Lab 101,Server Units,4.534,4.534,9,0,0
2026-09-14 09:26:48,Main Block,First,Computer Lab 201,AC,4.723,4.723,9,0,0
2026-09-14 09:26:48,Main Block,First,Computer Lab 201,Computers,2.122,2.122,9,0,0
2026-09-14 09:26:48,Main Block,First,Computer Lab 201,Lights,0.283,0.283,9,0,0
2026-09-14 09:26:48,Main Block,First,Computer Lab 201,Fans,0.173,0.173,9,0,0
2026-09-14 09:26:48,Main Block,First,Computer Lab 201,Server Units,4.673,4.673,9,0,0
2026-09-14 09:26:48,Research Wing,Ground,AI Research Lab,AC,4.944,4.944,9,0,0
2026-09-14 09:26:48,Research Wing,Ground,AI Research Lab,Computers,2.122,2.122,9,0,0
2026-09-14 09:26:48,Research Wing,Ground,AI Research Lab,Lights,0.343,0.343,9,0,0
2026-09-14 09:26:48,Research Wing,Ground,AI Research Lab,Fans,0.214,0.214,9,0,0
2026-09-14 09:26:48,Research Wing,Ground,AI Research Lab,Server Units,4.707,4.707,9,0,0
2026-09-14 09:26:48,Research Wing,Ground,Server Room,AC,4.771,4.771,9,0,0
2026-09-14 09:26:48,Research Wing,Ground,Server Room,Computers,2.219,2.219,9,0,0
2026-09-14 09:26:48,Research Wing,Ground,Server Room,Lights,0.299,0.299,9,0,0
2026-09-14 09:26:48,Research Wing,Ground,Server Room,Fans,0.223,0.223,9,0,0
2026-09-14 09:26:48,Research Wing,Ground,Server Room,Server Units,4.86,4.86,9,0,0
2026-09-14 10:26:48,Main Block,Ground,Lab 101,AC,4.565,4.565,10,0,0
2026-09-14 10:26:48,Main Block,Ground,Lab 101,Computers,2.107,2.107,10,0,0
2026-09-14 10:26:48,Main Block,Ground,Lab 101,Lights,0.323,0.323,10,0,0
2026-09-14 10:26:48,Main Block,Ground,Lab 101,Fans,0.197,0.197,10,0,0
2026-09-14 10:26:48,Main Block,Ground,Lab 101,Server Units,4.659,4.659,10,0,0
2026-09-14 10:26:48,Main Block,First,Computer Lab 201,AC,4.981,4.981,10,0,0
2026-09-14 10:26:48,Main Block,First,Computer Lab 201,Computers,1.779,1.779,10,0,0
2026-09-14 10:26:48,Main Block,First,Computer Lab 201,Lights,0.307,0.307,10,0,0
2026-09-14 10:26:48,Main Block,First,Computer Lab 201,Fans,0.215,0.215,10,0,0
2026-09-14 10:26:48,Main Block,First,Computer Lab 201,Server Units,4.344,4.344,10,0,0
2026-09-14 10:26:48,Research Wing,Ground,AI Research Lab,AC,4.011,4.011,10,0,0
2026-09-14 10:26:48,Research Wing,Ground,AI Research Lab,Computers,1.875,1.875,10,0,0
2026-09-14 10:26:48,Research Wing,Ground,AI Research Lab,Lights,0.275,0.275,10,0,0
2026-09-14 10:26:48,Research Wing,Ground,AI Research Lab,Fans,0.626,0.626,10,0,0
2026-09-14 10:26:48,Research Wing,Ground,AI Research Lab,Server Units,4.698,4.698,10,0,0
2026-09-14 10:26:48,Research Wing,Ground,Server Room,AC,4.741,4.741,10,0,0
2026-09-14 10:26:48,Research Wing,Ground,Server Room,Computers,1.789,1.789,10,0,0
2026-09-14 10:26:48,Research Wing,Ground,Server Room,Lights,0.293,0.293,10,0,0
2026-09-14 10:26:48,Research Wing,Ground,Server Room,Fans,0.22,0.22,10,0,0
2026-09-14 10:26:48,Research Wing,Ground,Server Room,Server Units,5.026,5.026,10,0,0
2026-09-14 11:26:48,Main Block,Ground,Lab 101,AC,3.896,3.896,11,0,0
2026-09-14 11:26:48,Main Block,Ground,Lab 101,Computers,2.09,2.09,11,0,0
2026-09-14 11:26:48,Main Block,Ground,Lab 101,Lights,0.342,0.342,11,0,0
2026-09-14 11:26:48,Main Block,Ground,Lab 101,Fans,0.189,0.189,11,0,0
2026-09-14 11:26:48,Main Block,Ground,Lab 101,Server Units,4.058,4.058,11,0,0
2026-09-14 11:26:48,Main Block,First,Computer Lab 201,AC,4.754,4.754,11,0,0
2026-09-14 11:26:48,Main Block,First,Computer Lab 201,Computers,2.092,2.092,11,0,0
2026-09-14 11:26:48,Main Block,First,Computer Lab 201,Lights,0.317,0.317,11,0,0
2026-09-14 11:26:48,Main Block,First,Computer Lab 201,Fans,0.204,0.204,11,0,0
2026-09-14 11:26:48,Main Block,First,Computer Lab 201,Server Units,4.882,4.882,11,0,0
2026-09-14 11:26:48,Research Wing,Ground,AI Research Lab,AC,4.197,4.197,11,0,0
2026-09-14 11:26:48,Research Wing,Ground,AI Research Lab,Computers,1.92,1.92,11,0,0
2026-09-14 11:26:48,Research Wing,Ground,AI Research Lab,Lights,0.262,0.262,11,0,0
2026-09-14 11:26:48,Research Wing,Ground,AI Research Lab,Fans,0.205,0.205,11,0,0
2026-09-14 11:26:48,Research Wing,Ground,AI Research Lab,Server Units,3.77,3.77,11,0,0
2026-09-14 11:26:48,Research Wing,Ground,Server Room,AC,4.598,4.598,11,0,0
2026-09-14 11:26:48,Research Wing,Ground,Server Room,Computers,2.147,2.147,11,0,0
2026-09-14 11:26:48,Research Wing,Ground,Server Room,Lights,0.271,0.271,11,0,0
2026-09-14 11:26:48,Research Wing,Ground,Server Room,Fans,0.203,0.203,11,0,0
2026-09-14 11:26:48,Research Wing,Ground,Server Room,Server Units,4.494,4.494,11,0,0
2026-09-14 12:26:48,Main Block,Ground,Lab 101,AC,3.911,3.911,12,0,0
2026-09-14 12:26:48,Main Block,Ground,Lab 101,Computers,2.177,2.177,12,0,0
2026-09-14 12:26:48,Main Block,Ground,Lab 101,Lights,0.984,0.984,12,0,0
2026-09-14 12:26:48,Main Block,Ground,Lab 101,Fans,0.198,0.198,12,0,0
2026-09-14 12:26:48,Main Block,Ground,Lab 101,Server Units,4.812,4.812,12,0,0
2026-09-14 12:26:48,Main Block,First,Computer Lab 201,AC,4.526,4.526,12,0,0
2026-09-14 12:26:48,Main Block,First,Computer Lab 201,Computers,2.128,2.128,12,0,0
2026-09-14 12:26:48,Main Block,First,Computer Lab 201,Lights,0.266,0.266,12,0,0
2026-09-14 12:26:48,Main Block,First,Computer Lab 201,Fans,0.222,0.222,12,0,0
2026-09-14 12:26:48,Main Block,First,Computer Lab 201,Server Units,3.978,3.978,12,0,0
2026-09-14 12:26:48,Research Wing,Ground,AI Research Lab,AC,4.068,4.068,12,0,0
2026-09-14 12:26:48,Research Wing,Ground,AI Research Lab,Computers,2.18,2.18,12,0,0
2026-09-14 12:26:48,Research Wing,Ground,AI Research Lab,Lights,0.267,0.267,12,0,0
2026-09-14 12:26:48,Research Wing,Ground,AI Research Lab,Fans,0.175,0.175,12,0,0
2026-09-14 12:26:48,Research Wing,Ground,AI Research Lab,Server Units,4.864,4.864,12,0,0
2026-09-14 12:26:48,Research Wing,Ground,Server Room,AC,5.148,5.148,12,0,0
2026-09-14 12:26:48,Research Wing,Ground,Server Room,Computers,1.918,1.918,12,0,0
2026-09-14 12:26:48,Research Wing,Ground,Server Room,Lights,0.293,0.293,12,0,0
2026-09-14 12:26:48,Research Wing,Ground,Server Room,Fans,0.166,0.166,12,0,0
2026-09-14 12:26:48,Research Wing,Ground,Server Room,Server Units,4.989,4.989,12,0,0
2026-09-14 13:26:48,Main Block,Ground,Lab 101,AC,4.882,4.882,13,0,0
2026-09-14 13:26:48,Main Block,Ground,Lab 101,Computers,1.967,1.967,13,0,0
2026-09-14 13:26:48,Main Block,Ground,Lab 101,Lights,0.318,0.318,13,0,0
2026-09-14 13:26:48,Main Block,Ground,Lab 101,Fans,0.223,0.223,13,0,0
2026-09-14 13:26:48,Main Block,Ground,Lab 101,Server Units,4.45,4.45,13,0,0
2026-09-14 13:26:48,Main Block,First,Computer Lab 201,AC,3.959,3.959,13,0,0
2026-09-14 13:26:48,Main Block,First,Computer Lab 201,Computers,1.842,1.842,13,0,0
2026-09-14 13:26:48,Main Block,First,Computer Lab 201,Lights,0.282,0.282,13,0,0
2026-09-14 13:26:48,Main Block,First,Computer Lab 201,Fans,0.222,0.222,13,0,0
2026-09-14 13:26:48,Main Block,First,Computer Lab 201,Server Units,4.025,4.025,13,0,0
2026-09-14 13:26:48,Research Wing,Ground,AI Research Lab,AC,3.998,3.998,13,0,0
2026-09-14 13:26:48,Research Wing,Ground,AI Research Lab,Computers,1.745,1.745,13,0,0
2026-09-14 13:26:48,Research Wing,Ground,AI Research Lab,Lights,0.289,0.289,13,0,0
2026-09-14 13:26:48,Research Wing,Ground,AI Research Lab,Fans,0.189,0.189,13,0,0
2026-09-14 13:26:48,Research Wing,Ground,AI Research Lab,Server Units,4.076,4.076,13,0,0
2026-09-14 13:26:48,Research Wing,Ground,Server Room,AC,4.763,4.763,13,0,0
2026-09-14 13:26:48,Research Wing,Ground,Server Room,Computers,1.742,1.742,13,0,0
2026-09-14 13:26:48,Research Wing,Ground,Server Room,Lights,0.345,0.345,13,0,0
2026-09-14 13:26:48,Research Wing,Ground,Server Room,Fans,0.177,0.177,13,0,0
2026-09-14 13:26:48,Research Wing,Ground,Server Room,Server Units,4.608,4.608,13,0,0
2026-09-14 14:26:48,Main Block,Ground,Lab 101,AC,4.642,4.642,14,0,0
2026-09-14 14:26:48,Main Block,Ground,Lab 101,Computers,1.792,1.792,14,0,0
2026-09-14 14:26:48,Main Block,Ground,Lab 101,Lights,0.294,0.294,14,0,0
2026-09-14 14:26:48,Main Block,Ground,Lab 101,Fans,0.201,0.201,14,0,0
2026-09-14 14:26:48,Main Block,Ground,Lab 101,Server Units,3.905,3.905,14,0,0
2026-09-14 14:26:48,Main Block,First,Computer Lab 201,AC,4.565,4.565,14,0,0
2026-09-14 14:26:48,Main Block,First,Computer Lab 201,Computers,2.084,2.084,14,0,0
2026-09-14 14:26:48,Main Block,First,Computer Lab 201,Lights,0.285,0.285,14,0,0
2026-09-14 14:26:48,Main Block,First,Computer Lab 201,Fans,0.217,0.217,14,0,0
2026-09-14 14:26:48,Main Block,First,Computer Lab 201,Server Units,3.753,3.753,14,0,0
2026-09-14 14:26:48,Research Wing,Ground,AI Research Lab,AC,5.133,5.133,14,0,0
2026-09-14 14:26:48,Research Wing,Ground,AI Research Lab,Computers,1.763,1.763,14,0,0
2026-09-14 14:26:48,Research Wing,Ground,AI Research Lab,Lights,0.271,0.271,14,0,0
2026-09-14 14:26:48,Research Wing,Ground,AI Research Lab,Fans,0.184,0.184,14,0,0
2026-09-14 14:26:48,Research Wing,Ground,AI Research Lab,Server Units,4.386,4.386,14,0,0
2026-09-14 14:26:48,Research Wing,Ground,Server Room,AC,4.771,4.771,14,0,0
2026-09-14 14:26:48,Research Wing,Ground,Server Room,Computers,2.031,2.031,14,0,0
2026-09-14 14:26:48,Research Wing,Ground,Server Room,Lights,0.336,0.336,14,0,0
2026-09-14 14:26:48,Research Wing,Ground,Server Room,Fans,0.221,0.221,14,0,0
2026-09-14 14:26:48,Research Wing,Ground,Server Room,Server Units,4.196,4.196,14,0,0
2026-09-14 15:26:48,Main Block,Ground,Lab 101,AC,5.132,5.132,15,0,0
2026-09-14 15:26:48,Main Block,Ground,Lab 101,Computers,2.057,2.057,15,0,0
2026-09-14 15:26:48,Main Block,Ground,Lab 101,Lights,0.298,0.298,15,0,0
2026-09-14 15:26:48,Main Block,Ground,Lab 101,Fans,0.166,0.166,15,0,0
2026-09-14 15:26:48,Main Block,Ground,Lab 101,Server Units,3.945,3.945,15,0,0
2026-09-14 15:26:48,Main Block,First,Computer Lab 201,AC,4.336,4.336,15,0,0
2026-09-14 15:26:48,Main Block,First,Computer Lab 201,Computers,1.732,1.732,15,0,0
2026-09-14 15:26:48,Main Block,First,Computer Lab 201,Lights,0.343,0.343,15,0,0
2026-09-14 15:26:48,Main Block,First,Computer Lab 201,Fans,0.18,0.18,15,0,0
2026-09-14 15:26:48,Main Block,First,Computer Lab 201,Server Units,4.673,4.673,15,0,0
2026-09-14 15:26:48,Research Wing,Ground,AI Research Lab,AC,5.156,5.156,15,0,0
2026-09-14 15:26:48,Research Wing,Ground,AI Research Lab,Computers,2.001,2.001,15,0,0
2026-09-14 15:26:48,Research Wing,Ground,AI Research Lab,Lights,0.293,0.293,15,0,0
2026-09-14 15:26:48,Research Wing,Ground,AI Research Lab,Fans,0.217,0.217,15,0,0
2026-09-14 15:26:48,Research Wing,Ground,AI Research Lab,Server Units,4.143,4.143,15,0,0
2026-09-14 15:26:48,Research Wing,Ground,Server Room,AC,5.104,5.104,15,0,0
2026-09-14 15:26:48,Research Wing,Ground,Server Room,Computers,1.888,1.888,15,0,0
2026-09-14 15:26:48,Research Wing,Ground,Server Room,Lights,0.262,0.262,15,0,0
2026-09-14 15:26:48,Research Wing,Ground,Server Room,Fans,0.221,0.221,15,0,0
2026-09-14 15:26:48,Research Wing,Ground,Server Room,Server Units,3.816,3.816,15,0,0
2026-09-14 16:26:48,Main Block,Ground,Lab 101,AC,4.573,4.573,16,0,0
2026-09-14 16:26:48,Main Block,Ground,Lab 101,Computers,2.225,2.225,16,0,0
2026-09-14 16:26:48,Main Block,Ground,Lab 101,Lights,0.293,0.293,16,0,0
2026-09-14 16:26:48,Main Block,Ground,Lab 101,Fans,0.209,0.209,16,0,0
2026-09-14 16:26:48,Main Block,Ground,Lab 101,Server Units,4.42,4.42,16,0,0
2026-09-14 16:26:48,Main Block,First,Computer Lab 201,AC,5.024,5.024,16,0,0
2026-09-14 16:26:48,Main Block,First,Computer Lab 201,Computers,1.943,1.943,16,0,0
2026-09-14 16:26:48,Main Block,First,Computer Lab 201,Lights,0.337,0.337,16,0,0
2026-09-14 16:26:48,Main Block,First,Computer Lab 201,Fans,0.208,0.208,16,0,0
2026-09-14 16:26:48,Main Block,First,Computer Lab 201,Server Units,4.73,4.73,16,0,0
2026-09-14 16:26:48,Research Wing,Ground,AI Research Lab,AC,4.823,4.823,16,0,0
2026-09-14 16:26:48,Research Wing,Ground,AI Research Lab,Computers,2.194,2.194,16,0,0
2026-09-14 16:26:48,Research Wing,Ground,AI Research Lab,Lights,0.303,0.303,16,0,0
2026-09-14 16:26:48,Research Wing,Ground,AI Research Lab,Fans,0.201,0.201,16,0,0
2026-09-14 16:26:48,Research Wing,Ground,AI Research Lab,Server Units,4.63,4.63,16,0,0
2026-09-14 16:26:48,Research Wing,Ground,Server Room,AC,4.532,4.532,16,0,0
2026-09-14 16:26:48,Research Wing,Ground,Server Room,Computers,1.745,1.745,16,0,0
2026-09-14 16:26:48,Research Wing,Ground,Server Room,Lights,0.301,0.301,16,0,0
2026-09-14 16:26:48,Research Wing,Ground,Server Room,Fans,0.19,0.19,16,0,0
2026-09-14 16:26:48,Research Wing,Ground,Server Room,Server Units,4.233,4.233,16,0,0
2026-09-14 17:26:48,Main Block,Ground,Lab 101,AC,5.059,5.059,17,0,0
2026-09-14 17:26:48,Main Block,Ground,Lab 101,Computers,2.023,2.023,17,0,0
2026-09-14 17:26:48,Main Block,Ground,Lab 101,Lights,0.266,0.266,17,0,0
2026-09-14 17:26:48,Main Block,Ground,Lab 101,Fans,0.183,0.183,17,0,0
2026-09-14 17:26:48,Main Block,Ground,Lab 101,Server Units,4.714,4.714,17,0,0
2026-09-14 17:26:48,Main Block,First,Computer Lab 201,AC,4.119,4.119,17,0,0
2026-09-14 17:26:48,Main Block,First,Computer Lab 201,Computers,2.26,2.26,17,0,0
2026-09-14 17:26:48,Main Block,First,Computer Lab 201,Lights,0.329,0.329,17,0,0
2026-09-14 17:26:48,Main Block,First,Computer Lab 201,Fans,0.193,0.193,17,0,0
2026-09-14 17:26:48,Main Block,First,Computer Lab 201,Server Units,4.385,4.385,17,0,0
2026-09-14 17:26:48,Research Wing,Ground,AI Research Lab,AC,4.656,4.656,17,0,0
2026-09-14 17:26:48,Research Wing,Ground,AI Research Lab,Computers,5.737,5.737,17,0,0
2026-09-14 17:26:48,Research Wing,Ground,AI Research Lab,Lights,0.335,0.335,17,0,0
2026-09-14 17:26:48,Research Wing,Ground,AI Research Lab,Fans,0.186,0.186,17,0,0
2026-09-14 17:26:48,Research Wing,Ground,AI Research Lab,Server Units,4.39,4.39,17,0,0
2026-09-14 17:26:48,Research Wing,Ground,Server Room,AC,4.519,4.519,17,0,0
2026-09-14 17:26:48,Research Wing,Ground,Server Room,Computers,1.774,1.774,17,0,0
2026-09-14 17:26:48,Research Wing,Ground,Server Room,Lights,0.269,0.269,17,0,0
2026-09-14 17:26:48,Research Wing,Ground,Server Room,Fans,0.179,0.179,17,0,0
2026-09-14 17:26:48,Research Wing,Ground,Server Room,Server Units,4.135,4.135,17,0,0
2026-09-14 18:26:48,Main Block,Ground,Lab 101,AC,4.071,4.071,18,0,0
2026-09-14 18:26:48,Main Block,Ground,Lab 101,Computers,1.765,1.765,18,0,0
2026-09-14 18:26:48,Main Block,Ground,Lab 101,Lights,0.331,0.331,18,0,0
2026-09-14 18:26:48,Main Block,Ground,Lab 101,Fans,0.186,0.186,18,0,0
2026-09-14 18:26:48,Main Block,Ground,Lab 101,Server Units,4.214,4.214,18,0,0
2026-09-14 18:26:48,Main Block,First,Computer Lab 201,AC,4.093,4.093,18,0,0
2026-09-14 18:26:48,Main Block,First,Computer Lab 201,Computers,1.724,1.724,18,0,0
2026-09-14 18:26:48,Main Block,First,Computer Lab 201,Lights,0.322,0.322,18,0,0
2026-09-14 18:26:48,Main Block,First,Computer Lab 201,Fans,0.175,0.175,18,0,0
2026-09-14 18:26:48,Main Block,First,Computer Lab 201,Server Units,4.373,4.373,18,0,0
2026-09-14 18:26:48,Research Wing,Ground,AI Research Lab,AC,4.184,4.184,18,0,0
2026-09-14 18:26:48,Research Wing,Ground,AI Research Lab,Computers,2.03,2.03,18,0,0
2026-09-14 18:26:48,Research Wing,Ground,AI Research Lab,Lights,0.319,0.319,18,0,0
2026-09-14 18:26:48,Research Wing,Ground,AI Research Lab,Fans,0.21,0.21,18,0,0
2026-09-14 18:26:48,Research Wing,Ground,AI Research Lab,Server Units,4.402,4.402,18,0,0
2026-09-14 18:26:48,Research Wing,Ground,Server Room,AC,4.963,4.963,18,0,0
2026-09-14 18:26:48,Research Wing,Ground,Server Room,Computers,1.766,1.766,18,0,0
2026-09-14 18:26:48,Research Wing,Ground,Server Room,Lights,0.257,0.257,18,0,0
2026-09-14 18:26:48,Research Wing,Ground,Server Room,Fans,0.195,0.195,18,0,0
2026-09-14 18:26:48,Research Wing,Ground,Server Room,Server Units,4.052,4.052,18,0,0
2026-09-14 19:26:48,Main Block,Ground,Lab 101,AC,0.25,0.25,19,0,0
2026-09-14 19:26:48,Main Block,Ground,Lab 101,Computers,0.08,0.08,19,0,0
2026-09-14 19:26:48,Main Block,Ground,Lab 101,Lights,0.02,0.02,19,0,0
2026-09-14 19:26:48,Main Block,Ground,Lab 101,Fans,0.015,0.015,19,0,0
2026-09-14 19:26:48,Main Block,Ground,Lab 101,Server Units,4.122,4.122,19,0,0
2026-09-14 19:26:48,Main Block,First,Computer Lab 201,AC,0.25,0.25,19,0,0
2026-09-14 19:26:48,Main Block,First,Computer Lab 201,Computers,0.08,0.08,19,0,0
2026-09-14 19:26:48,Main Block,First,Computer Lab 201,Lights,0.02,0.02,19,0,0
2026-09-14 19:26:48,Main Block,First,Computer Lab 201,Fans,0.015,0.015,19,0,0
2026-09-14 19:26:48,Main Block,First,Computer Lab 201,Server Units,4.069,4.069,19,0,0
2026-09-14 19:26:48,Research Wing,Ground,AI Research Lab,AC,0.25,0.25,19,0,0
2026-09-14 19:26:48,Research Wing,Ground,AI Research Lab,Computers,0.08,0.08,19,0,0
2026-09-14 19:26:48,Research Wing,Ground,AI Research Lab,Lights,0.02,0.02,19,0,0
2026-09-14 19:26:48,Research Wing,Ground,AI Research Lab,Fans,0.015,0.015,19,0,0
2026-09-14 19:26:48,Research Wing,Ground,AI Research Lab,Server Units,4.002,4.002,19,0,0
2026-09-14 19:26:48,Research Wing,Ground,Server Room,AC,0.25,0.25,19,0,0
2026-09-14 19:26:48,Research Wing,Ground,Server Room,Computers,0.08,0.08,19,0,0
2026-09-14 19:26:48,Research Wing,Ground,Server Room,Lights,0.02,0.02,19,0,0
2026-09-14 19:26:48,Research Wing,Ground,Server Room,Fans,0.015,0.015,19,0,0
2026-09-14 19:26:48,Research Wing,Ground,Server Room,Server Units,5.05,5.05,19,0,0
2026-09-14 20:26:48,Main Block,Ground,Lab 101,AC,0.25,0.25,20,0,0
2026-09-14 20:26:48,Main Block,Ground,Lab 101,Computers,0.08,0.08,20,0,0
2026-09-14 20:26:48,Main Block,Ground,Lab 101,Lights,0.02,0.02,20,0,0
2026-09-14 20:26:48,Main Block,Ground,Lab 101,Fans,0.015,0.015,20,0,0
2026-09-14 20:26:48,Main Block,Ground,Lab 101,Server Units,5.047,5.047,20,0,0
2026-09-14 20:26:48,Main Block,First,Computer Lab 201,AC,0.25,0.25,20,0,0
2026-09-14 20:26:48,Main Block,First,Computer Lab 201,Computers,0.08,0.08,20,0,0
2026-09-14 20:26:48,Main Block,First,Computer Lab 201,Lights,0.02,0.02,20,0,0
2026-09-14 20:26:48,Main Block,First,Computer Lab 201,Fans,0.015,0.015,20,0,0
2026-09-14 20:26:48,Main Block,First,Computer Lab 201,Server Units,4.278,4.278,20,0,0
2026-09-14 20:26:48,Research Wing,Ground,AI Research Lab,AC,0.25,0.25,20,0,0
2026-09-14 20:26:48,Research Wing,Ground,AI Research Lab,Computers,0.08,0.08,20,0,0
2026-09-14 20:26:48,Research Wing,Ground,AI Research Lab,Lights,0.02,0.02,20,0,0
2026-09-14 20:26:48,Research Wing,Ground,AI Research Lab,Fans,0.015,0.015,20,0,0
2026-09-14 20:26:48,Research Wing,Ground,AI Research Lab,Server Units,4.413,4.413,20,0,0
2026-09-14 20:26:48,Research Wing,Ground,Server Room,AC,0.25,0.25,20,0,0
2026-09-14 20:26:48,Research Wing,Ground,Server Room,Computers,0.08,0.08,20,0,0
2026-09-14 20:26:48,Research Wing,Ground,Server Room,Lights,0.02,0.02,20,0,0
2026-09-14 20:26:48,Research Wing,Ground,Server Room,Fans,0.015,0.015,20,0,0
2026-09-14 20:26:48,Research Wing,Ground,Server Room,Server Units,4.292,4.292,20,0,0
2026-09-14 21:26:48,Main Block,Ground,Lab 101,AC,0.25,0.25,21,0,0
2026-09-14 21:26:48,Main Block,Ground,Lab 101,Computers,0.08,0.08,21,0,0
2026-09-14 21:26:48,Main Block,Ground,Lab 101,Lights,0.02,0.02,21,0,0
2026-09-14 21:26:48,Main Block,Ground,Lab 101,Fans,0.015,0.015,21,0,0
2026-09-14 21:26:48,Main Block,Ground,Lab 101,Server Units,4.02,4.02,21,0,0
2026-09-14 21:26:48,Main Block,First,Computer Lab 201,AC,0.25,0.25,21,0,0
2026-09-14 21:26:48,Main Block,First,Computer Lab 201,Computers,0.08,0.08,21,0,0
2026-09-14 21:26:48,Main Block,First,Computer Lab 201,Lights,0.02,0.02,21,0,0
2026-09-14 21:26:48,Main Block,First,Computer Lab 201,Fans,0.015,0.015,21,0,0
2026-09-14 21:26:48,Main Block,First,Computer Lab 201,Server Units,4.22,4.22,21,0,0
2026-09-14 21:26:48,Research Wing,Ground,AI Research Lab,AC,0.25,0.25,21,0,0
2026-09-14 21:26:48,Research Wing,Ground,AI Research Lab,Computers,0.24,0.24,21,0,0
2026-09-14 21:26:48,Research Wing,Ground,AI Research Lab,Lights,0.02,0.02,21,0,0
2026-09-14 21:26:48,Research Wing,Ground,AI Research Lab,Fans,0.015,0.015,21,0,0
2026-09-14 21:26:48,Research Wing,Ground,AI Research Lab,Server Units,4.177,4.177,21,0,0
2026-09-14 21:26:48,Research Wing,Ground,Server Room,AC,0.25,0.25,21,0,0
2026-09-14 21:26:48,Research Wing,Ground,Server Room,Computers,0.08,0.08,21,0,0
2026-09-14 21:26:48,Research Wing,Ground,Server Room,Lights,0.02,0.02,21,0,0
2026-09-14 21:26:48,Research Wing,Ground,Server Room,Fans,0.015,0.015,21,0,0
2026-09-14 21:26:48,Research Wing,Ground,Server Room,Server Units,4.598,4.598,21,0,0
2026-09-14 22:26:48,Main Block,Ground,Lab 101,AC,0.25,0.25,22,0,0
2026-09-14 22:26:48,Main Block,Ground,Lab 101,Computers,0.08,0.08,22,0,0
2026-09-14 22:26:48,Main Block,Ground,Lab 101,Lights,0.02,0.02,22,0,0
2026-09-14 22:26:48,Main Block,Ground,Lab 101,Fans,0.015,0.015,22,0,0
2026-09-14 22:26:48,Main Block,Ground,Lab 101,Server Units,3.899,3.899,22,0,0
2026-09-14 22:26:48,Main Block,First,Computer Lab 201,AC,0.25,0.25,22,0,0
2026-09-14 22:26:48,Main Block,First,Computer Lab 201,Computers,0.08,0.08,22,0,0
2026-09-14 22:26:48,Main Block,First,Computer Lab 201,Lights,0.02,0.02,22,0,0
2026-09-14 22:26:48,Main Block,First,Computer Lab 201,Fans,0.015,0.015,22,0,0
2026-09-14 22:26:48,Main Block,First,Computer Lab 201,Server Units,4.962,4.962,22,0,0
2026-09-14 22:26:48,Research Wing,Ground,AI Research Lab,AC,0.25,0.25,22,0,0
2026-09-14 22:26:48,Research Wing,Ground,AI Research Lab,Computers,0.08,0.08,22,0,0
2026-09-14 22:26:48,Research Wing,Ground,AI Research Lab,Lights,0.02,0.02,22,0,0
2026-09-14 22:26:48,Research Wing,Ground,AI Research Lab,Fans,0.015,0.015,22,0,0
2026-09-14 22:26:48,Research Wing,Ground,AI Research Lab,Server Units,4.007,4.007,22,0,0
2026-09-14 22:26:48,Research Wing,Ground,Server Room,AC,0.25,0.25,22,0,0
2026-09-14 22:26:48,Research Wing,Ground,Server Room,Computers,0.08,0.08,22,0,0
2026-09-14 22:26:48,Research Wing,Ground,Server Room,Lights,0.02,0.02,22,0,0
2026-09-14 22:26:48,Research Wing,Ground,Server Room,Fans,0.015,0.015,22,0,0
2026-09-14 22:26:48,Research Wing,Ground,Server Room,Server Units,4.898,4.898,22,0,0
2026-09-14 23:26:48,Main Block,Ground,Lab 101,AC,0.25,0.25,23,0,0
2026-09-14 23:26:48,Main Block,Ground,Lab 101,Computers,0.08,0.08,23,0,0
2026-09-14 23:26:48,Main Block,Ground,Lab 101,Lights,0.02,0.02,23,0,0
2026-09-14 23:26:48,Main Block,Ground,Lab 101,Fans,0.015,0.015,23,0,0
2026-09-14 23:26:48,Main Block,Ground,Lab 101,Server Units,4.687,4.687,23,0,0
2026-09-14 23:26:48,Main Block,First,Computer Lab 201,AC,0.25,0.25,23,0,0
2026-09-14 23:26:48,Main Block,First,Computer Lab 201,Computers,0.08,0.08,23,0,0
2026-09-14 23:26:48,Main Block,First,Computer Lab 201,Lights,0.02,0.02,23,0,0
2026-09-14 23:26:48,Main Block,First,Computer Lab 201,Fans,0.015,0.015,23,0,0
2026-09-14 23:26:48,Main Block,First,Computer Lab 201,Server Units,3.769,3.769,23,0,0
2026-09-14 23:26:48,Research Wing,Ground,AI Research Lab,AC,0.25,0.25,23,0,0
2026-09-14 23:26:48,Research Wing,Ground,AI Research Lab,Computers,0.08,0.08,23,0,0
2026-09-14 23:26:48,Research Wing,Ground,AI Research Lab,Lights,0.02,0.02,23,0,0
2026-09-14 23:26:48,Research Wing,Ground,AI Research Lab,Fans,0.015,0.015,23,0,0
2026-09-14 23:26:48,Research Wing,Ground,AI Research Lab,Server Units,4.789,4.789,23,0,0
2026-09-14 23:26:48,Research Wing,Ground,Server Room,AC,0.25,0.25,23,0,0
2026-09-14 23:26:48,Research Wing,Ground,Server Room,Computers,0.08,0.08,23,0,0
2026-09-14 23:26:48,Research Wing,Ground,Server Room,Lights,0.02,0.02,23,0,0
2026-09-14 23:26:48,Research Wing,Ground,Server Room,Fans,0.015,0.015,23,0,0
2026-09-14 23:26:48,Research Wing,Ground,Server Room,Server Units,5.022,5.022,23,0,0
2026-09-15 00:26:48,Main Block,Ground,Lab 101,AC,0.25,0.25,0,1,0
2026-09-15 00:26:48,Main Block,Ground,Lab 101,Computers,0.08,0.08,0,1,0
2026-09-15 00:26:48,Main Block,Ground,Lab 101,Lights,0.02,0.02,0,1,0
2026-09-15 00:26:48,Main Block,Ground,Lab 101,Fans,0.015,0.015,0,1,0
2026-09-15 00:26:48,Main Block,Ground,Lab 101,Server Units,4.098,4.098,0,1,0
2026-09-15 00:26:48,Main Block,First,Computer Lab 201,AC,0.25,0.25,0,1,0
2026-09-15 00:26:48,Main Block,First,Computer Lab 201,Computers,0.08,0.08,0,1,0
2026-09-15 00:26:48,Main Block,First,Computer Lab 201,Lights,0.02,0.02,0,1,0
2026-09-15 00:26:48,Main Block,First,Computer Lab 201,Fans,0.015,0.015,0,1,0
2026-09-15 00:26:48,Main Block,First,Computer Lab 201,Server Units,4.784,4.784,0,1,0
2026-09-15 00:26:48,Research Wing,Ground,AI Research Lab,AC,0.25,0.25,0,1,0
2026-09-15 00:26:48,Research Wing,Ground,AI Research Lab,Computers,0.08,0.08,0,1,0
2026-09-15 00:26:48,Research Wing,Ground,AI Research Lab,Lights,0.02,0.02,0,1,0
2026-09-15 00:26:48,Research Wing,Ground,AI Research Lab,Fans,0.015,0.015,0,1,0
2026-09-15 00:26:48,Research Wing,Ground,AI Research Lab,Server Units,4.675,4.675,0,1,0
2026-09-15 00:26:48,Research Wing,Ground,Server Room,AC,0.25,0.25,0,1,0
2026-09-15 00:26:48,Research Wing,Ground,Server Room,Computers,0.08,0.08,0,1,0
2026-09-15 00:26:48,Research Wing,Ground,Server Room,Lights,0.02,0.02,0,1,0
2026-09-15 00:26:48,Research Wing,Ground,Server Room,Fans,0.015,0.015,0,1,0
2026-09-15 00:26:48,Research Wing,Ground,Server Room,Server Units,3.936,3.936,0,1,0
2026-09-15 01:26:48,Main Block,Ground,Lab 101,AC,0.25,0.25,1,1,0
2026-09-15 01:26:48,Main Block,Ground,Lab 101,Computers,0.08,0.08,1,1,0
2026-09-15 01:26:48,Main Block,Ground,Lab 101,Lights,0.02,0.02,1,1,0
2026-09-15 01:26:48,Main Block,Ground,Lab 101,Fans,0.015,0.015,1,1,0
2026-09-15 01:26:48,Main Block,Ground,Lab 101,Server Units,4.069,4.069,1,1,0
2026-09-15 01:26:48,Main Block,First,Computer Lab 201,AC,0.25,0.25,1,1,0
2026-09-15 01:26:48,Main Block,First,Computer Lab 201,Computers,0.24,0.24,1,1,0
2026-09-15 01:26:48,Main Block,First,Computer Lab 201,Lights,0.02,0.02,1,1,0
2026-09-15 01:26:48,Main Block,First,Computer Lab 201,Fans,0.015,0.015,1,1,0
2026-09-15 01:26:48,Main Block,First,Computer Lab 201,Server Units,4.227,4.227,1,1,0
2026-09-15 01:26:48,Research Wing,Ground,AI Research Lab,AC,0.25,0.25,1,1,0
2026-09-15 01:26:48,Research Wing,Ground,AI Research Lab,Computers,0.08,0.08,1,1,0
2026-09-15 01:26:48,Research Wing,Ground,AI Research Lab,Lights,0.02,0.02,1,1,0
2026-09-15 01:26:48,Research Wing,Ground,AI Research Lab,Fans,0.015,0.015,1,1,0
2026-09-15 01:26:48,Research Wing,Ground,AI Research Lab,Server Units,4.547,4.547,1,1,0
2026-09-15 01:26:48,Research Wing,Ground,Server Room,AC,0.25,0.25,1,1,0
2026-09-15 01:26:48,Research Wing,Ground,Server Room,Computers,0.08,0.08,1,1,0
2026-09-15 01:26:48,Research Wing,Ground,Server Room,Lights,0.02,0.02,1,1,0
2026-09-15 01:26:48,Research Wing,Ground,Server Room,Fans,0.015,0.015,1,1,0
2026-09-15 01:26:48,Research Wing,Ground,Server Room,Server Units,5.014,5.014,1,1,0
2026-09-15 02:26:48,Main Block,Ground,Lab 101,AC,0.25,0.25,2,1,0
2026-09-15 02:26:48,Main Block,Ground,Lab 101,Computers,0.08,0.08,2,1,0
2026-09-15 02:26:48,Main Block,Ground,Lab 101,Lights,0.02,0.02,2,1,0
2026-09-15 02:26:48,Main Block,Ground,Lab 101,Fans,0.015,0.015,2,1,0
2026-09-15 02:26:48,Main Block,Ground,Lab 101,Server Units,4.77,4.77,2,1,0
2026-09-15 02:26:48,Main Block,First,Computer Lab 201,AC,0.25,0.25,2,1,0
2026-09-15 02:26:48,Main Block,First,Computer Lab 201,Computers,0.08,0.08,2,1,0
2026-09-15 02:26:48,Main Block,First,Computer Lab 201,Lights,0.02,0.02,2,1,0
2026-09-15 02:26:48,Main Block,First,Computer Lab 201,Fans,0.015,0.015,2,1,0
2026-09-15 02:26:48,Main Block,First,Computer Lab 201,Server Units,4.577,4.577,2,1,0
2026-09-15 02:26:48,Research Wing,Ground,AI Research Lab,AC,0.25,0.25,2,1,0
2026-09-15 02:26:48,Research Wing,Ground,AI Research Lab,Computers,0.08,0.08,2,1,0
2026-09-15 02:26:48,Research Wing,Ground,AI Research Lab,Lights,0.02,0.02,2,1,0
2026-09-15 02:26:48,Research Wing,Ground,AI Research Lab,Fans,0.015,0.015,2,1,0
2026-09-15 02:26:48,Research Wing,Ground,AI Research Lab,Server Units,4.806,4.806,2,1,0
2026-09-15 02:26:48,Research Wing,Ground,Server Room,AC,0.25,0.25,2,1,0
2026-09-15 02:26:48,Research Wing,Ground,Server Room,Computers,0.08,0.08,2,1,0
2026-09-15 02:26:48,Research Wing,Ground,Server Room,Lights,0.02,0.02,2,1,0
2026-09-15 02:26:48,Research Wing,Ground,Server Room,Fans,0.015,0.015,2,1,0
2026-09-15 02:26:48,Research Wing,Ground,Server Room,Server Units,4.931,4.931,2,1,0
2026-09-15 03:26:48,Main Block,Ground,Lab 101,AC,0.25,0.25,3,1,0
2026-09-15 03:26:48,Main Block,Ground,Lab 101,Computers,0.08,0.08,3,1,0
2026-09-15 03:26:48,Main Block,Ground,Lab 101,Lights,0.02,0.02,3,1,0
2026-09-15 03:26:48,Main Block,Ground,Lab 101,Fans,0.015,0.015,3,1,0
2026-09-15 03:26:48,Main Block,Ground,Lab 101,Server Units,4.387,4.387,3,1,0
2026-09-15 03:26:48,Main Block,First,Computer Lab 201,AC,0.25,0.25,3,1,0
2026-09-15 03:26:48,Main Block,First,Computer Lab 201,Computers,0.24,0.24,3,1,0
2026-09-15 03:26:48,Main Block,First,Computer Lab 201,Lights,0.02,0.02,3,1,0
2026-09-15 03:26:48,Main Block,First,Computer Lab 201,Fans,0.015,0.015,3,1,0
2026-09-15 03:26:48,Main Block,First,Computer Lab 201,Server Units,4.26,4.26,3,1,0
2026-09-15 03:26:48,Research Wing,Ground,AI Research Lab,AC,0.25,0.25,3,1,0
2026-09-15 03:26:48,Research Wing,Ground,AI Research Lab,Computers,0.08,0.08,3,1,0
2026-09-15 03:26:48,Research Wing,Ground,AI Research Lab,Lights,0.02,0.02,3,1,0
2026-09-15 03:26:48,Research Wing,Ground,AI Research Lab,Fans,0.015,0.015,3,1,0
2026-09-15 03:26:48,Research Wing,Ground,AI Research Lab,Server Units,5.021,5.021,3,1,0
2026-09-15 03:26:48,Research Wing,Ground,Server Room,AC,0.25,0.25,3,1,0
2026-09-15 03:26:48,Research Wing,Ground,Server Room,Computers,0.08,0.08,3,1,0
2026-09-15 03:26:48,Research Wing,Ground,Server Room,Lights,0.02,0.02,3,1,0
2026-09-15 03:26:48,Research Wing,Ground,Server Room,Fans,0.015,0.015,3,1,0
2026-09-15 03:26:48,Research Wing,Ground,Server Room,Server Units,12.716,12.716,3,1,0
2026-09-15 04:26:48,Main Block,Ground,Lab 101,AC,0.25,0.25,4,1,0
2026-09-15 04:26:48,Main Block,Ground,Lab 101,Computers,0.08,0.08,4,1,0
2026-09-15 04:26:48,Main Block,Ground,Lab 101,Lights,0.02,0.02,4,1,0
2026-09-15 04:26:48,Main Block,Ground,Lab 101,Fans,0.015,0.015,4,1,0
2026-09-15 04:26:48,Main Block,Ground,Lab 101,Server Units,4.068,4.068,4,1,0
2026-09-15 04:26:48,Main Block,First,Computer Lab 201,AC,0.25,0.25,4,1,0
2026-09-15 04:26:48,Main Block,First,Computer Lab 201,Computers,0.08,0.08,4,1,0
2026-09-15 04:26:48,Main Block,First,Computer Lab 201,Lights,0.06,0.06,4,1,0
2026-09-15 04:26:48,Main Block,First,Computer Lab 201,Fans,0.015,0.015,4,1,0
2026-09-15 04:26:48,Main Block,First,Computer Lab 201,Server Units,5.004,5.004,4,1,0
2026-09-15 04:26:48,Research Wing,Ground,AI Research Lab,AC,0.25,0.25,4,1,0
2026-09-15 04:26:48,Research Wing,Ground,AI Research Lab,Computers,0.08,0.08,4,1,0
2026-09-15 04:26:48,Research Wing,Ground,AI Research Lab,Lights,0.02,0.02,4,1,0
2026-09-15 04:26:48,Research Wing,Ground,AI Research Lab,Fans,0.015,0.015,4,1,0
2026-09-15 04:26:48,Research Wing,Ground,AI Research Lab,Server Units,4.374,4.374,4,1,0
2026-09-15 04:26:48,Research Wing,Ground,Server Room,AC,0.25,0.25,4,1,0
2026-09-15 04:26:48,Research Wing,Ground,Server Room,Computers,0.08,0.08,4,1,0
2026-09-15 04:26:48,Research Wing,Ground,Server Room,Lights,0.02,0.02,4,1,0
2026-09-15 04:26:48,Research Wing,Ground,Server Room,Fans,0.015,0.015,4,1,0
2026-09-15 04:26:48,Research Wing,Ground,Server Room,Server Units,3.814,3.814,4,1,0
2026-09-15 05:26:48,Main Block,Ground,Lab 101,AC,0.25,0.25,5,1,0
2026-09-15 05:26:48,Main Block,Ground,Lab 101,Computers,0.08,0.08,5,1,0
2026-09-15 05:26:48,Main Block,Ground,Lab 101,Lights,0.02,0.02,5,1,0
2026-09-15 05:26:48,Main Block,Ground,Lab 101,Fans,0.015,0.015,5,1,0
2026-09-15 05:26:48,Main Block,Ground,Lab 101,Server Units,4.132,4.132,5,1,0
2026-09-15 05:26:48,Main Block,First,Computer Lab 201,AC,0.25,0.25,5,1,0
2026-09-15 05:26:48,Main Block,First,Computer Lab 201,Computers,0.08,0.08,5,1,0
2026-09-15 05:26:48,Main Block,First,Computer Lab 201,Lights,0.02,0.02,5,1,0
2026-09-15 05:26:48,Main Block,First,Computer Lab 201,Fans,0.045,0.045,5,1,0
2026-09-15 05:26:48,Main Block,First,Computer Lab 201,Server Units,4.304,4.304,5,1,0
2026-09-15 05:26:48,Research Wing,Ground,AI Research Lab,AC,0.25,0.25,5,1,0
2026-09-15 05:26:48,Research Wing,Ground,AI Research Lab,Computers,0.08,0.08,5,1,0
2026-09-15 05:26:48,Research Wing,Ground,AI Research Lab,Lights,0.02,0.02,5,1,0
2026-09-15 05:26:48,Research Wing,Ground,AI Research Lab,Fans,0.015,0.015,5,1,0
2026-09-15 05:26:48,Research Wing,Ground,AI Research Lab,Server Units,4.907,4.907,5,1,0
2026-09-15 05:26:48,Research Wing,Ground,Server Room,AC,0.25,0.25,5,1,0
2026-09-15 05:26:48,Research Wing,Ground,Server Room,Computers,0.08,0.08,5,1,0
2026-09-15 05:26:48,Research Wing,Ground,Server Room,Lights,0.02,0.02,5,1,0
2026-09-15 05:26:48,Research Wing,Ground,Server Room,Fans,0.015,0.015,5,1,0
2026-09-15 05:26:48,Research Wing,Ground,Server Room,Server Units,5.002,5.002,5,1,0
2026-09-15 06:26:48,Main Block,Ground,Lab 101,AC,0.25,0.25,6,1,0
2026-09-15 06:26:48,Main Block,Ground,Lab 101,Computers,0.08,0.08,6,1,0
2026-09-15 06:26:48,Main Block,Ground,Lab 101,Lights,0.02,0.02,6,1,0
2026-09-15 06:26:48,Main Block,Ground,Lab 101,Fans,0.015,0.015,6,1,0
2026-09-15 06:26:48,Main Block,Ground,Lab 101,Server Units,4.922,4.922,6,1,0
2026-09-15 06:26:48,Main Block,First,Computer Lab 201,AC,0.25,0.25,6,1,0
2026-09-15 06:26:48,Main Block,First,Computer Lab 201,Computers,0.08,0.08,6,1,0
2026-09-15 06:26:48,Main Block,First,Computer Lab 201,Lights,0.02,0.02,6,1,0
2026-09-15 06:26:48,Main Block,First,Computer Lab 201,Fans,0.015,0.015,6,1,0
2026-09-15 06:26:48,Main Block,First,Computer Lab 201,Server Units,3.938,3.938,6,1,0
2026-09-15 06:26:48,Research Wing,Ground,AI Research Lab,AC,0.25,0.25,6,1,0
2026-09-15 06:26:48,Research Wing,Ground,AI Research Lab,Computers,0.08,0.08,6,1,0
2026-09-15 06:26:48,Research Wing,Ground,AI Research Lab,Lights,0.02,0.02,6,1,0
2026-09-15 06:26:48,Research Wing,Ground,AI Research Lab,Fans,0.015,0.015,6,1,0
2026-09-15 06:26:48,Research Wing,Ground,AI Research Lab,Server Units,4.949,4.949,6,1,0
2026-09-15 06:26:48,Research Wing,Ground,Server Room,AC,0.25,0.25,6,1,0
2026-09-15 06:26:48,Research Wing,Ground,Server Room,Computers,0.08,0.08,6,1,0
2026-09-15 06:26:48,Research Wing,Ground,Server Room,Lights,0.02,0.02,6,1,0
2026-09-15 06:26:48,Research Wing,Ground,Server Room,Fans,0.015,0.015,6,1,0
2026-09-15 06:26:48,Research Wing,Ground,Server Room,Server Units,3.743,3.743,6,1,0
2026-09-15 07:26:48,Main Block,Ground,Lab 101,AC,0.25,0.25,7,1,0
2026-09-15 07:26:48,Main Block,Ground,Lab 101,Computers,0.08,0.08,7,1,0
2026-09-15 07:26:48,Main Block,Ground,Lab 101,Lights,0.02,0.02,7,1,0
2026-09-15 07:26:48,Main Block,Ground,Lab 101,Fans,0.015,0.015,7,1,0
2026-09-15 07:26:48,Main Block,Ground,Lab 101,Server Units,4.692,4.692,7,1,0
2026-09-15 07:26:48,Main Block,First,Computer Lab 201,AC,0.25,0.25,7,1,0
2026-09-15 07:26:48,Main Block,First,Computer Lab 201,Computers,0.08,0.08,7,1,0
2026-09-15 07:26:48,Main Block,First,Computer Lab 201,Lights,0.02,0.02,7,1,0
2026-09-15 07:26:48,Main Block,First,Computer Lab 201,Fans,0.015,0.015,7,1,0
2026-09-15 07:26:48,Main Block,First,Computer Lab 201,Server Units,4.108,4.108,7,1,0
2026-09-15 07:26:48,Research Wing,Ground,AI Research Lab,AC,0.25,0.25,7,1,0
2026-09-15 07:26:48,Research Wing,Ground,AI Research Lab,Computers,0.08,0.08,7,1,0
2026-09-15 07:26:48,Research Wing,Ground,AI Research Lab,Lights,0.02,0.02,7,1,0
2026-09-15 07:26:48,Research Wing,Ground,AI Research Lab,Fans,0.015,0.015,7,1,0
2026-09-15 07:26:48,Research Wing,Ground,AI Research Lab,Server Units,4.299,4.299,7,1,0
2026-09-15 07:26:48,Research Wing,Ground,Server Room,AC,0.25,0.25,7,1,0
2026-09-15 07:26:48,Research Wing,Ground,Server Room,Computers,0.08,0.08,7,1,0
2026-09-15 07:26:48,Research Wing,Ground,Server Room,Lights,0.02,0.02,7,1,0
2026-09-15 07:26:48,Research Wing,Ground,Server Room,Fans,0.015,0.015,7,1,0
2026-09-15 07:26:48,Research Wing,Ground,Server Room,Server Units,4.603,4.603,7,1,0
2026-09-15 08:26:48,Main Block,Ground,Lab 101,AC,4.39,4.39,8,1,0
2026-09-15 08:26:48,Main Block,Ground,Lab 101,Computers,2.02,2.02,8,1,0
2026-09-15 08:26:48,Main Block,Ground,Lab 101,Lights,0.329,0.329,8,1,0
2026-09-15 08:26:48,Main Block,Ground,Lab 101,Fans,0.2,0.2,8,1,0
2026-09-15 08:26:48,Main Block,Ground,Lab 101,Server Units,4.503,4.503,8,1,0
2026-09-15 08:26:48,Main Block,First,Computer Lab 201,AC,4.835,4.835,8,1,0
2026-09-15 08:26:48,Main Block,First,Computer Lab 201,Computers,5.523,5.523,8,1,0
2026-09-15 08:26:48,Main Block,First,Computer Lab 201,Lights,1.033,1.033,8,1,0
2026-09-15 08:26:48,Main Block,First,Computer Lab 201,Fans,0.198,0.198,8,1,0
2026-09-15 08:26:48,Main Block,First,Computer Lab 201,Server Units,4.956,4.956,8,1,0
2026-09-15 08:26:48,Research Wing,Ground,AI Research Lab,AC,4.297,4.297,8,1,0
2026-09-15 08:26:48,Research Wing,Ground,AI Research Lab,Computers,2.22,2.22,8,1,0
2026-09-15 08:26:48,Research Wing,Ground,AI Research Lab,Lights,0.282,0.282,8,1,0
2026-09-15 08:26:48,Research Wing,Ground,AI Research Lab,Fans,0.216,0.216,8,1,0
2026-09-15 08:26:48,Research Wing,Ground,AI Research Lab,Server Units,4.945,4.945,8,1,0
2026-09-15 08:26:48,Research Wing,Ground,Server Room,AC,4.943,4.943,8,1,0
2026-09-15 08:26:48,Research Wing,Ground,Server Room,Computers,1.783,1.783,8,1,0
2026-09-15 08:26:48,Research Wing,Ground,Server Room,Lights,0.318,0.318,8,1,0
2026-09-15 08:26:48,Research Wing,Ground,Server Room,Fans,0.167,0.167,8,1,0
2026-09-15 08:26:48,Research Wing,Ground,Server Room,Server Units,4.231,4.231,8,1,0
2026-09-15 09:26:48,Main Block,Ground,Lab 101,AC,4.72,4.72,9,1,0
2026-09-15 09:26:48,Main Block,Ground,Lab 101,Computers,2.202,2.202,9,1,0
2026-09-15 09:26:48,Main Block,Ground,Lab 101,Lights,0.258,0.258,9,1,0
2026-09-15 09:26:48,Main Block,Ground,Lab 101,Fans,0.17,0.17,9,1,0
2026-09-15 09:26:48,Main Block,Ground,Lab 101,Server Units,4.491,4.491,9,1,0
2026-09-15 09:26:48,Main Block,First,Computer Lab 201,AC,4.027,4.027,9,1,0
2026-09-15 09:26:48,Main Block,First,Computer Lab 201,Computers,2.146,2.146,9,1,0
2026-09-15 09:26:48,Main Block,First,Computer Lab 201,Lights,0.318,0.318,9,1,0
2026-09-15 09:26:48,Main Block,First,Computer Lab 201,Fans,0.19,0.19,9,1,0
2026-09-15 09:26:48,Main Block,First,Computer Lab 201,Server Units,4.771,4.771,9,1,0
2026-09-15 09:26:48,Research Wing,Ground,AI Research Lab,AC,4.212,4.212,9,1,0
2026-09-15 09:26:48,Research Wing,Ground,AI Research Lab,Computers,2.229,2.229,9,1,0
2026-09-15 09:26:48,Research Wing,Ground,AI Research Lab,Lights,0.323,0.323,9,1,0
2026-09-15 09:26:48,Research Wing,Ground,AI Research Lab,Fans,0.166,0.166,9,1,0
2026-09-15 09:26:48,Research Wing,Ground,AI Research Lab,Server Units,4.637,4.637,9,1,0
2026-09-15 09:26:48,Research Wing,Ground,Server Room,AC,4.573,4.573,9,1,0
2026-09-15 09:26:48,Research Wing,Ground,Server Room,Computers,2.251,2.251,9,1,0
2026-09-15 09:26:48,Research Wing,Ground,Server Room,Lights,0.319,0.319,9,1,0
2026-09-15 09:26:48,Research Wing,Ground,Server Room,Fans,0.175,0.175,9,1,0
2026-09-15 09:26:48,Research Wing,Ground,Server Room,Server Units,4.428,4.428,9,1,0
2026-09-15 10:26:48,Main Block,Ground,Lab 101,AC,3.994,3.994,10,1,0
2026-09-15 10:26:48,Main Block,Ground,Lab 101,Computers,2.071,2.071,10,1,0
2026-09-15 10:26:48,Main Block,Ground,Lab 101,Lights,0.272,0.272,10,1,0
2026-09-15 10:26:48,Main Block,Ground,Lab 101,Fans,0.198,0.198,10,1,0
2026-09-15 10:26:48,Main Block,Ground,Lab 101,Server Units,4.818,4.818,10,1,0
2026-09-15 10:26:48,Main Block,First,Computer Lab 201,AC,4.248,4.248,10,1,0
2026-09-15 10:26:48,Main Block,First,Computer Lab 201,Computers,2.196,2.196,10,1,0
2026-09-15 10:26:48,Main Block,First,Computer Lab 201,Lights,0.327,0.327,10,1,0
2026-09-15 10:26:48,Main Block,First,Computer Lab 201,Fans,0.177,0.177,10,1,0
2026-09-15 10:26:48,Main Block,First,Computer Lab 201,Server Units,3.843,3.843,10,1,0
2026-09-15 10:26:48,Research Wing,Ground,AI Research Lab,AC,4.968,4.968,10,1,0
2026-09-15 10:26:48,Research Wing,Ground,AI Research Lab,Computers,1.869,1.869,10,1,0
2026-09-15 10:26:48,Research Wing,Ground,AI Research Lab,Lights,0.261,0.261,10,1,0
2026-09-15 10:26:48,Research Wing,Ground,AI Research Lab,Fans,0.21,0.21,10,1,0
2026-09-15 10:26:48,Research Wing,Ground,AI Research Lab,Server Units,4.468,4.468,10,1,0
2026-09-15 10:26:48,Research Wing,Ground,Server Room,AC,3.869,3.869,10,1,0
2026-09-15 10:26:48,Research Wing,Ground,Server Room,Computers,2.286,2.286,10,1,0
2026-09-15 10:26:48,Research Wing,Ground,Server Room,Lights,0.306,0.306,10,1,0
2026-09-15 10:26:48,Research Wing,Ground,Server Room,Fans,0.168,0.168,10,1,0
2026-09-15 10:26:48,Research Wing,Ground,Server Room,Server Units,14.956,14.956,10,1,0
2026-09-15 11:26:48,Main Block,Ground,Lab 101,AC,4.306,4.306,11,1,0
2026-09-15 11:26:48,Main Block,Ground,Lab 101,Computers,1.939,1.939,11,1,0
2026-09-15 11:26:48,Main Block,Ground,Lab 101,Lights,0.323,0.323,11,1,0
2026-09-15 11:26:48,Main Block,Ground,Lab 101,Fans,0.223,0.223,11,1,0
2026-09-15 11:26:48,Main Block,Ground,Lab 101,Server Units,3.869,3.869,11,1,0
2026-09-15 11:26:48,Main Block,First,Computer Lab 201,AC,4.826,4.826,11,1,0
2026-09-15 11:26:48,Main Block,First,Computer Lab 201,Computers,2.184,2.184,11,1,0
2026-09-15 11:26:48,Main Block,First,Computer Lab 201,Lights,0.308,0.308,11,1,0
2026-09-15 11:26:48,Main Block,First,Computer Lab 201,Fans,0.2,0.2,11,1,0
2026-09-15 11:26:48,Main Block,First,Computer Lab 201,Server Units,4.123,4.123,11,1,0
2026-09-15 11:26:48,Research Wing,Ground,AI Research Lab,AC,4.45,4.45,11,1,0
2026-09-15 11:26:48,Research Wing,Ground,AI Research Lab,Computers,1.756,1.756,11,1,0
2026-09-15 11:26:48,Research Wing,Ground,AI Research Lab,Lights,0.335,0.335,11,1,0
2026-09-15 11:26:48,Research Wing,Ground,AI Research Lab,Fans,0.204,0.204,11,1,0
2026-09-15 11:26:48,Research Wing,Ground,AI Research Lab,Server Units,3.953,3.953,11,1,0
2026-09-15 11:26:48,Research Wing,Ground,Server Room,AC,4.522,4.522,11,1,0
2026-09-15 11:26:48,Research Wing,Ground,Server Room,Computers,2.091,2.091,11,1,0
2026-09-15 11:26:48,Research Wing,Ground,Server Room,Lights,0.286,0.286,11,1,0
2026-09-15 11:26:48,Research Wing,Ground,Server Room,Fans,0.186,0.186,11,1,0
2026-09-15 11:26:48,Research Wing,Ground,Server Room,Server Units,4.87,4.87,11,1,0
2026-09-15 12:26:48,Main Block,Ground,Lab 101,AC,5.027,5.027,12,1,0
2026-09-15 12:26:48,Main Block,Ground,Lab 101,Computers,1.933,1.933,12,1,0
2026-09-15 12:26:48,Main Block,Ground,Lab 101,Lights,0.31,0.31,12,1,0
2026-09-15 12:26:48,Main Block,Ground,Lab 101,Fans,0.175,0.175,12,1,0
2026-09-15 12:26:48,Main Block,Ground,Lab 101,Server Units,4.397,4.397,12,1,0
2026-09-15 12:26:48,Main Block,First,Computer Lab 201,AC,4.018,4.018,12,1,0
2026-09-15 12:26:48,Main Block,First,Computer Lab 201,Computers,2.028,2.028,12,1,0
2026-09-15 12:26:48,Main Block,First,Computer Lab 201,Lights,0.325,0.325,12,1,0
2026-09-15 12:26:48,Main Block,First,Computer Lab 201,Fans,0.171,0.171,12,1,0
2026-09-15 12:26:48,Main Block,First,Computer Lab 201,Server Units,4.973,4.973,12,1,0
2026-09-15 12:26:48,Research Wing,Ground,AI Research Lab,AC,4.203,4.203,12,1,0
2026-09-15 12:26:48,Research Wing,Ground,AI Research Lab,Computers,1.754,1.754,12,1,0
2026-09-15 12:26:48,Research Wing,Ground,AI Research Lab,Lights,0.324,0.324,12,1,0
2026-09-15 12:26:48,Research Wing,Ground,AI Research Lab,Fans,0.193,0.193,12,1,0
2026-09-15 12:26:48,Research Wing,Ground,AI Research Lab,Server Units,4.897,4.897,12,1,0
2026-09-15 12:26:48,Research Wing,Ground,Server Room,AC,4.015,4.015,12,1,0
2026-09-15 12:26:48,Research Wing,Ground,Server Room,Computers,2.041,2.041,12,1,0
2026-09-15 12:26:48,Research Wing,Ground,Server Room,Lights,0.332,0.332,12,1,0
2026-09-15 12:26:48,Research Wing,Ground,Server Room,Fans,0.216,0.216,12,1,0
2026-09-15 12:26:48,Research Wing,Ground,Server Room,Server Units,3.91,3.91,12,1,0
2026-09-15 13:26:48,Main Block,Ground,Lab 101,AC,4.966,4.966,13,1,0
2026-09-15 13:26:48,Main Block,Ground,Lab 101,Computers,1.924,1.924,13,1,0
2026-09-15 13:26:48,Main Block,Ground,Lab 101,Lights,0.301,0.301,13,1,0
2026-09-15 13:26:48,Main Block,Ground,Lab 101,Fans,0.217,0.217,13,1,0
2026-09-15 13:26:48,Main Block,Ground,Lab 101,Server Units,4.559,4.559,13,1,0
2026-09-15 13:26:48,Main Block,First,Computer Lab 201,AC,4.825,4.825,13,1,0
2026-09-15 13:26:48,Main Block,First,Computer Lab 201,Computers,6.578,6.578,13,1,0
2026-09-15 13:26:48,Main Block,First,Computer Lab 201,Lights,0.332,0.332,13,1,0
2026-09-15 13:26:48,Main Block,First,Computer Lab 201,Fans,0.175,0.175,13,1,0
2026-09-15 13:26:48,Main Block,First,Computer Lab 201,Server Units,3.836,3.836,13,1,0
2026-09-15 13:26:48,Research Wing,Ground,AI Research Lab,AC,4.449,4.449,13,1,0
2026-09-15 13:26:48,Research Wing,Ground,AI Research Lab,Computers,1.98,1.98,13,1,0
2026-09-15 13:26:48,Research Wing,Ground,AI Research Lab,Lights,0.336,0.336,13,1,0
2026-09-15 13:26:48,Research Wing,Ground,AI Research Lab,Fans,0.171,0.171,13,1,0
2026-09-15 13:26:48,Research Wing,Ground,AI Research Lab,Server Units,4.951,4.951,13,1,0
2026-09-15 13:26:48,Research Wing,Ground,Server Room,AC,4.862,4.862,13,1,0
2026-09-15 13:26:48,Research Wing,Ground,Server Room,Computers,1.897,1.897,13,1,0
2026-09-15 13:26:48,Research Wing,Ground,Server Room,Lights,0.345,0.345,13,1,0
2026-09-15 13:26:48,Research Wing,Ground,Server Room,Fans,0.207,0.207,13,1,0
2026-09-15 13:26:48,Research Wing,Ground,Server Room,Server Units,4.107,4.107,13,1,0
2026-09-15 14:26:48,Main Block,Ground,Lab 101,AC,4.035,4.035,14,1,0
2026-09-15 14:26:48,Main Block,Ground,Lab 101,Computers,2.084,2.084,14,1,0
2026-09-15 14:26:48,Main Block,Ground,Lab 101,Lights,0.258,0.258,14,1,0
2026-09-15 14:26:48,Main Block,Ground,Lab 101,Fans,0.188,0.188,14,1,0
2026-09-15 14:26:48,Main Block,Ground,Lab 101,Server Units,4.217,4.217,14,1,0
2026-09-15 14:26:48,Main Block,First,Computer Lab 201,AC,4.464,4.464,14,1,0
2026-09-15 14:26:48,Main Block,First,Computer Lab 201,Computers,2.221,2.221,14,1,0
2026-09-15 14:26:48,Main Block,First,Computer Lab 201,Lights,0.317,0.317,14,1,0
2026-09-15 14:26:48,Main Block,First,Computer Lab 201,Fans,0.203,0.203,14,1,0
2026-09-15 14:26:48,Main Block,First,Computer Lab 201,Server Units,3.831,3.831,14,1,0
2026-09-15 14:26:48,Research Wing,Ground,AI Research Lab,AC,4.228,4.228,14,1,0
2026-09-15 14:26:48,Research Wing,Ground,AI Research Lab,Computers,2.223,2.223,14,1,0
2026-09-15 14:26:48,Research Wing,Ground,AI Research Lab,Lights,0.315,0.315,14,1,0
2026-09-15 14:26:48,Research Wing,Ground,AI Research Lab,Fans,0.214,0.214,14,1,0
2026-09-15 14:26:48,Research Wing,Ground,AI Research Lab,Server Units,4.93,4.93,14,1,0
2026-09-15 14:26:48,Research Wing,Ground,Server Room,AC,4.842,4.842,14,1,0
2026-09-15 14:26:48,Research Wing,Ground,Server Room,Computers,1.91,1.91,14,1,0
2026-09-15 14:26:48,Research Wing,Ground,Server Room,Lights,0.298,0.298,14,1,0
2026-09-15 14:26:48,Research Wing,Ground,Server Room,Fans,0.175,0.175,14,1,0
2026-09-15 14:26:48,Research Wing,Ground,Server Room,Server Units,4.208,4.208,14,1,0
2026-09-15 15:26:48,Main Block,Ground,Lab 101,AC,13.051,13.051,15,1,0
2026-09-15 15:26:48,Main Block,Ground,Lab 101,Computers,2.17,2.17,15,1,0
2026-09-15 15:26:48,Main Block,Ground,Lab 101,Lights,0.262,0.262,15,1,0
2026-09-15 15:26:48,Main Block,Ground,Lab 101,Fans,0.202,0.202,15,1,0
2026-09-15 15:26:48,Main Block,Ground,Lab 101,Server Units,5.042,5.042,15,1,0
2026-09-15 15:26:48,Main Block,First,Computer Lab 201,AC,4.828,4.828,15,1,0
2026-09-15 15:26:48,Main Block,First,Computer Lab 201,Computers,1.89,1.89,15,1,0
2026-09-15 15:26:48,Main Block,First,Computer Lab 201,Lights,0.296,0.296,15,1,0
2026-09-15 15:26:48,Main Block,First,Computer Lab 201,Fans,0.216,0.216,15,1,0
2026-09-15 15:26:48,Main Block,First,Computer Lab 201,Server Units,5.02,5.02,15,1,0
2026-09-15 15:26:48,Research Wing,Ground,AI Research Lab,AC,13.584,13.584,15,1,0
2026-09-15 15:26:48,Research Wing,Ground,AI Research Lab,Computers,1.97,1.97,15,1,0
2026-09-15 15:26:48,Research Wing,Ground,AI Research Lab,Lights,0.266,0.266,15,1,0
2026-09-15 15:26:48,Research Wing,Ground,AI Research Lab,Fans,0.222,0.222,15,1,0
2026-09-15 15:26:48,Research Wing,Ground,AI Research Lab,Server Units,4.029,4.029,15,1,0
2026-09-15 15:26:48,Research Wing,Ground,Server Room,AC,4.392,4.392,15,1,0
2026-09-15 15:26:48,Research Wing,Ground,Server Room,Computers,1.8,1.8,15,1,0
2026-09-15 15:26:48,Research Wing,Ground,Server Room,Lights,0.286,0.286,15,1,0
2026-09-15 15:26:48,Research Wing,Ground,Server Room,Fans,0.223,0.223,15,1,0
2026-09-15 15:26:48,Research Wing,Ground,Server Room,Server Units,3.759,3.759,15,1,0
2026-09-15 16:26:48,Main Block,Ground,Lab 101,AC,3.847,3.847,16,1,0
2026-09-15 16:26:48,Main Block,Ground,Lab 101,Computers,2.001,2.001,16,1,0
2026-09-15 16:26:48,Main Block,Ground,Lab 101,Lights,0.318,0.318,16,1,0
2026-09-15 16:26:48,Main Block,Ground,Lab 101,Fans,0.192,0.192,16,1,0
2026-09-15 16:26:48,Main Block,Ground,Lab 101,Server Units,4.205,4.205,16,1,0
2026-09-15 16:26:48,Main Block,First,Computer Lab 201,AC,4.531,4.531,16,1,0
2026-09-15 16:26:48,Main Block,First,Computer Lab 201,Computers,1.768,1.768,16,1,0
2026-09-15 16:26:48,Main Block,First,Computer Lab 201,Lights,0.294,0.294,16,1,0
2026-09-15 16:26:48,Main Block,First,Computer Lab 201,Fans,0.201,0.201,16,1,0
2026-09-15 16:26:48,Main Block,First,Computer Lab 201,Server Units,4.244,4.244,16,1,0
2026-09-15 16:26:48,Research Wing,Ground,AI Research Lab,AC,4.755,4.755,16,1,0
2026-09-15 16:26:48,Research Wing,Ground,AI Research Lab,Computers,1.87,1.87,16,1,0
2026-09-15 16:26:48,Research Wing,Ground,AI Research Lab,Lights,0.338,0.338,16,1,0
2026-09-15 16:26:48,Research Wing,Ground,AI Research Lab,Fans,0.224,0.224,16,1,0
2026-09-15 16:26:48,Research Wing,Ground,AI Research Lab,Server Units,3.877,3.877,16,1,0
2026-09-15 16:26:48,Research Wing,Ground,Server Room,AC,4.657,4.657,16,1,0
2026-09-15 16:26:48,Research Wing,Ground,Server Room,Computers,1.998,1.998,16,1,0
2026-09-15 16:26:48,Research Wing,Ground,Server Room,Lights,0.338,0.338,16,1,0
2026-09-15 16:26:48,Research Wing,Ground,Server Room,Fans,0.192,0.192,16,1,0
2026-09-15 16:26:48,Research Wing,Ground,Server Room,Server Units,3.783,3.783,16,1,0
2026-09-15 17:26:48,Main Block,Ground,Lab 101,AC,4.393,4.393,17,1,0
2026-09-15 17:26:48,Main Block,Ground,Lab 101,Computers,1.973,1.973,17,1,0
2026-09-15 17:26:48,Main Block,Ground,Lab 101,Lights,0.273,0.273,17,1,0
2026-09-15 17:26:48,Main Block,Ground,Lab 101,Fans,0.173,0.173,17,1,0
2026-09-15 17:26:48,Main Block,Ground,Lab 101,Server Units,4.947,4.947,17,1,0
2026-09-15 17:26:48,Main Block,First,Computer Lab 201,AC,4.933,4.933,17,1,0
2026-09-15 17:26:48,Main Block,First,Computer Lab 201,Computers,6.434,6.434,17,1,0
2026-09-15 17:26:48,Main Block,First,Computer Lab 201,Lights,0.289,0.289,17,1,0
2026-09-15 17:26:48,Main Block,First,Computer Lab 201,Fans,0.182,0.182,17,1,0
2026-09-15 17:26:48,Main Block,First,Computer Lab 201,Server Units,4.089,4.089,17,1,0
2026-09-15 17:26:48,Research Wing,Ground,AI Research Lab,AC,4.898,4.898,17,1,0
2026-09-15 17:26:48,Research Wing,Ground,AI Research Lab,Computers,1.845,1.845,17,1,0
2026-09-15 17:26:48,Research Wing,Ground,AI Research Lab,Lights,0.877,0.877,17,1,0
2026-09-15 17:26:48,Research Wing,Ground,AI Research Lab,Fans,0.175,0.175,17,1,0
2026-09-15 17:26:48,Research Wing,Ground,AI Research Lab,Server Units,4.818,4.818,17,1,0
2026-09-15 17:26:48,Research Wing,Ground,Server Room,AC,4.635,4.635,17,1,0
2026-09-15 17:26:48,Research Wing,Ground,Server Room,Computers,2.275,2.275,17,1,0
2026-09-15 17:26:48,Research Wing,Ground,Server Room,Lights,0.277,0.277,17,1,0
2026-09-15 17:26:48,Research Wing,Ground,Server Room,Fans,0.177,0.177,17,1,0
2026-09-15 17:26:48,Research Wing,Ground,Server Room,Server Units,4.834,4.834,17,1,0
2026-09-15 18:26:48,Main Block,Ground,Lab 101,AC,4.605,4.605,18,1,0
2026-09-15 18:26:48,Main Block,Ground,Lab 101,Computers,2.082,2.082,18,1,0
2026-09-15 18:26:48,Main Block,Ground,Lab 101,Lights,0.271,0.271,18,1,0
2026-09-15 18:26:48,Main Block,Ground,Lab 101,Fans,0.196,0.196,18,1,0
2026-09-15 18:26:48,Main Block,Ground,Lab 101,Server Units,3.871,3.871,18,1,0
2026-09-15 18:26:48,Main Block,First,Computer Lab 201,AC,4.506,4.506,18,1,0
2026-09-15 18:26:48,Main Block,First,Computer Lab 201,Computers,2.171,2.171,18,1,0
2026-09-15 18:26:48,Main Block,First,Computer Lab 201,Lights,0.311,0.311,18,1,0
2026-09-15 18:26:48,Main Block,First,Computer Lab 201,Fans,0.198,0.198,18,1,0
2026-09-15 18:26:48,Main Block,First,Computer Lab 201,Server Units,4.009,4.009,18,1,0
2026-09-15 18:26:48,Research Wing,Ground,AI Research Lab,AC,4.416,4.416,18,1,0
2026-09-15 18:26:48,Research Wing,Ground,AI Research Lab,Computers,2.056,2.056,18,1,0
2026-09-15 18:26:48,Research Wing,Ground,AI Research Lab,Lights,0.319,0.319,18,1,0
2026-09-15 18:26:48,Research Wing,Ground,AI Research Lab,Fans,0.17,0.17,18,1,0
2026-09-15 18:26:48,Research Wing,Ground,AI Research Lab,Server Units,4.72,4.72,18,1,0
2026-09-15 18:26:48,Research Wing,Ground,Server Room,AC,4.438,4.438,18,1,0
2026-09-15 18:26:48,Research Wing,Ground,Server Room,Computers,1.915,1.915,18,1,0
2026-09-15 18:26:48,Research Wing,Ground,Server Room,Lights,0.336,0.336,18,1,0
2026-09-15 18:26:48,Research Wing,Ground,Server Room,Fans,0.197,0.197,18,1,0
2026-09-15 18:26:48,Research Wing,Ground,Server Room,Server Units,4.77,4.77,18,1,0
2026-09-15 19:26:48,Main Block,Ground,Lab 101,AC,0.25,0.25,19,1,0
2026-09-15 19:26:48,Main Block,Ground,Lab 101,Computers,0.08,0.08,19,1,0
2026-09-15 19:26:48,Main Block,Ground,Lab 101,Lights,0.02,0.02,19,1,0
2026-09-15 19:26:48,Main Block,Ground,Lab 101,Fans,0.015,0.015,19,1,0
2026-09-15 19:26:48,Main Block,Ground,Lab 101,Server Units,4.568,4.568,19,1,0
2026-09-15 19:26:48,Main Block,First,Computer Lab 201,AC,0.25,0.25,19,1,0
2026-09-15 19:26:48,Main Block,First,Computer Lab 201,Computers,0.08,0.08,19,1,0
2026-09-15 19:26:48,Main Block,First,Computer Lab 201,Lights,0.02,0.02,19,1,0
2026-09-15 19:26:48,Main Block,First,Computer Lab 201,Fans,0.015,0.015,19,1,0
2026-09-15 19:26:48,Main Block,First,Computer Lab 201,Server Units,3.881,3.881,19,1,0
2026-09-15 19:26:48,Research Wing,Ground,AI Research Lab,AC,0.25,0.25,19,1,0
2026-09-15 19:26:48,Research Wing,Ground,AI Research Lab,Computers,0.08,0.08,19,1,0
2026-09-15 19:26:48,Research Wing,Ground,AI Research Lab,Lights,0.02,0.02,19,1,0
2026-09-15 19:26:48,Research Wing,Ground,AI Research Lab,Fans,0.015,0.015,19,1,0
2026-09-15 19:26:48,Research Wing,Ground,AI Research Lab,Server Units,4.847,4.847,19,1,0
2026-09-15 19:26:48,Research Wing,Ground,Server Room,AC,0.25,0.25,19,1,0
2026-09-15 19:26:48,Research Wing,Ground,Server Room,Computers,0.24,0.24,19,1,0
2026-09-15 19:26:48,Research Wing,Ground,Server Room,Lights,0.02,0.02,19,1,0
2026-09-15 19:26:48,Research Wing,Ground,Server Room,Fans,0.015,0.015,19,1,0
2026-09-15 19:26:48,Research Wing,Ground,Server Room,Server Units,3.841,3.841,19,1,0
2026-09-15 20:26:48,Main Block,Ground,Lab 101,AC,0.25,0.25,20,1,0
2026-09-15 20:26:48,Main Block,Ground,Lab 101,Computers,0.08,0.08,20,1,0
2026-09-15 20:26:48,Main Block,Ground,Lab 101,Lights,0.02,0.02,20,1,0
2026-09-15 20:26:48,Main Block,Ground,Lab 101,Fans,0.015,0.015,20,1,0
2026-09-15 20:26:48,Main Block,Ground,Lab 101,Server Units,11.932,11.932,20,1,0
2026-09-15 20:26:48,Main Block,First,Computer Lab 201,AC,0.25,0.25,20,1,0
2026-09-15 20:26:48,Main Block,First,Computer Lab 201,Computers,0.08,0.08,20,1,0
2026-09-15 20:26:48,Main Block,First,Computer Lab 201,Lights,0.02,0.02,20,1,0
2026-09-15 20:26:48,Main Block,First,Computer Lab 201,Fans,0.015,0.015,20,1,0
2026-09-15 20:26:48,Main Block,First,Computer Lab 201,Server Units,5.028,5.028,20,1,0
2026-09-15 20:26:48,Research Wing,Ground,AI Research Lab,AC,0.25,0.25,20,1,0
2026-09-15 20:26:48,Research Wing,Ground,AI Research Lab,Computers,0.08,0.08,20,1,0
2026-09-15 20:26:48,Research Wing,Ground,AI Research Lab,Lights,0.02,0.02,20,1,0
2026-09-15 20:26:48,Research Wing,Ground,AI Research Lab,Fans,0.015,0.015,20,1,0
2026-09-15 20:26:48,Research Wing,Ground,AI Research Lab,Server Units,4.719,4.719,20,1,0
2026-09-15 20:26:48,Research Wing,Ground,Server Room,AC,0.25,0.25,20,1,0
2026-09-15 20:26:48,Research Wing,Ground,Server Room,Computers,0.08,0.08,20,1,0
2026-09-15 20:26:48,Research Wing,Ground,Server Room,Lights,0.06,0.06,20,1,0
2026-09-15 20:26:48,Research Wing,Ground,Server Room,Fans,0.015,0.015,20,1,0
2026-09-15 20:26:48,Research Wing,Ground,Server Room,Server Units,3.941,3.941,20,1,0
2026-09-15 21:26:48,Main Block,Ground,Lab 101,AC,0.25,0.25,21,1,0
2026-09-15 21:26:48,Main Block,Ground,Lab 101,Computers,0.08,0.08,21,1,0
2026-09-15 21:26:48,Main Block,Ground,Lab 101,Lights,0.02,0.02,21,1,0
2026-09-15 21:26:48,Main Block,Ground,Lab 101,Fans,0.015,0.015,21,1,0
2026-09-15 21:26:48,Main Block,Ground,Lab 101,Server Units,4.701,4.701,21,1,0
2026-09-15 21:26:48,Main Block,First,Computer Lab 201,AC,0.25,0.25,21,1,0
2026-09-15 21:26:48,Main Block,First,Computer Lab 201,Computers,0.08,0.08,21,1,0
2026-09-15 21:26:48,Main Block,First,Computer Lab 201,Lights,0.02,0.02,21,1,0
2026-09-15 21:26:48,Main Block,First,Computer Lab 201,Fans,0.015,0.015,21,1,0
2026-09-15 21:26:48,Main Block,First,Computer Lab 201,Server Units,4.468,4.468,21,1,0
2026-09-15 21:26:48,Research Wing,Ground,AI Research Lab,AC,0.25,0.25,21,1,0
2026-09-15 21:26:48,Research Wing,Ground,AI Research Lab,Computers,0.08,0.08,21,1,0
2026-09-15 21:26:48,Research Wing,Ground,AI Research Lab,Lights,0.02,0.02,21,1,0
2026-09-15 21:26:48,Research Wing,Ground,AI Research Lab,Fans,0.015,0.015,21,1,0
2026-09-15 21:26:48,Research Wing,Ground,AI Research Lab,Server Units,3.995,3.995,21,1,0
2026-09-15 21:26:48,Research Wing,Ground,Server Room,AC,0.25,0.25,21,1,0
2026-09-15 21:26:48,Research Wing,Ground,Server Room,Computers,0.08,0.08,21,1,0
2026-09-15 21:26:48,Research Wing,Ground,Server Room,Lights,0.02,0.02,21,1,0
2026-09-15 21:26:48,Research Wing,Ground,Server Room,Fans,0.015,0.015,21,1,0
2026-09-15 21:26:48,Research Wing,Ground,Server Room,Server Units,4.51,4.51,21,1,0
2026-09-15 22:26:48,Main Block,Ground,Lab 101,AC,0.25,0.25,22,1,0
2026-09-15 22:26:48,Main Block,Ground,Lab 101,Computers,0.08,0.08,22,1,0
2026-09-15 22:26:48,Main Block,Ground,Lab 101,Lights,0.02,0.02,22,1,0
2026-09-15 22:26:48,Main Block,Ground,Lab 101,Fans,0.015,0.015,22,1,0
2026-09-15 22:26:48,Main Block,Ground,Lab 101,Server Units,4.905,4.905,22,1,0
2026-09-15 22:26:48,Main Block,First,Computer Lab 201,AC,0.25,0.25,22,1,0
2026-09-15 22:26:48,Main Block,First,Computer Lab 201,Computers,0.08,0.08,22,1,0
2026-09-15 22:26:48,Main Block,First,Computer Lab 201,Lights,0.02,0.02,22,1,0
2026-09-15 22:26:48,Main Block,First,Computer Lab 201,Fans,0.015,0.015,22,1,0
2026-09-15 22:26:48,Main Block,First,Computer Lab 201,Server Units,4.307,4.307,22,1,0
2026-09-15 22:26:48,Research Wing,Ground,AI Research Lab,AC,0.25,0.25,22,1,0
2026-09-15 22:26:48,Research Wing,Ground,AI Research Lab,Computers,0.08,0.08,22,1,0
2026-09-15 22:26:48,Research Wing,Ground,AI Research Lab,Lights,0.02,0.02,22,1,0
2026-09-15 22:26:48,Research Wing,Ground,AI Research Lab,Fans,0.015,0.015,22,1,0
2026-09-15 22:26:48,Research Wing,Ground,AI Research Lab,Server Units,3.785,3.785,22,1,0
2026-09-15 22:26:48,Research Wing,Ground,Server Room,AC,0.25,0.25,22,1,0
2026-09-15 22:26:48,Research Wing,Ground,Server Room,Computers,0.08,0.08,22,1,0
2026-09-15 22:26:48,Research Wing,Ground,Server Room,Lights,0.02,0.02,22,1,0
2026-09-15 22:26:48,Research Wing,Ground,Server Room,Fans,0.015,0.015,22,1,0
2026-09-15 22:26:48,Research Wing,Ground,Server Room,Server Units,5.014,5.014,22,1,0
2026-09-15 23:26:48,Main Block,Ground,Lab 101,AC,0.25,0.25,23,1,0
2026-09-15 23:26:48,Main Block,Ground,Lab 101,Computers,0.08,0.08,23,1,0
2026-09-15 23:26:48,Main Block,Ground,Lab 101,Lights,0.02,0.02,23,1,0
2026-09-15 23:26:48,Main Block,Ground,Lab 101,Fans,0.015,0.015,23,1,0
2026-09-15 23:26:48,Main Block,Ground,Lab 101,Server Units,4.212,4.212,23,1,0
2026-09-15 23:26:48,Main Block,First,Computer Lab 201,AC,0.25,0.25,23,1,0
2026-09-15 23:26:48,Main Block,First,Computer Lab 201,Computers,0.08,0.08,23,1,0
2026-09-15 23:26:48,Main Block,First,Computer Lab 201,Lights,0.02,0.02,23,1,0
2026-09-15 23:26:48,Main Block,First,Computer Lab 201,Fans,0.015,0.015,23,1,0
2026-09-15 23:26:48,Main Block,First,Computer Lab 201,Server Units,12.482,12.482,23,1,0
2026-09-15 23:26:48,Research Wing,Ground,AI Research Lab,AC,0.25,0.25,23,1,0
2026-09-15 23:26:48,Research Wing,Ground,AI Research Lab,Computers,0.08,0.08,23,1,0
2026-09-15 23:26:48,Research Wing,Ground,AI Research Lab,Lights,0.02,0.02,23,1,0
2026-09-15 23:26:48,Research Wing,Ground,AI Research Lab,Fans,0.015,0.015,23,1,0
2026-09-15 23:26:48,Research Wing,Ground,AI Research Lab,Server Units,4.481,4.481,23,1,0
2026-09-15 23:26:48,Research Wing,Ground,Server Room,AC,0.25,0.25,23,1,0
2026-09-15 23:26:48,Research Wing,Ground,Server Room,Computers,0.08,0.08,23,1,0
2026-09-15 23:26:48,Research Wing,Ground,Server Room,Lights,0.02,0.02,23,1,0
2026-09-15 23:26:48,Research Wing,Ground,Server Room,Fans,0.015,0.015,23,1,0
2026-09-15 23:26:48,Research Wing,Ground,Server Room,Server Units,4.542,4.542,23,1,0
2026-09-16 00:26:48,Main Block,Ground,Lab 101,AC,0.25,0.25,0,2,0
2026-09-16 00:26:48,Main Block,Ground,Lab 101,Computers,0.08,0.08,0,2,0
2026-09-16 00:26:48,Main Block,Ground,Lab 101,Lights,0.02,0.02,0,2,0
2026-09-16 00:26:48,Main Block,Ground,Lab 101,Fans,0.015,0.015,0,2,0
2026-09-16 00:26:48,Main Block,Ground,Lab 101,Server Units,4.738,4.738,0,2,0
2026-09-16 00:26:48,Main Block,First,Computer Lab 201,AC,0.25,0.25,0,2,0
2026-09-16 00:26:48,Main Block,First,Computer Lab 201,Computers,0.08,0.08,0,2,0
2026-09-16 00:26:48,Main Block,First,Computer Lab 201,Lights,0.02,0.02,0,2,0
2026-09-16 00:26:48,Main Block,First,Computer Lab 201,Fans,0.015,0.015,0,2,0
2026-09-16 00:26:48,Main Block,First,Computer Lab 201,Server Units,5.047,5.047,0,2,0
2026-09-16 00:26:48,Research Wing,Ground,AI Research Lab,AC,0.25,0.25,0,2,0
2026-09-16 00:26:48,Research Wing,Ground,AI Research Lab,Computers,0.08,0.08,0,2,0
2026-09-16 00:26:48,Research Wing,Ground,AI Research Lab,Lights,0.02,0.02,0,2,0
2026-09-16 00:26:48,Research Wing,Ground,AI Research Lab,Fans,0.015,0.015,0,2,0
2026-09-16 00:26:48,Research Wing,Ground,AI Research Lab,Server Units,4.501,4.501,0,2,0
2026-09-16 00:26:48,Research Wing,Ground,Server Room,AC,0.25,0.25,0,2,0
2026-09-16 00:26:48,Research Wing,Ground,Server Room,Computers,0.08,0.08,0,2,0
2026-09-16 00:26:48,Research Wing,Ground,Server Room,Lights,0.02,0.02,0,2,0
2026-09-16 00:26:48,Research Wing,Ground,Server Room,Fans,0.015,0.015,0,2,0
2026-09-16 00:26:48,Research Wing,Ground,Server Room,Server Units,4.115,4.115,0,2,0
2026-09-16 01:26:48,Main Block,Ground,Lab 101,AC,0.25,0.25,1,2,0
2026-09-16 01:26:48,Main Block,Ground,Lab 101,Computers,0.08,0.08,1,2,0
2026-09-16 01:26:48,Main Block,Ground,Lab 101,Lights,0.02,0.02,1,2,0
2026-09-16 01:26:48,Main Block,Ground,Lab 101,Fans,0.015,0.015,1,2,0
2026-09-16 01:26:48,Main Block,Ground,Lab 101,Server Units,4.591,4.591,1,2,0
2026-09-16 01:26:48,Main Block,First,Computer Lab 201,AC,0.25,0.25,1,2,0
2026-09-16 01:26:48,Main Block,First,Computer Lab 201,Computers,0.08,0.08,1,2,0
2026-09-16 01:26:48,Main Block,First,Computer Lab 201,Lights,0.02,0.02,1,2,0
2026-09-16 01:26:48,Main Block,First,Computer Lab 201,Fans,0.015,0.015,1,2,0
2026-09-16 01:26:48,Main Block,First,Computer Lab 201,Server Units,4.735,4.735,1,2,0
2026-09-16 01:26:48,Research Wing,Ground,AI Research Lab,AC,0.25,0.25,1,2,0
2026-09-16 01:26:48,Research Wing,Ground,AI Research Lab,Computers,0.08,0.08,1,2,0
2026-09-16 01:26:48,Research Wing,Ground,AI Research Lab,Lights,0.02,0.02,1,2,0
2026-09-16 01:26:48,Research Wing,Ground,AI Research Lab,Fans,0.015,0.015,1,2,0
2026-09-16 01:26:48,Research Wing,Ground,AI Research Lab,Server Units,4.659,4.659,1,2,0
2026-09-16 01:26:48,Research Wing,Ground,Server Room,AC,0.25,0.25,1,2,0
2026-09-16 01:26:48,Research Wing,Ground,Server Room,Computers,0.08,0.08,1,2,0
2026-09-16 01:26:48,Research Wing,Ground,Server Room,Lights,0.02,0.02,1,2,0
2026-09-16 01:26:48,Research Wing,Ground,Server Room,Fans,0.015,0.015,1,2,0
2026-09-16 01:26:48,Research Wing,Ground,Server Room,Server Units,4.556,4.556,1,2,0
2026-09-16 02:26:48,Main Block,Ground,Lab 101,AC,0.25,0.25,2,2,0
2026-09-16 02:26:48,Main Block,Ground,Lab 101,Computers,0.24,0.24,2,2,0
2026-09-16 02:26:48,Main Block,Ground,Lab 101,Lights,0.02,0.02,2,2,0
2026-09-16 02:26:48,Main Block,Ground,Lab 101,Fans,0.015,0.015,2,2,0
2026-09-16 02:26:48,Main Block,Ground,Lab 101,Server Units,4.648,4.648,2,2,0
2026-09-16 02:26:48,Main Block,First,Computer Lab 201,AC,0.25,0.25,2,2,0
2026-09-16 02:26:48,Main Block,First,Computer Lab 201,Computers,0.08,0.08,2,2,0
2026-09-16 02:26:48,Main Block,First,Computer Lab 201,Lights,0.02,0.02,2,2,0
2026-09-16 02:26:48,Main Block,First,Computer Lab 201,Fans,0.015,0.015,2,2,0
2026-09-16 02:26:48,Main Block,First,Computer Lab 201,Server Units,4.932,4.932,2,2,0
2026-09-16 02:26:48,Research Wing,Ground,AI Research Lab,AC,0.25,0.25,2,2,0
2026-09-16 02:26:48,Research Wing,Ground,AI Research Lab,Computers,0.08,0.08,2,2,0
2026-09-16 02:26:48,Research Wing,Ground,AI Research Lab,Lights,0.02,0.02,2,2,0
2026-09-16 02:26:48,Research Wing,Ground,AI Research Lab,Fans,0.015,0.015,2,2,0
2026-09-16 02:26:48,Research Wing,Ground,AI Research Lab,Server Units,3.886,3.886,2,2,0
2026-09-16 02:26:48,Research Wing,Ground,Server Room,AC,0.25,0.25,2,2,0
2026-09-16 02:26:48,Research Wing,Ground,Server Room,Computers,0.08,0.08,2,2,0
2026-09-16 02:26:48,Research Wing,Ground,Server Room,Lights,0.02,0.02,2,2,0
2026-09-16 02:26:48,Research Wing,Ground,Server Room,Fans,0.015,0.015,2,2,0
2026-09-16 02:26:48,Research Wing,Ground,Server Room,Server Units,4.096,4.096,2,2,0
2026-09-16 03:26:48,Main Block,Ground,Lab 101,AC,0.25,0.25,3,2,0
2026-09-16 03:26:48,Main Block,Ground,Lab 101,Computers,0.08,0.08,3,2,0
2026-09-16 03:26:48,Main Block,Ground,Lab 101,Lights,0.02,0.02,3,2,0
2026-09-16 03:26:48,Main Block,Ground,Lab 101,Fans,0.015,0.015,3,2,0
2026-09-16 03:26:48,Main Block,Ground,Lab 101,Server Units,4.734,4.734,3,2,0
2026-09-16 03:26:48,Main Block,First,Computer Lab 201,AC,0.25,0.25,3,2,0
2026-09-16 03:26:48,Main Block,First,Computer Lab 201,Computers,0.08,0.08,3,2,0
2026-09-16 03:26:48,Main Block,First,Computer Lab 201,Lights,0.02,0.02,3,2,0
2026-09-16 03:26:48,Main Block,First,Computer Lab 201,Fans,0.015,0.015,3,2,0
2026-09-16 03:26:48,Main Block,First,Computer Lab 201,Server Units,4.436,4.436,3,2,0
2026-09-16 03:26:48,Research Wing,Ground,AI Research Lab,AC,0.25,0.25,3,2,0
2026-09-16 03:26:48,Research Wing,Ground,AI Research Lab,Computers,0.08,0.08,3,2,0
2026-09-16 03:26:48,Research Wing,Ground,AI Research Lab,Lights,0.02,0.02,3,2,0
2026-09-16 03:26:48,Research Wing,Ground,AI Research Lab,Fans,0.015,0.015,3,2,0
2026-09-16 03:26:48,Research Wing,Ground,AI Research Lab,Server Units,4.038,4.038,3,2,0
2026-09-16 03:26:48,Research Wing,Ground,Server Room,AC,0.25,0.25,3,2,0
2026-09-16 03:26:48,Research Wing,Ground,Server Room,Computers,0.08,0.08,3,2,0
2026-09-16 03:26:48,Research Wing,Ground,Server Room,Lights,0.02,0.02,3,2,0
2026-09-16 03:26:48,Research Wing,Ground,Server Room,Fans,0.015,0.015,3,2,0
2026-09-16 03:26:48,Research Wing,Ground,Server Room,Server Units,4.611,4.611,3,2,0
2026-09-16 04:26:48,Main Block,Ground,Lab 101,AC,0.25,0.25,4,2,0
2026-09-16 04:26:48,Main Block,Ground,Lab 101,Computers,0.08,0.08,4,2,0
2026-09-16 04:26:48,Main Block,Ground,Lab 101,Lights,0.02,0.02,4,2,0
2026-09-16 04:26:48,Main Block,Ground,Lab 101,Fans,0.015,0.015,4,2,0
2026-09-16 04:26:48,Main Block,Ground,Lab 101,Server Units,3.757,3.757,4,2,0
2026-09-16 04:26:48,Main Block,First,Computer Lab 201,AC,0.25,0.25,4,2,0
2026-09-16 04:26:48,Main Block,First,Computer Lab 201,Computers,0.08,0.08,4,2,0
2026-09-16 04:26:48,Main Block,First,Computer Lab 201,Lights,0.02,0.02,4,2,0
2026-09-16 04:26:48,Main Block,First,Computer Lab 201,Fans,0.015,0.015,4,2,0
2026-09-16 04:26:48,Main Block,First,Computer Lab 201,Server Units,4.519,4.519,4,2,0
2026-09-16 04:26:48,Research Wing,Ground,AI Research Lab,AC,0.25,0.25,4,2,0
2026-09-16 04:26:48,Research Wing,Ground,AI Research Lab,Computers,0.08,0.08,4,2,0
2026-09-16 04:26:48,Research Wing,Ground,AI Research Lab,Lights,0.02,0.02,4,2,0
2026-09-16 04:26:48,Research Wing,Ground,AI Research Lab,Fans,0.015,0.015,4,2,0
2026-09-16 04:26:48,Research Wing,Ground,AI Research Lab,Server Units,3.943,3.943,4,2,0
2026-09-16 04:26:48,Research Wing,Ground,Server Room,AC,0.25,0.25,4,2,0
2026-09-16 04:26:48,Research Wing,Ground,Server Room,Computers,0.08,0.08,4,2,0
2026-09-16 04:26:48,Research Wing,Ground,Server Room,Lights,0.02,0.02,4,2,0
2026-09-16 04:26:48,Research Wing,Ground,Server Room,Fans,0.015,0.015,4,2,0
2026-09-16 04:26:48,Research Wing,Ground,Server Room,Server Units,4.886,4.886,4,2,0
2026-09-16 05:26:48,Main Block,Ground,Lab 101,AC,0.25,0.25,5,2,0
2026-09-16 05:26:48,Main Block,Ground,Lab 101,Computers,0.08,0.08,5,2,0
2026-09-16 05:26:48,Main Block,Ground,Lab 101,Lights,0.02,0.02,5,2,0
2026-09-16 05:26:48,Main Block,Ground,Lab 101,Fans,0.015,0.015,5,2,0
2026-09-16 05:26:48,Main Block,Ground,Lab 101,Server Units,4.145,4.145,5,2,0
2026-09-16 05:26:48,Main Block,First,Computer Lab 201,AC,0.25,0.25,5,2,0
2026-09-16 05:26:48,Main Block,First,Computer Lab 201,Computers,0.08,0.08,5,2,0
2026-09-16 05:26:48,Main Block,First,Computer Lab 201,Lights,0.02,0.02,5,2,0
2026-09-16 05:26:48,Main Block,First,Computer Lab 201,Fans,0.015,0.015,5,2,0
2026-09-16 05:26:48,Main Block,First,Computer Lab 201,Server Units,4.058,4.058,5,2,0
2026-09-16 05:26:48,Research Wing,Ground,AI Research Lab,AC,0.25,0.25,5,2,0
2026-09-16 05:26:48,Research Wing,Ground,AI Research Lab,Computers,0.08,0.08,5,2,0
2026-09-16 05:26:48,Research Wing,Ground,AI Research Lab,Lights,0.02,0.02,5,2,0
2026-09-16 05:26:48,Research Wing,Ground,AI Research Lab,Fans,0.015,0.015,5,2,0
2026-09-16 05:26:48,Research Wing,Ground,AI Research Lab,Server Units,4.091,4.091,5,2,0
2026-09-16 05:26:48,Research Wing,Ground,Server Room,AC,0.25,0.25,5,2,0
2026-09-16 05:26:48,Research Wing,Ground,Server Room,Computers,0.08,0.08,5,2,0
2026-09-16 05:26:48,Research Wing,Ground,Server Room,Lights,0.02,0.02,5,2,0
2026-09-16 05:26:48,Research Wing,Ground,Server Room,Fans,0.015,0.015,5,2,0
2026-09-16 05:26:48,Research Wing,Ground,Server Room,Server Units,4.41,4.41,5,2,0
2026-09-16 06:26:48,Main Block,Ground,Lab 101,AC,0.25,0.25,6,2,0
2026-09-16 06:26:48,Main Block,Ground,Lab 101,Computers,0.08,0.08,6,2,0
2026-09-16 06:26:48,Main Block,Ground,Lab 101,Lights,0.02,0.02,6,2,0
2026-09-16 06:26:48,Main Block,Ground,Lab 101,Fans,0.015,0.015,6,2,0
2026-09-16 06:26:48,Main Block,Ground,Lab 101,Server Units,4.298,4.298,6,2,0
2026-09-16 06:26:48,Main Block,First,Computer Lab 201,AC,0.25,0.25,6,2,0
2026-09-16 06:26:48,Main Block,First,Computer Lab 201,Computers,0.08,0.08,6,2,0
2026-09-16 06:26:48,Main Block,First,Computer Lab 201,Lights,0.02,0.02,6,2,0
2026-09-16 06:26:48,Main Block,First,Computer Lab 201,Fans,0.015,0.015,6,2,0
2026-09-16 06:26:48,Main Block,First,Computer Lab 201,Server Units,4.312,4.312,6,2,0
2026-09-16 06:26:48,Research Wing,Ground,AI Research Lab,AC,0.25,0.25,6,2,0
2026-09-16 06:26:48,Research Wing,Ground,AI Research Lab,Computers,0.08,0.08,6,2,0
2026-09-16 06:26:48,Research Wing,Ground,AI Research Lab,Lights,0.02,0.02,6,2,0
2026-09-16 06:26:48,Research Wing,Ground,AI Research Lab,Fans,0.015,0.015,6,2,0
2026-09-16 06:26:48,Research Wing,Ground,AI Research Lab,Server Units,3.787,3.787,6,2,0
2026-09-16 06:26:48,Research Wing,Ground,Server Room,AC,0.25,0.25,6,2,0
2026-09-16 06:26:48,Research Wing,Ground,Server Room,Computers,0.08,0.08,6,2,0
2026-09-16 06:26:48,Research Wing,Ground,Server Room,Lights,0.02,0.02,6,2,0
2026-09-16 06:26:48,Research Wing,Ground,Server Room,Fans,0.015,0.015,6,2,0
2026-09-16 06:26:48,Research Wing,Ground,Server Room,Server Units,4.685,4.685,6,2,0
2026-09-16 07:26:48,Main Block,Ground,Lab 101,AC,0.25,0.25,7,2,0
2026-09-16 07:26:48,Main Block,Ground,Lab 101,Computers,0.08,0.08,7,2,0
2026-09-16 07:26:48,Main Block,Ground,Lab 101,Lights,0.02,0.02,7,2,0
2026-09-16 07:26:48,Main Block,Ground,Lab 101,Fans,0.015,0.015,7,2,0
2026-09-16 07:26:48,Main Block,Ground,Lab 101,Server Units,4.012,4.012,7,2,0
2026-09-16 07:26:48,Main Block,First,Computer Lab 201,AC,0.25,0.25,7,2,0
2026-09-16 07:26:48,Main Block,First,Computer Lab 201,Computers,0.08,0.08,7,2,0
2026-09-16 07:26:48,Main Block,First,Computer Lab 201,Lights,0.02,0.02,7,2,0
2026-09-16 07:26:48,Main Block,First,Computer Lab 201,Fans,0.015,0.015,7,2,0
2026-09-16 07:26:48,Main Block,First,Computer Lab 201,Server Units,3.864,3.864,7,2,0
2026-09-16 07:26:48,Research Wing,Ground,AI Research Lab,AC,0.25,0.25,7,2,0
2026-09-16 07:26:48,Research Wing,Ground,AI Research Lab,Computers,0.08,0.08,7,2,0
2026-09-16 07:26:48,Research Wing,Ground,AI Research Lab,Lights,0.02,0.02,7,2,0
2026-09-16 07:26:48,Research Wing,Ground,AI Research Lab,Fans,0.015,0.015,7,2,0
2026-09-16 07:26:48,Research Wing,Ground,AI Research Lab,Server Units,4.055,4.055,7,2,0
2026-09-16 07:26:48,Research Wing,Ground,Server Room,AC,0.25,0.25,7,2,0
2026-09-16 07:26:48,Research Wing,Ground,Server Room,Computers,0.08,0.08,7,2,0
2026-09-16 07:26:48,Research Wing,Ground,Server Room,Lights,0.02,0.02,7,2,0
2026-09-16 07:26:48,Research Wing,Ground,Server Room,Fans,0.015,0.015,7,2,0
2026-09-16 07:26:48,Research Wing,Ground,Server Room,Server Units,3.757,3.757,7,2,0
2026-09-16 08:26:48,Main Block,Ground,Lab 101,AC,4.276,4.276,8,2,0
2026-09-16 08:26:48,Main Block,Ground,Lab 101,Computers,1.858,1.858,8,2,0
2026-09-16 08:26:48,Main Block,Ground,Lab 101,Lights,0.316,0.316,8,2,0
2026-09-16 08:26:48,Main Block,Ground,Lab 101,Fans,0.2,0.2,8,2,0
2026-09-16 08:26:48,Main Block,Ground,Lab 101,Server Units,4.51,4.51,8,2,0
2026-09-16 08:26:48,Main Block,First,Computer Lab 201,AC,4.159,4.159,8,2,0
2026-09-16 08:26:48,Main Block,First,Computer Lab 201,Computers,2.191,2.191,8,2,0
2026-09-16 08:26:48,Main Block,First,Computer Lab 201,Lights,0.344,0.344,8,2,0
2026-09-16 08:26:48,Main Block,First,Computer Lab 201,Fans,0.196,0.196,8,2,0
2026-09-16 08:26:48,Main Block,First,Computer Lab 201,Server Units,3.933,3.933,8,2,0
2026-09-16 08:26:48,Research Wing,Ground,AI Research Lab,AC,4.236,4.236,8,2,0
2026-09-16 08:26:48,Research Wing,Ground,AI Research Lab,Computers,1.972,1.972,8,2,0
2026-09-16 08:26:48,Research Wing,Ground,AI Research Lab,Lights,0.344,0.344,8,2,0
2026-09-16 08:26:48,Research Wing,Ground,AI Research Lab,Fans,0.194,0.194,8,2,0
2026-09-16 08:26:48,Research Wing,Ground,AI Research Lab,Server Units,3.758,3.758,8,2,0
2026-09-16 08:26:48,Research Wing,Ground,Server Room,AC,4.784,4.784,8,2,0
2026-09-16 08:26:48,Research Wing,Ground,Server Room,Computers,2.165,2.165,8,2,0
2026-09-16 08:26:48,Research Wing,Ground,Server Room,Lights,0.336,0.336,8,2,0
2026-09-16 08:26:48,Research Wing,Ground,Server Room,Fans,0.172,0.172,8,2,0
2026-09-16 08:26:48,Research Wing,Ground,Server Room,Server Units,14.104,14.104,8,2,0
2026-09-16 09:26:48,Main Block,Ground,Lab 101,AC,5.146,5.146,9,2,0
2026-09-16 09:26:48,Main Block,Ground,Lab 101,Computers,2.096,2.096,9,2,0
2026-09-16 09:26:48,Main Block,Ground,Lab 101,Lights,0.3,0.3,9,2,0
2026-09-16 09:26:48,Main Block,Ground,Lab 101,Fans,0.209,0.209,9,2,0
2026-09-16 09:26:48,Main Block,Ground,Lab 101,Server Units,4.214,4.214,9,2,0
2026-09-16 09:26:48,Main Block,First,Computer Lab 201,AC,4.087,4.087,9,2,0
2026-09-16 09:26:48,Main Block,First,Computer Lab 201,Computers,2.083,2.083,9,2,0
2026-09-16 09:26:48,Main Block,First,Computer Lab 201,Lights,0.334,0.334,9,2,0
2026-09-16 09:26:48,Main Block,First,Computer Lab 201,Fans,0.218,0.218,9,2,0
2026-09-16 09:26:48,Main Block,First,Computer Lab 201,Server Units,5.005,5.005,9,2,0
2026-09-16 09:26:48,Research Wing,Ground,AI Research Lab,AC,4.183,4.183,9,2,0
2026-09-16 09:26:48,Research Wing,Ground,AI Research Lab,Computers,2.233,2.233,9,2,0
2026-09-16 09:26:48,Research Wing,Ground,AI Research Lab,Lights,0.293,0.293,9,2,0
2026-09-16 09:26:48,Research Wing,Ground,AI Research Lab,Fans,0.184,0.184,9,2,0
2026-09-16 09:26:48,Research Wing,Ground,AI Research Lab,Server Units,4.427,4.427,9,2,0
2026-09-16 09:26:48,Research Wing,Ground,Server Room,AC,4.652,4.652,9,2,0
2026-09-16 09:26:48,Research Wing,Ground,Server Room,Computers,1.973,1.973,9,2,0
2026-09-16 09:26:48,Research Wing,Ground,Server Room,Lights,0.326,0.326,9,2,0
2026-09-16 09:26:48,Research Wing,Ground,Server Room,Fans,0.222,0.222,9,2,0
2026-09-16 09:26:48,Research Wing,Ground,Server Room,Server Units,4.645,4.645,9,2,0
2026-09-16 10:26:48,Main Block,Ground,Lab 101,AC,4.028,4.028,10,2,0
2026-09-16 10:26:48,Main Block,Ground,Lab 101,Computers,2.074,2.074,10,2,0
2026-09-16 10:26:48,Main Block,Ground,Lab 101,Lights,0.282,0.282,10,2,0
2026-09-16 10:26:48,Main Block,Ground,Lab 101,Fans,0.638,0.638,10,2,0
2026-09-16 10:26:48,Main Block,Ground,Lab 101,Server Units,3.794,3.794,10,2,0
2026-09-16 10:26:48,Main Block,First,Computer Lab 201,AC,4.626,4.626,10,2,0
2026-09-16 10:26:48,Main Block,First,Computer Lab 201,Computers,1.883,1.883,10,2,0
2026-09-16 10:26:48,Main Block,First,Computer Lab 201,Lights,0.943,0.943,10,2,0
2026-09-16 10:26:48,Main Block,First,Computer Lab 201,Fans,0.18,0.18,10,2,0
2026-09-16 10:26:48,Main Block,First,Computer Lab 201,Server Units,4.114,4.114,10,2,0
2026-09-16 10:26:48,Research Wing,Ground,AI Research Lab,AC,4.723,4.723,10,2,0
2026-09-16 10:26:48,Research Wing,Ground,AI Research Lab,Computers,1.793,1.793,10,2,0
2026-09-16 10:26:48,Research Wing,Ground,AI Research Lab,Lights,0.279,0.279,10,2,0
2026-09-16 10:26:48,Research Wing,Ground,AI Research Lab,Fans,0.177,0.177,10,2,0
2026-09-16 10:26:48,Research Wing,Ground,AI Research Lab,Server Units,3.847,3.847,10,2,0
2026-09-16 10:26:48,Research Wing,Ground,Server Room,AC,4.464,4.464,10,2,0
2026-09-16 10:26:48,Research Wing,Ground,Server Room,Computers,2.187,2.187,10,2,0
2026-09-16 10:26:48,Research Wing,Ground,Server Room,Lights,0.293,0.293,10,2,0
2026-09-16 10:26:48,Research Wing,Ground,Server Room,Fans,0.171,0.171,10,2,0
2026-09-16 10:26:48,Research Wing,Ground,Server Room,Server Units,4.139,4.139,10,2,0
2026-09-16 11:26:48,Main Block,Ground,Lab 101,AC,4.586,4.586,11,2,0
2026-09-16 11:26:48,Main Block,Ground,Lab 101,Computers,1.893,1.893,11,2,0
2026-09-16 11:26:48,Main Block,Ground,Lab 101,Lights,0.316,0.316,11,2,0
2026-09-16 11:26:48,Main Block,Ground,Lab 101,Fans,0.174,0.174,11,2,0
2026-09-16 11:26:48,Main Block,Ground,Lab 101,Server Units,4.137,4.137,11,2,0
2026-09-16 11:26:48,Main Block,First,Computer Lab 201,AC,4.59,4.59,11,2,0
2026-09-16 11:26:48,Main Block,First,Computer Lab 201,Computers,2.027,2.027,11,2,0
2026-09-16 11:26:48,Main Block,First,Computer Lab 201,Lights,0.334,0.334,11,2,0
2026-09-16 11:26:48,Main Block,First,Computer Lab 201,Fans,0.174,0.174,11,2,0
2026-09-16 11:26:48,Main Block,First,Computer Lab 201,Server Units,4.154,4.154,11,2,0
2026-09-16 11:26:48,Research Wing,Ground,AI Research Lab,AC,4.787,4.787,11,2,0
2026-09-16 11:26:48,Research Wing,Ground,AI Research Lab,Computers,1.957,1.957,11,2,0
2026-09-16 11:26:48,Research Wing,Ground,AI Research Lab,Lights,0.292,0.292,11,2,0
2026-09-16 11:26:48,Research Wing,Ground,AI Research Lab,Fans,0.198,0.198,11,2,0
2026-09-16 11:26:48,Research Wing,Ground,AI Research Lab,Server Units,4.296,4.296,11,2,0
2026-09-16 11:26:48,Research Wing,Ground,Server Room,AC,4.656,4.656,11,2,0
2026-09-16 11:26:48,Research Wing,Ground,Server Room,Computers,1.846,1.846,11,2,0
2026-09-16 11:26:48,Research Wing,Ground,Server Room,Lights,0.266,0.266,11,2,0
2026-09-16 11:26:48,Research Wing,Ground,Server Room,Fans,0.199,0.199,11,2,0
2026-09-16 11:26:48,Research Wing,Ground,Server Room,Server Units,4.737,4.737,11,2,0
2026-09-16 12:26:48,Main Block,Ground,Lab 101,AC,13.107,13.107,12,2,0
2026-09-16 12:26:48,Main Block,Ground,Lab 101,Computers,2.184,2.184,12,2,0
2026-09-16 12:26:48,Main Block,Ground,Lab 101,Lights,0.296,0.296,12,2,0
2026-09-16 12:26:48,Main Block,Ground,Lab 101,Fans,0.169,0.169,12,2,0
2026-09-16 12:26:48,Main Block,Ground,Lab 101,Server Units,4.598,4.598,12,2,0
2026-09-16 12:26:48,Main Block,First,Computer Lab 201,AC,3.956,3.956,12,2,0
2026-09-16 12:26:48,Main Block,First,Computer Lab 201,Computers,1.989,1.989,12,2,0
2026-09-16 12:26:48,Main Block,First,Computer Lab 201,Lights,0.26,0.26,12,2,0
2026-09-16 12:26:48,Main Block,First,Computer Lab 201,Fans,0.205,0.205,12,2,0
2026-09-16 12:26:48,Main Block,First,Computer Lab 201,Server Units,3.81,3.81,12,2,0
2026-09-16 12:26:48,Research Wing,Ground,AI Research Lab,AC,4.02,4.02,12,2,0
2026-09-16 12:26:48,Research Wing,Ground,AI Research Lab,Computers,1.997,1.997,12,2,0
2026-09-16 12:26:48,Research Wing,Ground,AI Research Lab,Lights,0.316,0.316,12,2,0
2026-09-16 12:26:48,Research Wing,Ground,AI Research Lab,Fans,0.183,0.183,12,2,0
2026-09-16 12:26:48,Research Wing,Ground,AI Research Lab,Server Units,15.137,15.137,12,2,0
2026-09-16 12:26:48,Research Wing,Ground,Server Room,AC,4.48,4.48,12,2,0
2026-09-16 12:26:48,Research Wing,Ground,Server Room,Computers,5.306,5.306,12,2,0
2026-09-16 12:26:48,Research Wing,Ground,Server Room,Lights,0.309,0.309,12,2,0
2026-09-16 12:26:48,Research Wing,Ground,Server Room,Fans,0.171,0.171,12,2,0
2026-09-16 12:26:48,Research Wing,Ground,Server Room,Server Units,4.365,4.365,12,2,0
2026-09-16 13:26:48,Main Block,Ground,Lab 101,AC,4.424,4.424,13,2,0
2026-09-16 13:26:48,Main Block,Ground,Lab 101,Computers,1.773,1.773,13,2,0
2026-09-16 13:26:48,Main Block,Ground,Lab 101,Lights,0.343,0.343,13,2,0
2026-09-16 13:26:48,Main Block,Ground,Lab 101,Fans,0.215,0.215,13,2,0
2026-09-16 13:26:48,Main Block,Ground,Lab 101,Server Units,4.825,4.825,13,2,0
2026-09-16 13:26:48,Main Block,First,Computer Lab 201,AC,4.985,4.985,13,2,0
2026-09-16 13:26:48,Main Block,First,Computer Lab 201,Computers,1.959,1.959,13,2,0
2026-09-16 13:26:48,Main Block,First,Computer Lab 201,Lights,0.272,0.272,13,2,0
2026-09-16 13:26:48,Main Block,First,Computer Lab 201,Fans,0.204,0.204,13,2,0
2026-09-16 13:26:48,Main Block,First,Computer Lab 201,Server Units,4.719,4.719,13,2,0
2026-09-16 13:26:48,Research Wing,Ground,AI Research Lab,AC,4.468,4.468,13,2,0
2026-09-16 13:26:48,Research Wing,Ground,AI Research Lab,Computers,2.101,2.101,13,2,0
2026-09-16 13:26:48,Research Wing,Ground,AI Research Lab,Lights,0.299,0.299,13,2,0
2026-09-16 13:26:48,Research Wing,Ground,AI Research Lab,Fans,0.189,0.189,13,2,0
2026-09-16 13:26:48,Research Wing,Ground,AI Research Lab,Server Units,3.882,3.882,13,2,0
2026-09-16 13:26:48,Research Wing,Ground,Server Room,AC,4.399,4.399,13,2,0
2026-09-16 13:26:48,Research Wing,Ground,Server Room,Computers,1.974,1.974,13,2,0
2026-09-16 13:26:48,Research Wing,Ground,Server Room,Lights,0.256,0.256,13,2,0
2026-09-16 13:26:48,Research Wing,Ground,Server Room,Fans,0.203,0.203,13,2,0
2026-09-16 13:26:48,Research Wing,Ground,Server Room,Server Units,4.558,4.558,13,2,0
2026-09-16 14:26:48,Main Block,Ground,Lab 101,AC,5.05,5.05,14,2,0
2026-09-16 14:26:48,Main Block,Ground,Lab 101,Computers,1.981,1.981,14,2,0
2026-09-16 14:26:48,Main Block,Ground,Lab 101,Lights,0.28,0.28,14,2,0
2026-09-16 14:26:48,Main Block,Ground,Lab 101,Fans,0.187,0.187,14,2,0
2026-09-16 14:26:48,Main Block,Ground,Lab 101,Server Units,4.404,4.404,14,2,0
2026-09-16 14:26:48,Main Block,First,Computer Lab 201,AC,4.778,4.778,14,2,0
2026-09-16 14:26:48,Main Block,First,Computer Lab 201,Computers,1.738,1.738,14,2,0
2026-09-16 14:26:48,Main Block,First,Computer Lab 201,Lights,0.287,0.287,14,2,0
2026-09-16 14:26:48,Main Block,First,Computer Lab 201,Fans,0.186,0.186,14,2,0
2026-09-16 14:26:48,Main Block,First,Computer Lab 201,Server Units,4.778,4.778,14,2,0
2026-09-16 14:26:48,Research Wing,Ground,AI Research Lab,AC,4.855,4.855,14,2,0
2026-09-16 14:26:48,Research Wing,Ground,AI Research Lab,Computers,1.936,1.936,14,2,0
2026-09-16 14:26:48,Research Wing,Ground,AI Research Lab,Lights,0.313,0.313,14,2,0
2026-09-16 14:26:48,Research Wing,Ground,AI Research Lab,Fans,0.193,0.193,14,2,0
2026-09-16 14:26:48,Research Wing,Ground,AI Research Lab,Server Units,4.5,4.5,14,2,0
2026-09-16 14:26:48,Research Wing,Ground,Server Room,AC,4.872,4.872,14,2,0
2026-09-16 14:26:48,Research Wing,Ground,Server Room,Computers,1.778,1.778,14,2,0
2026-09-16 14:26:48,Research Wing,Ground,Server Room,Lights,0.341,0.341,14,2,0
2026-09-16 14:26:48,Research Wing,Ground,Server Room,Fans,0.202,0.202,14,2,0
2026-09-16 14:26:48,Research Wing,Ground,Server Room,Server Units,3.799,3.799,14,2,0
2026-09-16 15:26:48,Main Block,Ground,Lab 101,AC,4.04,4.04,15,2,0
2026-09-16 15:26:48,Main Block,Ground,Lab 101,Computers,1.764,1.764,15,2,0
2026-09-16 15:26:48,Main Block,Ground,Lab 101,Lights,0.298,0.298,15,2,0
2026-09-16 15:26:48,Main Block,Ground,Lab 101,Fans,0.223,0.223,15,2,0
2026-09-16 15:26:48,Main Block,Ground,Lab 101,Server Units,4.707,4.707,15,2,0
2026-09-16 15:26:48,Main Block,First,Computer Lab 201,AC,5.04,5.04,15,2,0
2026-09-16 15:26:48,Main Block,First,Computer Lab 201,Computers,2.235,2.235,15,2,0
2026-09-16 15:26:48,Main Block,First,Computer Lab 201,Lights,0.293,0.293,15,2,0
2026-09-16 15:26:48,Main Block,First,Computer Lab 201,Fans,0.202,0.202,15,2,0
2026-09-16 15:26:48,Main Block,First,Computer Lab 201,Server Units,4.858,4.858,15,2,0
2026-09-16 15:26:48,Research Wing,Ground,AI Research Lab,AC,4.856,4.856,15,2,0
2026-09-16 15:26:48,Research Wing,Ground,AI Research Lab,Computers,2.204,2.204,15,2,0
2026-09-16 15:26:48,Research Wing,Ground,AI Research Lab,Lights,0.284,0.284,15,2,0
2026-09-16 15:26:48,Research Wing,Ground,AI Research Lab,Fans,0.188,0.188,15,2,0
2026-09-16 15:26:48,Research Wing,Ground,AI Research Lab,Server Units,4.497,4.497,15,2,0
2026-09-16 15:26:48,Research Wing,Ground,Server Room,AC,4.166,4.166,15,2,0
2026-09-16 15:26:48,Research Wing,Ground,Server Room,Computers,1.872,1.872,15,2,0
2026-09-16 15:26:48,Research Wing,Ground,Server Room,Lights,0.27,0.27,15,2,0
2026-09-16 15:26:48,Research Wing,Ground,Server Room,Fans,0.213,0.213,15,2,0
2026-09-16 15:26:48,Research Wing,Ground,Server Room,Server Units,4.508,4.508,15,2,0
2026-09-16 16:26:48,Main Block,Ground,Lab 101,AC,4.728,4.728,16,2,0
2026-09-16 16:26:48,Main Block,Ground,Lab 101,Computers,2.186,2.186,16,2,0
2026-09-16 16:26:48,Main Block,Ground,Lab 101,Lights,0.287,0.287,16,2,0
2026-09-16 16:26:48,Main Block,Ground,Lab 101,Fans,0.198,0.198,16,2,0
2026-09-16 16:26:48,Main Block,Ground,Lab 101,Server Units,3.985,3.985,16,2,0
2026-09-16 16:26:48,Main Block,First,Computer Lab 201,AC,5.055,5.055,16,2,0
2026-09-16 16:26:48,Main Block,First,Computer Lab 201,Computers,1.998,1.998,16,2,0
2026-09-16 16:26:48,Main Block,First,Computer Lab 201,Lights,0.306,0.306,16,2,0
2026-09-16 16:26:48,Main Block,First,Computer Lab 201,Fans,0.186,0.186,16,2,0
2026-09-16 16:26:48,Main Block,First,Computer Lab 201,Server Units,4.477,4.477,16,2,0
2026-09-16 16:26:48,Research Wing,Ground,AI Research Lab,AC,3.916,3.916,16,2,0
2026-09-16 16:26:48,Research Wing,Ground,AI Research Lab,Computers,1.926,1.926,16,2,0
2026-09-16 16:26:48,Research Wing,Ground,AI Research Lab,Lights,0.262,0.262,16,2,0
2026-09-16 16:26:48,Research Wing,Ground,AI Research Lab,Fans,0.183,0.183,16,2,0
2026-09-16 16:26:48,Research Wing,Ground,AI Research Lab,Server Units,4.044,4.044,16,2,0
2026-09-16 16:26:48,Research Wing,Ground,Server Room,AC,4.272,4.272,16,2,0
2026-09-16 16:26:48,Research Wing,Ground,Server Room,Computers,2.264,2.264,16,2,0
2026-09-16 16:26:48,Research Wing,Ground,Server Room,Lights,0.278,0.278,16,2,0
2026-09-16 16:26:48,Research Wing,Ground,Server Room,Fans,0.17,0.17,16,2,0
2026-09-16 16:26:48,Research Wing,Ground,Server Room,Server Units,5.018,5.018,16,2,0
2026-09-16 17:26:48,Main Block,Ground,Lab 101,AC,4.602,4.602,17,2,0
2026-09-16 17:26:48,Main Block,Ground,Lab 101,Computers,2.259,2.259,17,2,0
2026-09-16 17:26:48,Main Block,Ground,Lab 101,Lights,0.291,0.291,17,2,0
2026-09-16 17:26:48,Main Block,Ground,Lab 101,Fans,0.207,0.207,17,2,0
2026-09-16 17:26:48,Main Block,Ground,Lab 101,Server Units,4.362,4.362,17,2,0
2026-09-16 17:26:48,Main Block,First,Computer Lab 201,AC,4.18,4.18,17,2,0
2026-09-16 17:26:48,Main Block,First,Computer Lab 201,Computers,1.903,1.903,17,2,0
2026-09-16 17:26:48,Main Block,First,Computer Lab 201,Lights,0.285,0.285,17,2,0
2026-09-16 17:26:48,Main Block,First,Computer Lab 201,Fans,0.174,0.174,17,2,0
2026-09-16 17:26:48,Main Block,First,Computer Lab 201,Server Units,4.709,4.709,17,2,0
2026-09-16 17:26:48,Research Wing,Ground,AI Research Lab,AC,4.721,4.721,17,2,0
2026-09-16 17:26:48,Research Wing,Ground,AI Research Lab,Computers,1.841,1.841,17,2,0
2026-09-16 17:26:48,Research Wing,Ground,AI Research Lab,Lights,0.34,0.34,17,2,0
2026-09-16 17:26:48,Research Wing,Ground,AI Research Lab,Fans,0.207,0.207,17,2,0
2026-09-16 17:26:48,Research Wing,Ground,AI Research Lab,Server Units,3.787,3.787,17,2,0
2026-09-16 17:26:48,Research Wing,Ground,Server Room,AC,5.107,5.107,17,2,0
2026-09-16 17:26:48,Research Wing,Ground,Server Room,Computers,2.067,2.067,17,2,0
2026-09-16 17:26:48,Research Wing,Ground,Server Room,Lights,0.305,0.305,17,2,0
2026-09-16 17:26:48,Research Wing,Ground,Server Room,Fans,0.182,0.182,17,2,0
2026-09-16 17:26:48,Research Wing,Ground,Server Room,Server Units,3.787,3.787,17,2,0
2026-09-16 18:26:48,Main Block,Ground,Lab 101,AC,4.703,4.703,18,2,0
2026-09-16 18:26:48,Main Block,Ground,Lab 101,Computers,1.882,1.882,18,2,0
2026-09-16 18:26:48,Main Block,Ground,Lab 101,Lights,1.027,1.027,18,2,0
2026-09-16 18:26:48,Main Block,Ground,Lab 101,Fans,0.169,0.169,18,2,0
2026-09-16 18:26:48,Main Block,Ground,Lab 101,Server Units,4.811,4.811,18,2,0
2026-09-16 18:26:48,Main Block,First,Computer Lab 201,AC,4.986,4.986,18,2,0
2026-09-16 18:26:48,Main Block,First,Computer Lab 201,Computers,2.143,2.143,18,2,0
2026-09-16 18:26:48,Main Block,First,Computer Lab 201,Lights,0.26,0.26,18,2,0
2026-09-16 18:26:48,Main Block,First,Computer Lab 201,Fans,0.206,0.206,18,2,0
2026-09-16 18:26:48,Main Block,First,Computer Lab 201,Server Units,4.303,4.303,18,2,0
2026-09-16 18:26:48,Research Wing,Ground,AI Research Lab,AC,4.416,4.416,18,2,0
2026-09-16 18:26:48,Research Wing,Ground,AI Research Lab,Computers,2.29,2.29,18,2,0
2026-09-16 18:26:48,Research Wing,Ground,AI Research Lab,Lights,0.272,0.272,18,2,0
2026-09-16 18:26:48,Research Wing,Ground,AI Research Lab,Fans,0.169,0.169,18,2,0
2026-09-16 18:26:48,Research Wing,Ground,AI Research Lab,Server Units,4.517,4.517,18,2,0
2026-09-16 18:26:48,Research Wing,Ground,Server Room,AC,4.834,4.834,18,2,0
2026-09-16 18:26:48,Research Wing,Ground,Server Room,Computers,2.176,2.176,18,2,0
2026-09-16 18:26:48,Research Wing,Ground,Server Room,Lights,1.033,1.033,18,2,0
2026-09-16 18:26:48,Research Wing,Ground,Server Room,Fans,0.208,0.208,18,2,0
2026-09-16 18:26:48,Research Wing,Ground,Server Room,Server Units,3.841,3.841,18,2,0
2026-09-16 19:26:48,Main Block,Ground,Lab 101,AC,0.25,0.25,19,2,0
2026-09-16 19:26:48,Main Block,Ground,Lab 101,Computers,0.08,0.08,19,2,0
2026-09-16 19:26:48,Main Block,Ground,Lab 101,Lights,0.02,0.02,19,2,0
2026-09-16 19:26:48,Main Block,Ground,Lab 101,Fans,0.015,0.015,19,2,0
2026-09-16 19:26:48,Main Block,Ground,Lab 101,Server Units,4.062,4.062,19,2,0
2026-09-16 19:26:48,Main Block,First,Computer Lab 201,AC,0.25,0.25,19,2,0
2026-09-16 19:26:48,Main Block,First,Computer Lab 201,Computers,0.08,0.08,19,2,0
2026-09-16 19:26:48,Main Block,First,Computer Lab 201,Lights,0.02,0.02,19,2,0
2026-09-16 19:26:48,Main Block,First,Computer Lab 201,Fans,0.015,0.015,19,2,0
2026-09-16 19:26:48,Main Block,First,Computer Lab 201,Server Units,4.07,4.07,19,2,0
2026-09-16 19:26:48,Research Wing,Ground,AI Research Lab,AC,0.25,0.25,19,2,0
2026-09-16 19:26:48,Research Wing,Ground,AI Research Lab,Computers,0.08,0.08,19,2,0
2026-09-16 19:26:48,Research Wing,Ground,AI Research Lab,Lights,0.02,0.02,19,2,0
2026-09-16 19:26:48,Research Wing,Ground,AI Research Lab,Fans,0.015,0.015,19,2,0
2026-09-16 19:26:48,Research Wing,Ground,AI Research Lab,Server Units,4.031,4.031,19,2,0
2026-09-16 19:26:48,Research Wing,Ground,Server Room,AC,0.25,0.25,19,2,0
2026-09-16 19:26:48,Research Wing,Ground,Server Room,Computers,0.08,0.08,19,2,0
2026-09-16 19:26:48,Research Wing,Ground,Server Room,Lights,0.02,0.02,19,2,0
2026-09-16 19:26:48,Research Wing,Ground,Server Room,Fans,0.015,0.015,19,2,0
2026-09-16 19:26:48,Research Wing,Ground,Server Room,Server Units,4.435,4.435,19,2,0
2026-09-16 20:26:48,Main Block,Ground,Lab 101,AC,0.25,0.25,20,2,0
2026-09-16 20:26:48,Main Block,Ground,Lab 101,Computers,0.08,0.08,20,2,0
2026-09-16 20:26:48,Main Block,Ground,Lab 101,Lights,0.02,0.02,20,2,0
2026-09-16 20:26:48,Main Block,Ground,Lab 101,Fans,0.015,0.015,20,2,0
2026-09-16 20:26:48,Main Block,Ground,Lab 101,Server Units,4.671,4.671,20,2,0
2026-09-16 20:26:48,Main Block,First,Computer Lab 201,AC,0.25,0.25,20,2,0
2026-09-16 20:26:48,Main Block,First,Computer Lab 201,Computers,0.08,0.08,20,2,0
2026-09-16 20:26:48,Main Block,First,Computer Lab 201,Lights,0.02,0.02,20,2,0
2026-09-16 20:26:48,Main Block,First,Computer Lab 201,Fans,0.015,0.015,20,2,0
2026-09-16 20:26:48,Main Block,First,Computer Lab 201,Server Units,4.044,4.044,20,2,0
2026-09-16 20:26:48,Research Wing,Ground,AI Research Lab,AC,0.25,0.25,20,2,0
2026-09-16 20:26:48,Research Wing,Ground,AI Research Lab,Computers,0.08,0.08,20,2,0
2026-09-16 20:26:48,Research Wing,Ground,AI Research Lab,Lights,0.02,0.02,20,2,0
2026-09-16 20:26:48,Research Wing,Ground,AI Research Lab,Fans,0.015,0.015,20,2,0
2026-09-16 20:26:48,Research Wing,Ground,AI Research Lab,Server Units,5.031,5.031,20,2,0
2026-09-16 20:26:48,Research Wing,Ground,Server Room,AC,0.25,0.25,20,2,0
2026-09-16 20:26:48,Research Wing,Ground,Server Room,Computers,0.08,0.08,20,2,0
2026-09-16 20:26:48,Research Wing,Ground,Server Room,Lights,0.02,0.02,20,2,0
2026-09-16 20:26:48,Research Wing,Ground,Server Room,Fans,0.015,0.015,20,2,0
2026-09-16 20:26:48,Research Wing,Ground,Server Room,Server Units,3.785,3.785,20,2,0
2026-09-16 21:26:48,Main Block,Ground,Lab 101,AC,0.25,0.25,21,2,0
2026-09-16 21:26:48,Main Block,Ground,Lab 101,Computers,0.08,0.08,21,2,0
2026-09-16 21:26:48,Main Block,Ground,Lab 101,Lights,0.02,0.02,21,2,0
2026-09-16 21:26:48,Main Block,Ground,Lab 101,Fans,0.015,0.015,21,2,0
2026-09-16 21:26:48,Main Block,Ground,Lab 101,Server Units,4.545,4.545,21,2,0
2026-09-16 21:26:48,Main Block,First,Computer Lab 201,AC,0.25,0.25,21,2,0
2026-09-16 21:26:48,Main Block,First,Computer Lab 201,Computers,0.08,0.08,21,2,0
2026-09-16 21:26:48,Main Block,First,Computer Lab 201,Lights,0.02,0.02,21,2,0
2026-09-16 21:26:48,Main Block,First,Computer Lab 201,Fans,0.015,0.015,21,2,0
2026-09-16 21:26:48,Main Block,First,Computer Lab 201,Server Units,3.983,3.983,21,2,0
2026-09-16 21:26:48,Research Wing,Ground,AI Research Lab,AC,0.25,0.25,21,2,0
2026-09-16 21:26:48,Research Wing,Ground,AI Research Lab,Computers,0.08,0.08,21,2,0
2026-09-16 21:26:48,Research Wing,Ground,AI Research Lab,Lights,0.02,0.02,21,2,0
2026-09-16 21:26:48,Research Wing,Ground,AI Research Lab,Fans,0.015,0.015,21,2,0
2026-09-16 21:26:48,Research Wing,Ground,AI Research Lab,Server Units,3.774,3.774,21,2,0
2026-09-16 21:26:48,Research Wing,Ground,Server Room,AC,0.25,0.25,21,2,0
2026-09-16 21:26:48,Research Wing,Ground,Server Room,Computers,0.08,0.08,21,2,0
2026-09-16 21:26:48,Research Wing,Ground,Server Room,Lights,0.02,0.02,21,2,0
2026-09-16 21:26:48,Research Wing,Ground,Server Room,Fans,0.015,0.015,21,2,0
2026-09-16 21:26:48,Research Wing,Ground,Server Room,Server Units,4.52,4.52,21,2,0
2026-09-16 22:26:48,Main Block,Ground,Lab 101,AC,0.25,0.25,22,2,0
2026-09-16 22:26:48,Main Block,Ground,Lab 101,Computers,0.08,0.08,22,2,0
2026-09-16 22:26:48,Main Block,Ground,Lab 101,Lights,0.02,0.02,22,2,0
2026-09-16 22:26:48,Main Block,Ground,Lab 101,Fans,0.015,0.015,22,2,0
2026-09-16 22:26:48,Main Block,Ground,Lab 101,Server Units,4.703,4.703,22,2,0
2026-09-16 22:26:48,Main Block,First,Computer Lab 201,AC,0.25,0.25,22,2,0
2026-09-16 22:26:48,Main Block,First,Computer Lab 201,Computers,0.08,0.08,22,2,0
2026-09-16 22:26:48,Main Block,First,Computer Lab 201,Lights,0.02,0.02,22,2,0
2026-09-16 22:26:48,Main Block,First,Computer Lab 201,Fans,0.015,0.015,22,2,0
2026-09-16 22:26:48,Main Block,First,Computer Lab 201,Server Units,4.635,4.635,22,2,0
2026-09-16 22:26:48,Research Wing,Ground,AI Research Lab,AC,0.25,0.25,22,2,0
2026-09-16 22:26:48,Research Wing,Ground,AI Research Lab,Computers,0.08,0.08,22,2,0
2026-09-16 22:26:48,Research Wing,Ground,AI Research Lab,Lights,0.02,0.02,22,2,0
2026-09-16 22:26:48,Research Wing,Ground,AI Research Lab,Fans,0.015,0.015,22,2,0
2026-09-16 22:26:48,Research Wing,Ground,AI Research Lab,Server Units,4.425,4.425,22,2,0
2026-09-16 22:26:48,Research Wing,Ground,Server Room,AC,0.25,0.25,22,2,0
2026-09-16 22:26:48,Research Wing,Ground,Server Room,Computers,0.08,0.08,22,2,0
2026-09-16 22:26:48,Research Wing,Ground,Server Room,Lights,0.02,0.02,22,2,0
2026-09-16 22:26:48,Research Wing,Ground,Server Room,Fans,0.015,0.015,22,2,0
2026-09-16 22:26:48,Research Wing,Ground,Server Room,Server Units,3.76,3.76,22,2,0
2026-09-16 23:26:48,Main Block,Ground,Lab 101,AC,0.25,0.25,23,2,0
2026-09-16 23:26:48,Main Block,Ground,Lab 101,Computers,0.08,0.08,23,2,0
2026-09-16 23:26:48,Main Block,Ground,Lab 101,Lights,0.02,0.02,23,2,0
2026-09-16 23:26:48,Main Block,Ground,Lab 101,Fans,0.015,0.015,23,2,0
2026-09-16 23:26:48,Main Block,Ground,Lab 101,Server Units,4.186,4.186,23,2,0
2026-09-16 23:26:48,Main Block,First,Computer Lab 201,AC,0.25,0.25,23,2,0
2026-09-16 23:26:48,Main Block,First,Computer Lab 201,Computers,0.08,0.08,23,2,0
2026-09-16 23:26:48,Main Block,First,Computer Lab 201,Lights,0.02,0.02,23,2,0
2026-09-16 23:26:48,Main Block,First,Computer Lab 201,Fans,0.015,0.015,23,2,0
2026-09-16 23:26:48,Main Block,First,Computer Lab 201,Server Units,4.81,4.81,23,2,0
2026-09-16 23:26:48,Research Wing,Ground,AI Research Lab,AC,0.25,0.25,23,2,0
2026-09-16 23:26:48,Research Wing,Ground,AI Research Lab,Computers,0.08,0.08,23,2,0
2026-09-16 23:26:48,Research Wing,Ground,AI Research Lab,Lights,0.02,0.02,23,2,0
2026-09-16 23:26:48,Research Wing,Ground,AI Research Lab,Fans,0.015,0.015,23,2,0
2026-09-16 23:26:48,Research Wing,Ground,AI Research Lab,Server Units,3.976,3.976,23,2,0
2026-09-16 23:26:48,Research Wing,Ground,Server Room,AC,0.25,0.25,23,2,0
2026-09-16 23:26:48,Research Wing,Ground,Server Room,Computers,0.08,0.08,23,2,0
2026-09-16 23:26:48,Research Wing,Ground,Server Room,Lights,0.02,0.02,23,2,0
2026-09-16 23:26:48,Research Wing,Ground,Server Room,Fans,0.015,0.015,23,2,0
2026-09-16 23:26:48,Research Wing,Ground,Server Room,Server Units,4.855,4.855,23,2,0
2026-09-17 00:26:48,Main Block,Ground,Lab 101,AC,0.25,0.25,0,3,0
2026-09-17 00:26:48,Main Block,Ground,Lab 101,Computers,0.08,0.08,0,3,0
2026-09-17 00:26:48,Main Block,Ground,Lab 101,Lights,0.02,0.02,0,3,0
2026-09-17 00:26:48,Main Block,Ground,Lab 101,Fans,0.015,0.015,0,3,0
2026-09-17 00:26:48,Main Block,Ground,Lab 101,Server Units,4.155,4.155,0,3,0
2026-09-17 00:26:48,Main Block,First,Computer Lab 201,AC,0.25,0.25,0,3,0
2026-09-17 00:26:48,Main Block,First,Computer Lab 201,Computers,0.08,0.08,0,3,0
2026-09-17 00:26:48,Main Block,First,Computer Lab 201,Lights,0.02,0.02,0,3,0
2026-09-17 00:26:48,Main Block,First,Computer Lab 201,Fans,0.015,0.015,0,3,0
2026-09-17 00:26:48,Main Block,First,Computer Lab 201,Server Units,3.908,3.908,0,3,0
2026-09-17 00:26:48,Research Wing,Ground,AI Research Lab,AC,0.25,0.25,0,3,0
2026-09-17 00:26:48,Research Wing,Ground,AI Research Lab,Computers,0.08,0.08,0,3,0
2026-09-17 00:26:48,Research Wing,Ground,AI Research Lab,Lights,0.02,0.02,0,3,0
2026-09-17 00:26:48,Research Wing,Ground,AI Research Lab,Fans,0.015,0.015,0,3,0
2026-09-17 00:26:48,Research Wing,Ground,AI Research Lab,Server Units,3.791,3.791,0,3,0
2026-09-17 00:26:48,Research Wing,Ground,Server Room,AC,0.25,0.25,0,3,0
2026-09-17 00:26:48,Research Wing,Ground,Server Room,Computers,0.08,0.08,0,3,0
2026-09-17 00:26:48,Research Wing,Ground,Server Room,Lights,0.02,0.02,0,3,0
2026-09-17 00:26:48,Research Wing,Ground,Server Room,Fans,0.015,0.015,0,3,0
2026-09-17 00:26:48,Research Wing,Ground,Server Room,Server Units,3.82,3.82,0,3,0
2026-09-17 01:26:48,Main Block,Ground,Lab 101,AC,0.25,0.25,1,3,0
2026-09-17 01:26:48,Main Block,Ground,Lab 101,Computers,0.08,0.08,1,3,0
2026-09-17 01:26:48,Main Block,Ground,Lab 101,Lights,0.02,0.02,1,3,0
2026-09-17 01:26:48,Main Block,Ground,Lab 101,Fans,0.015,0.015,1,3,0
2026-09-17 01:26:48,Main Block,Ground,Lab 101,Server Units,4.206,4.206,1,3,0
2026-09-17 01:26:48,Main Block,First,Computer Lab 201,AC,0.25,0.25,1,3,0
2026-09-17 01:26:48,Main Block,First,Computer Lab 201,Computers,0.08,0.08,1,3,0
2026-09-17 01:26:48,Main Block,First,Computer Lab 201,Lights,0.02,0.02,1,3,0
2026-09-17 01:26:48,Main Block,First,Computer Lab 201,Fans,0.015,0.015,1,3,0
2026-09-17 01:26:48,Main Block,First,Computer Lab 201,Server Units,4.415,4.415,1,3,0
2026-09-17 01:26:48,Research Wing,Ground,AI Research Lab,AC,0.25,0.25,1,3,0
2026-09-17 01:26:48,Research Wing,Ground,AI Research Lab,Computers,0.08,0.08,1,3,0
2026-09-17 01:26:48,Research Wing,Ground,AI Research Lab,Lights,0.02,0.02,1,3,0
2026-09-17 01:26:48,Research Wing,Ground,AI Research Lab,Fans,0.015,0.015,1,3,0
2026-09-17 01:26:48,Research Wing,Ground,AI Research Lab,Server Units,4.587,4.587,1,3,0
2026-09-17 01:26:48,Research Wing,Ground,Server Room,AC,0.25,0.25,1,3,0
2026-09-17 01:26:48,Research Wing,Ground,Server Room,Computers,0.08,0.08,1,3,0
2026-09-17 01:26:48,Research Wing,Ground,Server Room,Lights,0.02,0.02,1,3,0
2026-09-17 01:26:48,Research Wing,Ground,Server Room,Fans,0.015,0.015,1,3,0
2026-09-17 01:26:48,Research Wing,Ground,Server Room,Server Units,4.279,4.279,1,3,0
2026-09-17 02:26:48,Main Block,Ground,Lab 101,AC,0.25,0.25,2,3,0
2026-09-17 02:26:48,Main Block,Ground,Lab 101,Computers,0.08,0.08,2,3,0
2026-09-17 02:26:48,Main Block,Ground,Lab 101,Lights,0.02,0.02,2,3,0
2026-09-17 02:26:48,Main Block,Ground,Lab 101,Fans,0.015,0.015,2,3,0
2026-09-17 02:26:48,Main Block,Ground,Lab 101,Server Units,3.799,3.799,2,3,0
2026-09-17 02:26:48,Main Block,First,Computer Lab 201,AC,0.25,0.25,2,3,0
2026-09-17 02:26:48,Main Block,First,Computer Lab 201,Computers,0.08,0.08,2,3,0
2026-09-17 02:26:48,Main Block,First,Computer Lab 201,Lights,0.02,0.02,2,3,0
2026-09-17 02:26:48,Main Block,First,Computer Lab 201,Fans,0.015,0.015,2,3,0
2026-09-17 02:26:48,Main Block,First,Computer Lab 201,Server Units,4.414,4.414,2,3,0
2026-09-17 02:26:48,Research Wing,Ground,AI Research Lab,AC,0.25,0.25,2,3,0
2026-09-17 02:26:48,Research Wing,Ground,AI Research Lab,Computers,0.08,0.08,2,3,0
2026-09-17 02:26:48,Research Wing,Ground,AI Research Lab,Lights,0.02,0.02,2,3,0
2026-09-17 02:26:48,Research Wing,Ground,AI Research Lab,Fans,0.015,0.015,2,3,0
2026-09-17 02:26:48,Research Wing,Ground,AI Research Lab,Server Units,4.837,4.837,2,3,0
2026-09-17 02:26:48,Research Wing,Ground,Server Room,AC,0.25,0.25,2,3,0
2026-09-17 02:26:48,Research Wing,Ground,Server Room,Computers,0.08,0.08,2,3,0
2026-09-17 02:26:48,Research Wing,Ground,Server Room,Lights,0.02,0.02,2,3,0
2026-09-17 02:26:48,Research Wing,Ground,Server Room,Fans,0.015,0.015,2,3,0
2026-09-17 02:26:48,Research Wing,Ground,Server Room,Server Units,3.842,3.842,2,3,0
2026-09-17 03:26:48,Main Block,Ground,Lab 101,AC,0.25,0.25,3,3,0
2026-09-17 03:26:48,Main Block,Ground,Lab 101,Computers,0.08,0.08,3,3,0
2026-09-17 03:26:48,Main Block,Ground,Lab 101,Lights,0.02,0.02,3,3,0
2026-09-17 03:26:48,Main Block,Ground,Lab 101,Fans,0.015,0.015,3,3,0
2026-09-17 03:26:48,Main Block,Ground,Lab 101,Server Units,4.292,4.292,3,3,0
2026-09-17 03:26:48,Main Block,First,Computer Lab 201,AC,0.25,0.25,3,3,0
2026-09-17 03:26:48,Main Block,First,Computer Lab 201,Computers,0.08,0.08,3,3,0
2026-09-17 03:26:48,Main Block,First,Computer Lab 201,Lights,0.02,0.02,3,3,0
2026-09-17 03:26:48,Main Block,First,Computer Lab 201,Fans,0.015,0.015,3,3,0
2026-09-17 03:26:48,Main Block,First,Computer Lab 201,Server Units,4.432,4.432,3,3,0
2026-09-17 03:26:48,Research Wing,Ground,AI Research Lab,AC,0.25,0.25,3,3,0
2026-09-17 03:26:48,Research Wing,Ground,AI Research Lab,Computers,0.08,0.08,3,3,0
2026-09-17 03:26:48,Research Wing,Ground,AI Research Lab,Lights,0.02,0.02,3,3,0
2026-09-17 03:26:48,Research Wing,Ground,AI Research Lab,Fans,0.015,0.015,3,3,0
2026-09-17 03:26:48,Research Wing,Ground,AI Research Lab,Server Units,4.061,4.061,3,3,0
2026-09-17 03:26:48,Research Wing,Ground,Server Room,AC,0.25,0.25,3,3,0
2026-09-17 03:26:48,Research Wing,Ground,Server Room,Computers,0.08,0.08,3,3,0
2026-09-17 03:26:48,Research Wing,Ground,Server Room,Lights,0.02,0.02,3,3,0
2026-09-17 03:26:48,Research Wing,Ground,Server Room,Fans,0.015,0.015,3,3,0
2026-09-17 03:26:48,Research Wing,Ground,Server Room,Server Units,4.058,4.058,3,3,0
2026-09-17 04:26:48,Main Block,Ground,Lab 101,AC,0.25,0.25,4,3,0
2026-09-17 04:26:48,Main Block,Ground,Lab 101,Computers,0.08,0.08,4,3,0
2026-09-17 04:26:48,Main Block,Ground,Lab 101,Lights,0.02,0.02,4,3,0
2026-09-17 04:26:48,Main Block,Ground,Lab 101,Fans,0.015,0.015,4,3,0
2026-09-17 04:26:48,Main Block,Ground,Lab 101,Server Units,4.947,4.947,4,3,0
2026-09-17 04:26:48,Main Block,First,Computer Lab 201,AC,0.25,0.25,4,3,0
2026-09-17 04:26:48,Main Block,First,Computer Lab 201,Computers,0.08,0.08,4,3,0
2026-09-17 04:26:48,Main Block,First,Computer Lab 201,Lights,0.02,0.02,4,3,0
2026-09-17 04:26:48,Main Block,First,Computer Lab 201,Fans,0.015,0.015,4,3,0
2026-09-17 04:26:48,Main Block,First,Computer Lab 201,Server Units,4.831,4.831,4,3,0
2026-09-17 04:26:48,Research Wing,Ground,AI Research Lab,AC,0.25,0.25,4,3,0
2026-09-17 04:26:48,Research Wing,Ground,AI Research Lab,Computers,0.08,0.08,4,3,0
2026-09-17 04:26:48,Research Wing,Ground,AI Research Lab,Lights,0.02,0.02,4,3,0
2026-09-17 04:26:48,Research Wing,Ground,AI Research Lab,Fans,0.015,0.015,4,3,0
2026-09-17 04:26:48,Research Wing,Ground,AI Research Lab,Server Units,3.922,3.922,4,3,0
2026-09-17 04:26:48,Research Wing,Ground,Server Room,AC,0.25,0.25,4,3,0
2026-09-17 04:26:48,Research Wing,Ground,Server Room,Computers,0.08,0.08,4,3,0
2026-09-17 04:26:48,Research Wing,Ground,Server Room,Lights,0.02,0.02,4,3,0
2026-09-17 04:26:48,Research Wing,Ground,Server Room,Fans,0.015,0.015,4,3,0
2026-09-17 04:26:48,Research Wing,Ground,Server Room,Server Units,5.038,5.038,4,3,0
2026-09-17 05:26:48,Main Block,Ground,Lab 101,AC,0.25,0.25,5,3,0
2026-09-17 05:26:48,Main Block,Ground,Lab 101,Computers,0.08,0.08,5,3,0
2026-09-17 05:26:48,Main Block,Ground,Lab 101,Lights,0.02,0.02,5,3,0
2026-09-17 05:26:48,Main Block,Ground,Lab 101,Fans,0.015,0.015,5,3,0
2026-09-17 05:26:48,Main Block,Ground,Lab 101,Server Units,3.76,3.76,5,3,0
2026-09-17 05:26:48,Main Block,First,Computer Lab 201,AC,0.25,0.25,5,3,0
2026-09-17 05:26:48,Main Block,First,Computer Lab 201,Computers,0.08,0.08,5,3,0
2026-09-17 05:26:48,Main Block,First,Computer Lab 201,Lights,0.02,0.02,5,3,0
2026-09-17 05:26:48,Main Block,First,Computer Lab 201,Fans,0.015,0.015,5,3,0
2026-09-17 05:26:48,Main Block,First,Computer Lab 201,Server Units,3.907,3.907,5,3,0
2026-09-17 05:26:48,Research Wing,Ground,AI Research Lab,AC,0.25,0.25,5,3,0
2026-09-17 05:26:48,Research Wing,Ground,AI Research Lab,Computers,0.08,0.08,5,3,0
2026-09-17 05:26:48,Research Wing,Ground,AI Research Lab,Lights,0.02,0.02,5,3,0
2026-09-17 05:26:48,Research Wing,Ground,AI Research Lab,Fans,0.015,0.015,5,3,0
2026-09-17 05:26:48,Research Wing,Ground,AI Research Lab,Server Units,4.884,4.884,5,3,0
2026-09-17 05:26:48,Research Wing,Ground,Server Room,AC,0.25,0.25,5,3,0
2026-09-17 05:26:48,Research Wing,Ground,Server Room,Computers,0.08,0.08,5,3,0
2026-09-17 05:26:48,Research Wing,Ground,Server Room,Lights,0.02,0.02,5,3,0
2026-09-17 05:26:48,Research Wing,Ground,Server Room,Fans,0.015,0.015,5,3,0
2026-09-17 05:26:48,Research Wing,Ground,Server Room,Server Units,4.68,4.68,5,3,0
2026-09-17 06:26:48,Main Block,Ground,Lab 101,AC,0.25,0.25,6,3,0
2026-09-17 06:26:48,Main Block,Ground,Lab 101,Computers,0.08,0.08,6,3,0
2026-09-17 06:26:48,Main Block,Ground,Lab 101,Lights,0.02,0.02,6,3,0
2026-09-17 06:26:48,Main Block,Ground,Lab 101,Fans,0.015,0.015,6,3,0
2026-09-17 06:26:48,Main Block,Ground,Lab 101,Server Units,5.052,5.052,6,3,0
2026-09-17 06:26:48,Main Block,First,Computer Lab 201,AC,0.25,0.25,6,3,0
2026-09-17 06:26:48,Main Block,First,Computer Lab 201,Computers,0.08,0.08,6,3,0
2026-09-17 06:26:48,Main Block,First,Computer Lab 201,Lights,0.02,0.02,6,3,0
2026-09-17 06:26:48,Main Block,First,Computer Lab 201,Fans,0.015,0.015,6,3,0
2026-09-17 06:26:48,Main Block,First,Computer Lab 201,Server Units,4.334,4.334,6,3,0
2026-09-17 06:26:48,Research Wing,Ground,AI Research Lab,AC,0.25,0.25,6,3,0
2026-09-17 06:26:48,Research Wing,Ground,AI Research Lab,Computers,0.08,0.08,6,3,0
2026-09-17 06:26:48,Research Wing,Ground,AI Research Lab,Lights,0.02,0.02,6,3,0
2026-09-17 06:26:48,Research Wing,Ground,AI Research Lab,Fans,0.015,0.015,6,3,0
2026-09-17 06:26:48,Research Wing,Ground,AI Research Lab,Server Units,4.751,4.751,6,3,0
2026-09-17 06:26:48,Research Wing,Ground,Server Room,AC,0.25,0.25,6,3,0
2026-09-17 06:26:48,Research Wing,Ground,Server Room,Computers,0.08,0.08,6,3,0
2026-09-17 06:26:48,Research Wing,Ground,Server Room,Lights,0.02,0.02,6,3,0
2026-09-17 06:26:48,Research Wing,Ground,Server Room,Fans,0.015,0.015,6,3,0
2026-09-17 06:26:48,Research Wing,Ground,Server Room,Server Units,4.228,4.228,6,3,0
2026-09-17 07:26:48,Main Block,Ground,Lab 101,AC,0.25,0.25,7,3,0
2026-09-17 07:26:48,Main Block,Ground,Lab 101,Computers,0.08,0.08,7,3,0
2026-09-17 07:26:48,Main Block,Ground,Lab 101,Lights,0.02,0.02,7,3,0
2026-09-17 07:26:48,Main Block,Ground,Lab 101,Fans,0.015,0.015,7,3,0
2026-09-17 07:26:48,Main Block,Ground,Lab 101,Server Units,4.987,4.987,7,3,0
2026-09-17 07:26:48,Main Block,First,Computer Lab 201,AC,0.25,0.25,7,3,0
2026-09-17 07:26:48,Main Block,First,Computer Lab 201,Computers,0.08,0.08,7,3,0
2026-09-17 07:26:48,Main Block,First,Computer Lab 201,Lights,0.02,0.02,7,3,0
2026-09-17 07:26:48,Main Block,First,Computer Lab 201,Fans,0.015,0.015,7,3,0
2026-09-17 07:26:48,Main Block,First,Computer Lab 201,Server Units,4.505,4.505,7,3,0
2026-09-17 07:26:48,Research Wing,Ground,AI Research Lab,AC,0.25,0.25,7,3,0
2026-09-17 07:26:48,Research Wing,Ground,AI Research Lab,Computers,0.08,0.08,7,3,0
2026-09-17 07:26:48,Research Wing,Ground,AI Research Lab,Lights,0.02,0.02,7,3,0
2026-09-17 07:26:48,Research Wing,Ground,AI Research Lab,Fans,0.015,0.015,7,3,0
2026-09-17 07:26:48,Research Wing,Ground,AI Research Lab,Server Units,3.929,3.929,7,3,0
2026-09-17 07:26:48,Research Wing,Ground,Server Room,AC,0.25,0.25,7,3,0
2026-09-17 07:26:48,Research Wing,Ground,Server Room,Computers,0.08,0.08,7,3,0
2026-09-17 07:26:48,Research Wing,Ground,Server Room,Lights,0.02,0.02,7,3,0
2026-09-17 07:26:48,Research Wing,Ground,Server Room,Fans,0.015,0.015,7,3,0
2026-09-17 07:26:48,Research Wing,Ground,Server Room,Server Units,4.499,4.499,7,3,0
2026-09-17 08:26:48,Main Block,Ground,Lab 101,AC,3.959,3.959,8,3,0
2026-09-17 08:26:48,Main Block,Ground,Lab 101,Computers,1.771,1.771,8,3,0
2026-09-17 08:26:48,Main Block,Ground,Lab 101,Lights,0.295,0.295,8,3,0
2026-09-17 08:26:48,Main Block,Ground,Lab 101,Fans,0.183,0.183,8,3,0
2026-09-17 08:26:48,Main Block,Ground,Lab 101,Server Units,5.045,5.045,8,3,0
2026-09-17 08:26:48,Main Block,First,Computer Lab 201,AC,5.073,5.073,8,3,0
2026-09-17 08:26:48,Main Block,First,Computer Lab 201,Computers,1.785,1.785,8,3,0
2026-09-17 08:26:48,Main Block,First,Computer Lab 201,Lights,0.33,0.33,8,3,0
2026-09-17 08:26:48,Main Block,First,Computer Lab 201,Fans,0.167,0.167,8,3,0
2026-09-17 08:26:48,Main Block,First,Computer Lab 201,Server Units,5.007,5.007,8,3,0
2026-09-17 08:26:48,Research Wing,Ground,AI Research Lab,AC,14.711,14.711,8,3,0
2026-09-17 08:26:48,Research Wing,Ground,AI Research Lab,Computers,2.2,2.2,8,3,0
2026-09-17 08:26:48,Research Wing,Ground,AI Research Lab,Lights,0.273,0.273,8,3,0
2026-09-17 08:26:48,Research Wing,Ground,AI Research Lab,Fans,0.199,0.199,8,3,0
2026-09-17 08:26:48,Research Wing,Ground,AI Research Lab,Server Units,4.428,4.428,8,3,0
2026-09-17 08:26:48,Research Wing,Ground,Server Room,AC,4.223,4.223,8,3,0
2026-09-17 08:26:48,Research Wing,Ground,Server Room,Computers,2.124,2.124,8,3,0
2026-09-17 08:26:48,Research Wing,Ground,Server Room,Lights,0.295,0.295,8,3,0
2026-09-17 08:26:48,Research Wing,Ground,Server Room,Fans,0.181,0.181,8,3,0
2026-09-17 08:26:48,Research Wing,Ground,Server Room,Server Units,5.051,5.051,8,3,0
2026-09-17 09:26:48,Main Block,Ground,Lab 101,AC,3.982,3.982,9,3,0
2026-09-17 09:26:48,Main Block,Ground,Lab 101,Computers,1.747,1.747,9,3,0
2026-09-17 09:26:48,Main Block,Ground,Lab 101,Lights,0.32,0.32,9,3,0
2026-09-17 09:26:48,Main Block,Ground,Lab 101,Fans,0.195,0.195,9,3,0
2026-09-17 09:26:48,Main Block,Ground,Lab 101,Server Units,4.572,4.572,9,3,0
2026-09-17 09:26:48,Main Block,First,Computer Lab 201,AC,4.874,4.874,9,3,0
2026-09-17 09:26:48,Main Block,First,Computer Lab 201,Computers,1.889,1.889,9,3,0
2026-09-17 09:26:48,Main Block,First,Computer Lab 201,Lights,0.294,0.294,9,3,0
2026-09-17 09:26:48,Main Block,First,Computer Lab 201,Fans,0.212,0.212,9,3,0
2026-09-17 09:26:48,Main Block,First,Computer Lab 201,Server Units,4.851,4.851,9,3,0
2026-09-17 09:26:48,Research Wing,Ground,AI Research Lab,AC,5.01,5.01,9,3,0
2026-09-17 09:26:48,Research Wing,Ground,AI Research Lab,Computers,6.242,6.242,9,3,0
2026-09-17 09:26:48,Research Wing,Ground,AI Research Lab,Lights,0.267,0.267,9,3,0
2026-09-17 09:26:48,Research Wing,Ground,AI Research Lab,Fans,0.221,0.221,9,3,0
2026-09-17 09:26:48,Research Wing,Ground,AI Research Lab,Server Units,4.09,4.09,9,3,0
2026-09-17 09:26:48,Research Wing,Ground,Server Room,AC,4.924,4.924,9,3,0
2026-09-17 09:26:48,Research Wing,Ground,Server Room,Computers,1.87,1.87,9,3,0
2026-09-17 09:26:48,Research Wing,Ground,Server Room,Lights,0.334,0.334,9,3,0
2026-09-17 09:26:48,Research Wing,Ground,Server Room,Fans,0.216,0.216,9,3,0
2026-09-17 09:26:48,Research Wing,Ground,Server Room,Server Units,3.744,3.744,9,3,0
2026-09-17 10:26:48,Main Block,Ground,Lab 101,AC,4.578,4.578,10,3,0
2026-09-17 10:26:48,Main Block,Ground,Lab 101,Computers,1.807,1.807,10,3,0
2026-09-17 10:26:48,Main Block,Ground,Lab 101,Lights,0.279,0.279,10,3,0
2026-09-17 10:26:48,Main Block,Ground,Lab 101,Fans,0.2,0.2,10,3,0
2026-09-17 10:26:48,Main Block,Ground,Lab 101,Server Units,4.379,4.379,10,3,0
2026-09-17 10:26:48,Main Block,First,Computer Lab 201,AC,4.068,4.068,10,3,0
2026-09-17 10:26:48,Main Block,First,Computer Lab 201,Computers,1.839,1.839,10,3,0
2026-09-17 10:26:48,Main Block,First,Computer Lab 201,Lights,0.299,0.299,10,3,0
2026-09-17 10:26:48,Main Block,First,Computer Lab 201,Fans,0.189,0.189,10,3,0
2026-09-17 10:26:48,Main Block,First,Computer Lab 201,Server Units,4.375,4.375,10,3,0
2026-09-17 10:26:48,Research Wing,Ground,AI Research Lab,AC,3.977,3.977,10,3,0
2026-09-17 10:26:48,Research Wing,Ground,AI Research Lab,Computers,2.153,2.153,10,3,0
2026-09-17 10:26:48,Research Wing,Ground,AI Research Lab,Lights,0.342,0.342,10,3,0
2026-09-17 10:26:48,Research Wing,Ground,AI Research Lab,Fans,0.205,0.205,10,3,0
2026-09-17 10:26:48,Research Wing,Ground,AI Research Lab,Server Units,4.353,4.353,10,3,0
2026-09-17 10:26:48,Research Wing,Ground,Server Room,AC,3.978,3.978,10,3,0
2026-09-17 10:26:48,Research Wing,Ground,Server Room,Computers,2.123,2.123,10,3,0
2026-09-17 10:26:48,Research Wing,Ground,Server Room,Lights,0.299,0.299,10,3,0
2026-09-17 10:26:48,Research Wing,Ground,Server Room,Fans,0.194,0.194,10,3,0
2026-09-17 10:26:48,Research Wing,Ground,Server Room,Server Units,4.05,4.05,10,3,0
2026-09-17 11:26:48,Main Block,Ground,Lab 101,AC,4.51,4.51,11,3,0
2026-09-17 11:26:48,Main Block,Ground,Lab 101,Computers,2.17,2.17,11,3,0
2026-09-17 11:26:48,Main Block,Ground,Lab 101,Lights,0.324,0.324,11,3,0
2026-09-17 11:26:48,Main Block,Ground,Lab 101,Fans,0.184,0.184,11,3,0
2026-09-17 11:26:48,Main Block,Ground,Lab 101,Server Units,4.323,4.323,11,3,0
2026-09-17 11:26:48,Main Block,First,Computer Lab 201,AC,5.057,5.057,11,3,0
2026-09-17 11:26:48,Main Block,First,Computer Lab 201,Computers,2.137,2.137,11,3,0
2026-09-17 11:26:48,Main Block,First,Computer Lab 201,Lights,0.329,0.329,11,3,0
2026-09-17 11:26:48,Main Block,First,Computer Lab 201,Fans,0.19,0.19,11,3,0
2026-09-17 11:26:48,Main Block,First,Computer Lab 201,Server Units,3.96,3.96,11,3,0
2026-09-17 11:26:48,Research Wing,Ground,AI Research Lab,AC,4.669,4.669,11,3,0
2026-09-17 11:26:48,Research Wing,Ground,AI Research Lab,Computers,2.068,2.068,11,3,0
2026-09-17 11:26:48,Research Wing,Ground,AI Research Lab,Lights,0.928,0.928,11,3,0
2026-09-17 11:26:48,Research Wing,Ground,AI Research Lab,Fans,0.208,0.208,11,3,0
2026-09-17 11:26:48,Research Wing,Ground,AI Research Lab,Server Units,3.859,3.859,11,3,0
2026-09-17 11:26:48,Research Wing,Ground,Server Room,AC,5.057,5.057,11,3,0
2026-09-17 11:26:48,Research Wing,Ground,Server Room,Computers,2.032,2.032,11,3,0
2026-09-17 11:26:48,Research Wing,Ground,Server Room,Lights,0.302,0.302,11,3,0
2026-09-17 11:26:48,Research Wing,Ground,Server Room,Fans,0.177,0.177,11,3,0
2026-09-17 11:26:48,Research Wing,Ground,Server Room,Server Units,4.447,4.447,11,3,0
2026-09-17 12:26:48,Main Block,Ground,Lab 101,AC,4.135,4.135,12,3,0
2026-09-17 12:26:48,Main Block,Ground,Lab 101,Computers,2.246,2.246,12,3,0
2026-09-17 12:26:48,Main Block,Ground,Lab 101,Lights,0.274,0.274,12,3,0
2026-09-17 12:26:48,Main Block,Ground,Lab 101,Fans,0.221,0.221,12,3,0
2026-09-17 12:26:48,Main Block,Ground,Lab 101,Server Units,3.766,3.766,12,3,0
2026-09-17 12:26:48,Main Block,First,Computer Lab 201,AC,3.963,3.963,12,3,0
2026-09-17 12:26:48,Main Block,First,Computer Lab 201,Computers,1.991,1.991,12,3,0
2026-09-17 12:26:48,Main Block,First,Computer Lab 201,Lights,0.282,0.282,12,3,0
2026-09-17 12:26:48,Main Block,First,Computer Lab 201,Fans,0.211,0.211,12,3,0
2026-09-17 12:26:48,Main Block,First,Computer Lab 201,Server Units,4.1,4.1,12,3,0
2026-09-17 12:26:48,Research Wing,Ground,AI Research Lab,AC,4.883,4.883,12,3,0
2026-09-17 12:26:48,Research Wing,Ground,AI Research Lab,Computers,1.779,1.779,12,3,0
2026-09-17 12:26:48,Research Wing,Ground,AI Research Lab,Lights,0.279,0.279,12,3,0
2026-09-17 12:26:48,Research Wing,Ground,AI Research Lab,Fans,0.17,0.17,12,3,0
2026-09-17 12:26:48,Research Wing,Ground,AI Research Lab,Server Units,4.746,4.746,12,3,0
2026-09-17 12:26:48,Research Wing,Ground,Server Room,AC,3.845,3.845,12,3,0
2026-09-17 12:26:48,Research Wing,Ground,Server Room,Computers,2.063,2.063,12,3,0
2026-09-17 12:26:48,Research Wing,Ground,Server Room,Lights,0.321,0.321,12,3,0
2026-09-17 12:26:48,Research Wing,Ground,Server Room,Fans,0.177,0.177,12,3,0
2026-09-17 12:26:48,Research Wing,Ground,Server Room,Server Units,4.152,4.152,12,3,0
