timestamp,building,floor,room,equipment,power_kw,energy_kwh
2026-09-03 12:26:48,Main Block,Ground,Lab 101,AC,4.688,4.688
2026-09-03 12:26:48,Main Block,Ground,Lab 101,Computers,1.865,1.865
2026-09-03 12:26:48,Main Block,Ground,Lab 101,Lights,0.321,0.321
2026-09-03 12:26:48,Main Block,Ground,Lab 101,Fans,0.218,0.218
2026-09-03 12:26:48,Main Block,Ground,Lab 101,Server Units,4.297,4.297
2026-09-03 12:26:48,Main Block,First,Computer Lab 201,AC,4.12,4.12
2026-09-03 12:26:48,Main Block,First,Computer Lab 201,Computers,1.716,1.716
2026-09-03 12:26:48,Main Block,First,Computer Lab 201,Lights,0.313,0.313
2026-09-03 12:26:48,Main Block,First,Computer Lab 201,Fans,0.179,0.179
2026-09-03 12:26:48,Main Block,First,Computer Lab 201,Server Units,14.425,14.425
2026-09-03 12:26:48,Research Wing,Ground,AI Research Lab,AC,4.913,4.913
2026-09-03 12:26:48,Research Wing,Ground,AI Research Lab,Computers,1.904,1.904
2026-09-03 12:26:48,Research Wing,Ground,AI Research Lab,Lights,0.341,0.341
2026-09-03 12:26:48,Research Wing,Ground,AI Research Lab,Fans,0.171,0.171
2026-09-03 12:26:48,Research Wing,Ground,AI Research Lab,Server Units,4.859,4.859
2026-09-03 12:26:48,Research Wing,Ground,Server Room,AC,4.915,4.915
2026-09-03 12:26:48,Research Wing,Ground,Server Room,Computers,2.022,2.022
2026-09-03 12:26:48,Research Wing,Ground,Server Room,Lights,0.289,0.289
2026-09-03 12:26:48,Research Wing,Ground,Server Room,Fans,0.214,0.214
2026-09-03 12:26:48,Research Wing,Ground,Server Room,Server Units,4.877,4.877
2026-09-03 13:26:48,Main Block,Ground,Lab 101,AC,4.776,4.776
2026-09-03 13:26:48,Main Block,Ground,Lab 101,Computers,1.837,1.837
2026-09-03 13:26:48,Main Block,Ground,Lab 101,Lights,0.262,0.262
2026-09-03 13:26:48,Main Block,Ground,Lab 101,Fans,0.172,0.172
2026-09-03 13:26:48,Main Block,Ground,Lab 101,Server Units,4.579,4.579
2026-09-03 13:26:48,Main Block,First,Computer Lab 201,AC,4.325,4.325
2026-09-03 13:26:48,Main Block,First,Computer Lab 201,Computers,1.86,1.86
2026-09-03 13:26:48,Main Block,First,Computer Lab 201,Lights,0.313,0.313
2026-09-03 13:26:48,Main Block,First,Computer Lab 201,Fans,0.176,0.176
2026-09-03 13:26:48,Main Block,First,Computer Lab 201,Server Units,3.956,3.956
2026-09-03 13:26:48,Research Wing,Ground,AI Research Lab,AC,5.161,5.161
2026-09-03 13:26:48,Research Wing,Ground,AI Research Lab,Computers,2.034,2.034
2026-09-03 13:26:48,Research Wing,Ground,AI Research Lab,Lights,0.331,0.331
2026-09-03 13:26:48,Research Wing,Ground,AI Research Lab,Fans,0.179,0.179
2026-09-03 13:26:48,Research Wing,Ground,AI Research Lab,Server Units,4.156,4.156
2026-09-03 13:26:48,Research Wing,Ground,Server Room,AC,4.11,4.11
2026-09-03 13:26:48,Research Wing,Ground,Server Room,Computers,2.226,2.226
2026-09-03 13:26:48,Research Wing,Ground,Server Room,Lights,0.314,0.314
2026-09-03 13:26:48,Research Wing,Ground,Server Room,Fans,0.219,0.219
2026-09-03 13:26:48,Research Wing,Ground,Server Room,Server Units,4.09,4.09
2026-09-03 14:26:48,Main Block,Ground,Lab 101,AC,4.583,4.583
2026-09-03 14:26:48,Main Block,Ground,Lab 101,Computers,2.051,2.051
2026-09-03 14:26:48,Main Block,Ground,Lab 101,Lights,0.291,0.291
2026-09-03 14:26:48,Main Block,Ground,Lab 101,Fans,0.224,0.224
2026-09-03 14:26:48,Main Block,Ground,Lab 101,Server Units,3.86,3.86
2026-09-03 14:26:48,Main Block,First,Computer Lab 201,AC,3.973,3.973
2026-09-03 14:26:48,Main Block,First,Computer Lab 201,Computers,2.175,2.175
2026-09-03 14:26:48,Main Block,First,Computer Lab 201,Lights,0.261,0.261
2026-09-03 14:26:48,Main Block,First,Computer Lab 201,Fans,0.224,0.224
2026-09-03 14:26:48,Main Block,First,Computer Lab 201,Server Units,5.022,5.022
2026-09-03 14:26:48,Research Wing,Ground,AI Research Lab,AC,3.84,3.84
2026-09-03 14:26:48,Research Wing,Ground,AI Research Lab,Computers,2.109,2.109
2026-09-03 14:26:48,Research Wing,Ground,AI Research Lab,Lights,0.279,0.279
2026-09-03 14:26:48,Research Wing,Ground,AI Research Lab,Fans,0.172,0.172
2026-09-03 14:26:48,Research Wing,Ground,AI Research Lab,Server Units,4.339,4.339
2026-09-03 14:26:48,Research Wing,Ground,Server Room,AC,5.007,5.007
2026-09-03 14:26:48,Research Wing,Ground,Server Room,Computers,2.0,2.0
2026-09-03 14:26:48,Research Wing,Ground,Server Room,Lights,0.337,0.337
2026-09-03 14:26:48,Research Wing,Ground,Server Room,Fans,0.183,0.183
2026-09-03 14:26:48,Research Wing,Ground,Server Room,Server Units,4.544,4.544
2026-09-03 15:26:48,Main Block,Ground,Lab 101,AC,4.854,4.854
2026-09-03 15:26:48,Main Block,Ground,Lab 101,Computers,2.167,2.167
2026-09-03 15:26:48,Main Block,Ground,Lab 101,Lights,0.255,0.255
2026-09-03 15:26:48,Main Block,Ground,Lab 101,Fans,0.167,0.167
2026-09-03 15:26:48,Main Block,Ground,Lab 101,Server Units,4.9,4.9
2026-09-03 15:26:48,Main Block,First,Computer Lab 201,AC,4.24,4.24
2026-09-03 15:26:48,Main Block,First,Computer Lab 201,Computers,2.227,2.227
2026-09-03 15:26:48,Main Block,First,Computer Lab 201,Lights,0.263,0.263
2026-09-03 15:26:48,Main Block,First,Computer Lab 201,Fans,0.17,0.17
2026-09-03 15:26:48,Main Block,First,Computer Lab 201,Server Units,4.751,4.751
2026-09-03 15:26:48,Research Wing,Ground,AI Research Lab,AC,4.467,4.467
2026-09-03 15:26:48,Research Wing,Ground,AI Research Lab,Computers,1.859,1.859
2026-09-03 15:26:48,Research Wing,Ground,AI Research Lab,Lights,0.293,0.293
2026-09-03 15:26:48,Research Wing,Ground,AI Research Lab,Fans,0.197,0.197
2026-09-03 15:26:48,Research Wing,Ground,AI Research Lab,Server Units,4.006,4.006
2026-09-03 15:26:48,Research Wing,Ground,Server Room,AC,5.168,5.168
2026-09-03 15:26:48,Research Wing,Ground,Server Room,Computers,1.963,1.963
2026-09-03 15:26:48,Research Wing,Ground,Server Room,Lights,0.266,0.266
2026-09-03 15:26:48,Research Wing,Ground,Server Room,Fans,0.186,0.186
2026-09-03 15:26:48,Research Wing,Ground,Server Room,Server Units,4.044,4.044
2026-09-03 16:26:48,Main Block,Ground,Lab 101,AC,3.921,3.921
2026-09-03 16:26:48,Main Block,Ground,Lab 101,Computers,1.837,1.837
2026-09-03 16:26:48,Main Block,Ground,Lab 101,Lights,0.332,0.332
2026-09-03 16:26:48,Main Block,Ground,Lab 101,Fans,0.18,0.18
2026-09-03 16:26:48,Main Block,Ground,Lab 101,Server Units,4.023,4.023
2026-09-03 16:26:48,Main Block,First,Computer Lab 201,AC,5.088,5.088
2026-09-03 16:26:48,Main Block,First,Computer Lab 201,Computers,1.984,1.984
2026-09-03 16:26:48,Main Block,First,Computer Lab 201,Lights,0.328,0.328
2026-09-03 16:26:48,Main Block,First,Computer Lab 201,Fans,0.171,0.171
2026-09-03 16:26:48,Main Block,First,Computer Lab 201,Server Units,4.299,4.299
2026-09-03 16:26:48,Research Wing,Ground,AI Research Lab,AC,4.809,4.809
2026-09-03 16:26:48,Research Wing,Ground,AI Research Lab,Computers,2.29,2.29
2026-09-03 16:26:48,Research Wing,Ground,AI Research Lab,Lights,0.291,0.291
2026-09-03 16:26:48,Research Wing,Ground,AI Research Lab,Fans,0.216,0.216
2026-09-03 16:26:48,Research Wing,Ground,AI Research Lab,Server Units,3.991,3.991
2026-09-03 16:26:48,Research Wing,Ground,Server Room,AC,4.395,4.395
2026-09-03 16:26:48,Research Wing,Ground,Server Room,Computers,1.85,1.85
2026-09-03 16:26:48,Research Wing,Ground,Server Room,Lights,0.295,0.295
2026-09-03 16:26:48,Research Wing,Ground,Server Room,Fans,0.198,0.198
2026-09-03 16:26:48,Research Wing,Ground,Server Room,Server Units,5.059,5.059
2026-09-03 17:26:48,Main Block,Ground,Lab 101,AC,5.133,5.133
2026-09-03 17:26:48,Main Block,Ground,Lab 101,Computers,2.209,2.209
2026-09-03 17:26:48,Main Block,Ground,Lab 101,Lights,0.299,0.299
2026-09-03 17:26:48,Main Block,Ground,Lab 101,Fans,0.189,0.189
2026-09-03 17:26:48,Main Block,Ground,Lab 101,Server Units,4.24,4.24
2026-09-03 17:26:48,Main Block,First,Computer Lab 201,AC,4.183,4.183
2026-09-03 17:26:48,Main Block,First,Computer Lab 201,Computers,1.973,1.973
2026-09-03 17:26:48,Main Block,First,Computer Lab 201,Lights,0.341,0.341
2026-09-03 17:26:48,Main Block,First,Computer Lab 201,Fans,0.198,0.198
2026-09-03 17:26:48,Main Block,First,Computer Lab 201,Server Units,3.944,3.944
2026-09-03 17:26:48,Research Wing,Ground,AI Research Lab,AC,5.133,5.133
2026-09-03 17:26:48,Research Wing,Ground,AI Research Lab,Computers,2.025,2.025
2026-09-03 17:26:48,Research Wing,Ground,AI Research Lab,Lights,0.26,0.26
2026-09-03 17:26:48,Research Wing,Ground,AI Research Lab,Fans,0.195,0.195
2026-09-03 17:26:48,Research Wing,Ground,AI Research Lab,Server Units,3.948,3.948
2026-09-03 17:26:48,Research Wing,Ground,Server Room,AC,3.933,3.933
2026-09-03 17:26:48,Research Wing,Ground,Server Room,Computers,2.057,2.057
2026-09-03 17:26:48,Research Wing,Ground,Server Room,Lights,0.276,0.276
2026-09-03 17:26:48,Research Wing,Ground,Server Room,Fans,0.218,0.218
2026-09-03 17:26:48,Research Wing,Ground,Server Room,Server Units,4.525,4.525
2026-09-03 18:26:48,Main Block,Ground,Lab 101,AC,4.391,4.391
2026-09-03 18:26:48,Main Block,Ground,Lab 101,Computers,2.014,2.014
2026-09-03 18:26:48,Main Block,Ground,Lab 101,Lights,0.273,0.273
2026-09-03 18:26:48,Main Block,Ground,Lab 101,Fans,0.18,0.18
2026-09-03 18:26:48,Main Block,Ground,Lab 101,Server Units,4.627,4.627
2026-09-03 18:26:48,Main Block,First,Computer Lab 201,AC,4.252,4.252
2026-09-03 18:26:48,Main Block,First,Computer Lab 201,Computers,1.744,1.744
2026-09-03 18:26:48,Main Block,First,Computer Lab 201,Lights,0.345,0.345
2026-09-03 18:26:48,Main Block,First,Computer Lab 201,Fans,0.17,0.17
2026-09-03 18:26:48,Main Block,First,Computer Lab 201,Server Units,4.09,4.09
2026-09-03 18:26:48,Research Wing,Ground,AI Research Lab,AC,5.014,5.014
2026-09-03 18:26:48,Research Wing,Ground,AI Research Lab,Computers,1.922,1.922
2026-09-03 18:26:48,Research Wing,Ground,AI Research Lab,Lights,0.33,0.33
2026-09-03 18:26:48,Research Wing,Ground,AI Research Lab,Fans,0.202,0.202
2026-09-03 18:26:48,Research Wing,Ground,AI Research Lab,Server Units,13.81,13.81
2026-09-03 18:26:48,Research Wing,Ground,Server Room,AC,4.928,4.928
2026-09-03 18:26:48,Research Wing,Ground,Server Room,Computers,2.098,2.098
2026-09-03 18:26:48,Research Wing,Ground,Server Room,Lights,0.267,0.267
2026-09-03 18:26:48,Research Wing,Ground,Server Room,Fans,0.172,0.172
2026-09-03 18:26:48,Research Wing,Ground,Server Room,Server Units,4.099,4.099
2026-09-03 19:26:48,Main Block,Ground,Lab 101,AC,0.25,0.25
2026-09-03 19:26:48,Main Block,Ground,Lab 101,Computers,0.08,0.08
2026-09-03 19:26:48,Main Block,Ground,Lab 101,Lights,0.02,0.02
2026-09-03 19:26:48,Main Block,Ground,Lab 101,Fans,0.015,0.015
2026-09-03 19:26:48,Main Block,Ground,Lab 101,Server Units,4.385,4.385
2026-09-03 19:26:48,Main Block,First,Computer Lab 201,AC,0.25,0.25
2026-09-03 19:26:48,Main Block,First,Computer Lab 201,Computers,0.08,0.08
2026-09-03 19:26:48,Main Block,First,Computer Lab 201,Lights,0.02,0.02
2026-09-03 19:26:48,Main Block,First,Computer Lab 201,Fans,0.015,0.015
2026-09-03 19:26:48,Main Block,First,Computer Lab 201,Server Units,3.745,3.745
2026-09-03 19:26:48,Research Wing,Ground,AI Research Lab,AC,0.25,0.25
2026-09-03 19:26:48,Research Wing,Ground,AI Research Lab,Computers,0.08,0.08
2026-09-03 19:26:48,Research Wing,Ground,AI Research Lab,Lights,0.02,0.02
2026-09-03 19:26:48,Research Wing,Ground,AI Research Lab,Fans,0.015,0.015
2026-09-03 19:26:48,Research Wing,Ground,AI Research Lab,Server Units,12.914,12.914
2026-09-03 19:26:48,Research Wing,Ground,Server Room,AC,0.25,0.25
2026-09-03 19:26:48,Research Wing,Ground,Server Room,Computers,0.08,0.08
2026-09-03 19:26:48,Research Wing,Ground,Server Room,Lights,0.02,0.02
2026-09-03 19:26:48,Research Wing,Ground,Server Room,Fans,0.015,0.015
2026-09-03 19:26:48,Research Wing,Ground,Server Room,Server Units,4.842,4.842
2026-09-03 20:26:48,Main Block,Ground,Lab 101,AC,0.25,0.25
2026-09-03 20:26:48,Main Block,Ground,Lab 101,Computers,0.08,0.08
2026-09-03 20:26:48,Main Block,Ground,Lab 101,Lights,0.02,0.02
2026-09-03 20:26:48,Main Block,Ground,Lab 101,Fans,0.015,0.015
2026-09-03 20:26:48,Main Block,Ground,Lab 101,Server Units,4.791,4.791
2026-09-03 20:26:48,Main Block,First,Computer Lab 201,AC,0.25,0.25
2026-09-03 20:26:48,Main Block,First,Computer Lab 201,Computers,0.08,0.08
2026-09-03 20:26:48,Main Block,First,Computer Lab 201,Lights,0.02,0.02
2026-09-03 20:26:48,Main Block,First,Computer Lab 201,Fans,0.015,0.015
2026-09-03 20:26:48,Main Block,First,Computer Lab 201,Server Units,4.77,4.77
2026-09-03 20:26:48,Research Wing,Ground,AI Research Lab,AC,0.25,0.25
2026-09-03 20:26:48,Research Wing,Ground,AI Research Lab,Computers,0.08,0.08
2026-09-03 20:26:48,Research Wing,Ground,AI Research Lab,Lights,0.02,0.02
2026-09-03 20:26:48,Research Wing,Ground,AI Research Lab,Fans,0.015,0.015
2026-09-03 20:26:48,Research Wing,Ground,AI Research Lab,Server Units,4.881,4.881
2026-09-03 20:26:48,Research Wing,Ground,Server Room,AC,0.25,0.25
2026-09-03 20:26:48,Research Wing,Ground,Server Room,Computers,0.08,0.08
2026-09-03 20:26:48,Research Wing,Ground,Server Room,Lights,0.06,0.06
2026-09-03 20:26:48,Research Wing,Ground,Server Room,Fans,0.015,0.015
2026-09-03 20:26:48,Research Wing,Ground,Server Room,Server Units,4.178,4.178
2026-09-03 21:26:48,Main Block,Ground,Lab 101,AC,0.25,0.25
2026-09-03 21:26:48,Main Block,Ground,Lab 101,Computers,0.08,0.08
2026-09-03 21:26:48,Main Block,Ground,Lab 101,Lights,0.02,0.02
2026-09-03 21:26:48,Main Block,Ground,Lab 101,Fans,0.015,0.015
2026-09-03 21:26:48,Main Block,Ground,Lab 101,Server Units,4.779,4.779
2026-09-03 21:26:48,Main Block,First,Computer Lab 201,AC,0.25,0.25
2026-09-03 21:26:48,Main Block,First,Computer Lab 201,Computers,0.08,0.08
2026-09-03 21:26:48,Main Block,First,Computer Lab 201,Lights,0.02,0.02
2026-09-03 21:26:48,Main Block,First,Computer Lab 201,Fans,0.015,0.015
2026-09-03 21:26:48,Main Block,First,Computer Lab 201,Server Units,4.348,4.348
2026-09-03 21:26:48,Research Wing,Ground,AI Research Lab,AC,0.25,0.25
2026-09-03 21:26:48,Research Wing,Ground,AI Research Lab,Computers,0.08,0.08
2026-09-03 21:26:48,Research Wing,Ground,AI Research Lab,Lights,0.06,0.06
2026-09-03 21:26:48,Research Wing,Ground,AI Research Lab,Fans,0.015,0.015
2026-09-03 21:26:48,Research Wing,Ground,AI Research Lab,Server Units,4.173,4.173
2026-09-03 21:26:48,Research Wing,Ground,Server Room,AC,0.25,0.25
2026-09-03 21:26:48,Research Wing,Ground,Server Room,Computers,0.08,0.08
2026-09-03 21:26:48,Research Wing,Ground,Server Room,Lights,0.02,0.02
2026-09-03 21:26:48,Research Wing,Ground,Server Room,Fans,0.015,0.015
2026-09-03 21:26:48,Research Wing,Ground,Server Room,Server Units,5.035,5.035
2026-09-03 22:26:48,Main Block,Ground,Lab 101,AC,0.25,0.25
2026-09-03 22:26:48,Main Block,Ground,Lab 101,Computers,0.08,0.08
2026-09-03 22:26:48,Main Block,Ground,Lab 101,Lights,0.02,0.02
2026-09-03 22:26:48,Main Block,Ground,Lab 101,Fans,0.015,0.015
2026-09-03 22:26:48,Main Block,Ground,Lab 101,Server Units,5.011,5.011
2026-09-03 22:26:48,Main Block,First,Computer Lab 201,AC,0.25,0.25
2026-09-03 22:26:48,Main Block,First,Computer Lab 201,Computers,0.08,0.08
2026-09-03 22:26:48,Main Block,First,Computer Lab 201,Lights,0.02,0.02
2026-09-03 22:26:48,Main Block,First,Computer Lab 201,Fans,0.015,0.015
2026-09-03 22:26:48,Main Block,First,Computer Lab 201,Server Units,4.54,4.54
2026-09-03 22:26:48,Research Wing,Ground,AI Research Lab,AC,0.25,0.25
2026-09-03 22:26:48,Research Wing,Ground,AI Research Lab,Computers,0.08,0.08
2026-09-03 22:26:48,Research Wing,Ground,AI Research Lab,Lights,0.02,0.02
2026-09-03 22:26:48,Research Wing,Ground,AI Research Lab,Fans,0.015,0.015
2026-09-03 22:26:48,Research Wing,Ground,AI Research Lab,Server Units,3.742,3.742
2026-09-03 22:26:48,Research Wing,Ground,Server Room,AC,0.25,0.25
2026-09-03 22:26:48,Research Wing,Ground,Server Room,Computers,0.08,0.08
2026-09-03 22:26:48,Research Wing,Ground,Server Room,Lights,0.02,0.02
2026-09-03 22:26:48,Research Wing,Ground,Server Room,Fans,0.015,0.015
2026-09-03 22:26:48,Research Wing,Ground,Server Room,Server Units,4.221,4.221
2026-09-03 23:26:48,Main Block,Ground,Lab 101,AC,0.25,0.25
2026-09-03 23:26:48,Main Block,Ground,Lab 101,Computers,0.08,0.08
2026-09-03 23:26:48,Main Block,Ground,Lab 101,Lights,0.02,0.02
2026-09-03 23:26:48,Main Block,Ground,Lab 101,Fans,0.015,0.015
2026-09-03 23:26:48,Main Block,Ground,Lab 101,Server Units,4.69,4.69
2026-09-03 23:26:48,Main Block,First,Computer Lab 201,AC,0.25,0.25
2026-09-03 23:26:48,Main Block,First,Computer Lab 201,Computers,0.08,0.08
2026-09-03 23:26:48,Main Block,First,Computer Lab 201,Lights,0.02,0.02
2026-09-03 23:26:48,Main Block,First,Computer Lab 201,Fans,0.015,0.015
2026-09-03 23:26:48,Main Block,First,Computer Lab 201,Server Units,3.908,3.908
2026-09-03 23:26:48,Research Wing,Ground,AI Research Lab,AC,0.25,0.25
2026-09-03 23:26:48,Research Wing,Ground,AI Research Lab,Computers,0.08,0.08
2026-09-03 23:26:48,Research Wing,Ground,AI Research Lab,Lights,0.02,0.02
2026-09-03 23:26:48,Research Wing,Ground,AI Research Lab,Fans,0.015,0.015
2026-09-03 23:26:48,Research Wing,Ground,AI Research Lab,Server Units,4.137,4.137
2026-09-03 23:26:48,Research Wing,Ground,Server Room,AC,0.75,0.75
2026-09-03 23:26:48,Research Wing,Ground,Server Room,Computers,0.08,0.08
2026-09-03 23:26:48,Research Wing,Ground,Server Room,Lights,0.02,0.02
2026-09-03 23:26:48,Research Wing,Ground,Server Room,Fans,0.015,0.015
2026-09-03 23:26:48,Research Wing,Ground,Server Room,Server Units,4.604,4.604
2026-09-04 00:26:48,Main Block,Ground,Lab 101,AC,0.25,0.25
2026-09-04 00:26:48,Main Block,Ground,Lab 101,Computers,0.08,0.08
2026-09-04 00:26:48,Main Block,Ground,Lab 101,Lights,0.02,0.02
2026-09-04 00:26:48,Main Block,Ground,Lab 101,Fans,0.015,0.015
2026-09-04 00:26:48,Main Block,Ground,Lab 101,Server Units,4.791,4.791
2026-09-04 00:26:48,Main Block,First,Computer Lab 201,AC,0.25,0.25
2026-09-04 00:26:48,Main Block,First,Computer Lab 201,Computers,0.08,0.08
2026-09-04 00:26:48,Main Block,First,Computer Lab 201,Lights,0.02,0.02
2026-09-04 00:26:48,Main Block,First,Computer Lab 201,Fans,0.015,0.015
2026-09-04 00:26:48,Main Block,First,Computer Lab 201,Server Units,4.82,4.82
2026-09-04 00:26:48,Research Wing,Ground,AI Research Lab,AC,0.25,0.25
2026-09-04 00:26:48,Research Wing,Ground,AI Research Lab,Computers,0.08,0.08
2026-09-04 00:26:48,Research Wing,Ground,AI Research Lab,Lights,0.02,0.02
2026-09-04 00:26:48,Research Wing,Ground,AI Research Lab,Fans,0.045,0.045
2026-09-04 00:26:48,Research Wing,Ground,AI Research Lab,Server Units,4.063,4.063
2026-09-04 00:26:48,Research Wing,Ground,Server Room,AC,0.25,0.25
2026-09-04 00:26:48,Research Wing,Ground,Server Room,Computers,0.08,0.08
2026-09-04 00:26:48,Research Wing,Ground,Server Room,Lights,0.02,0.02
2026-09-04 00:26:48,Research Wing,Ground,Server Room,Fans,0.015,0.015
2026-09-04 00:26:48,Research Wing,Ground,Server Room,Server Units,3.997,3.997
2026-09-04 01:26:48,Main Block,Ground,Lab 101,AC,0.25,0.25
2026-09-04 01:26:48,Main Block,Ground,Lab 101,Computers,0.08,0.08
2026-09-04 01:26:48,Main Block,Ground,Lab 101,Lights,0.02,0.02
2026-09-04 01:26:48,Main Block,Ground,Lab 101,Fans,0.045,0.045
2026-09-04 01:26:48,Main Block,Ground,Lab 101,Server Units,4.731,4.731
2026-09-04 01:26:48,Main Block,First,Computer Lab 201,AC,0.25,0.25
2026-09-04 01:26:48,Main Block,First,Computer Lab 201,Computers,0.08,0.08
2026-09-04 01:26:48,Main Block,First,Computer Lab 201,Lights,0.02,0.02
2026-09-04 01:26:48,Main Block,First,Computer Lab 201,Fans,0.015,0.015
2026-09-04 01:26:48,Main Block,First,Computer Lab 201,Server Units,4.424,4.424
2026-09-04 01:26:48,Research Wing,Ground,AI Research Lab,AC,0.25,0.25
2026-09-04 01:26:48,Research Wing,Ground,AI Research Lab,Computers,0.08,0.08
2026-09-04 01:26:48,Research Wing,Ground,AI Research Lab,Lights,0.02,0.02
2026-09-04 01:26:48,Research Wing,Ground,AI Research Lab,Fans,0.015,0.015
2026-09-04 01:26:48,Research Wing,Ground,AI Research Lab,Server Units,4.621,4.621
2026-09-04 01:26:48,Research Wing,Ground,Server Room,AC,0.25,0.25
2026-09-04 01:26:48,Research Wing,Ground,Server Room,Computers,0.08,0.08
2026-09-04 01:26:48,Research Wing,Ground,Server Room,Lights,0.02,0.02
2026-09-04 01:26:48,Research Wing,Ground,Server Room,Fans,0.015,0.015
2026-09-04 01:26:48,Research Wing,Ground,Server Room,Server Units,4.689,4.689
2026-09-04 02:26:48,Main Block,Ground,Lab 101,AC,0.25,0.25
2026-09-04 02:26:48,Main Block,Ground,Lab 101,Computers,0.08,0.08
2026-09-04 02:26:48,Main Block,Ground,Lab 101,Lights,0.02,0.02
2026-09-04 02:26:48,Main Block,Ground,Lab 101,Fans,0.015,0.015
2026-09-04 02:26:48,Main Block,Ground,Lab 101,Server Units,4.367,4.367
2026-09-04 02:26:48,Main Block,First,Computer Lab 201,AC,0.25,0.25
2026-09-04 02:26:48,Main Block,First,Computer Lab 201,Computers,0.08,0.08
2026-09-04 02:26:48,Main Block,First,Computer Lab 201,Lights,0.02,0.02
2026-09-04 02:26:48,Main Block,First,Computer Lab 201,Fans,0.015,0.015
2026-09-04 02:26:48,Main Block,First,Computer Lab 201,Server Units,4.567,4.567
2026-09-04 02:26:48,Research Wing,Ground,AI Research Lab,AC,0.25,0.25
2026-09-04 02:26:48,Research Wing,Ground,AI Research Lab,Computers,0.08,0.08
2026-09-04 02:26:48,Research Wing,Ground,AI Research Lab,Lights,0.02,0.02
2026-09-04 02:26:48,Research Wing,Ground,AI Research Lab,Fans,0.015,0.015
2026-09-04 02:26:48,Research Wing,Ground,AI Research Lab,Server Units,4.453,4.453
2026-09-04 02:26:48,Research Wing,Ground,Server Room,AC,0.25,0.25
2026-09-04 02:26:48,Research Wing,Ground,Server Room,Computers,0.08,0.08
2026-09-04 02:26:48,Research Wing,Ground,Server Room,Lights,0.02,0.02
2026-09-04 02:26:48,Research Wing,Ground,Server Room,Fans,0.015,0.015
2026-09-04 02:26:48,Research Wing,Ground,Server Room,Server Units,4.278,4.278
2026-09-04 03:26:48,Main Block,Ground,Lab 101,AC,0.25,0.25
2026-09-04 03:26:48,Main Block,Ground,Lab 101,Computers,0.08,0.08
2026-09-04 03:26:48,Main Block,Ground,Lab 101,Lights,0.02,0.02
2026-09-04 03:26:48,Main Block,Ground,Lab 101,Fans,0.015,0.015
2026-09-04 03:26:48,Main Block,Ground,Lab 101,Server Units,4.511,4.511
2026-09-04 03:26:48,Main Block,First,Computer Lab 201,AC,0.25,0.25
2026-09-04 03:26:48,Main Block,First,Computer Lab 201,Computers,0.08,0.08
2026-09-04 03:26:48,Main Block,First,Computer Lab 201,Lights,0.02,0.02
2026-09-04 03:26:48,Main Block,First,Computer Lab 201,Fans,0.045,0.045
2026-09-04 03:26:48,Main Block,First,Computer Lab 201,Server Units,4.204,4.204
2026-09-04 03:26:48,Research Wing,Ground,AI Research Lab,AC,0.25,0.25
2026-09-04 03:26:48,Research Wing,Ground,AI Research Lab,Computers,0.08,0.08
2026-09-04 03:26:48,Research Wing,Ground,AI Research Lab,Lights,0.02,0.02
2026-09-04 03:26:48,Research Wing,Ground,AI Research Lab,Fans,0.015,0.015
2026-09-04 03:26:48,Research Wing,Ground,AI Research Lab,Server Units,4.461,4.461
2026-09-04 03:26:48,Research Wing,Ground,Server Room,AC,0.25,0.25
2026-09-04 03:26:48,Research Wing,Ground,Server Room,Computers,0.08,0.08
2026-09-04 03:26:48,Research Wing,Ground,Server Room,Lights,0.02,0.02
2026-09-04 03:26:48,Research Wing,Ground,Server Room,Fans,0.015,0.015
2026-09-04 03:26:48,Research Wing,Ground,Server Room,Server Units,4.184,4.184
2026-09-04 04:26:48,Main Block,Ground,Lab 101,AC,0.25,0.25
2026-09-04 04:26:48,Main Block,Ground,Lab 101,Computers,0.08,0.08
2026-09-04 04:26:48,Main Block,Ground,Lab 101,Lights,0.02,0.02
2026-09-04 04:26:48,Main Block,Ground,Lab 101,Fans,0.015,0.015
2026-09-04 04:26:48,Main Block,Ground,Lab 101,Server Units,4.561,4.561
2026-09-04 04:26:48,Main Block,First,Computer Lab 201,AC,0.25,0.25
2026-09-04 04:26:48,Main Block,First,Computer Lab 201,Computers,0.08,0.08
2026-09-04 04:26:48,Main Block,First,Computer Lab 201,Lights,0.02,0.02
2026-09-04 04:26:48,Main Block,First,Computer Lab 201,Fans,0.015,0.015
2026-09-04 04:26:48,Main Block,First,Computer Lab 201,Server Units,3.919,3.919
2026-09-04 04:26:48,Research Wing,Ground,AI Research Lab,AC,0.25,0.25
2026-09-04 04:26:48,Research Wing,Ground,AI Research Lab,Computers,0.08,0.08
2026-09-04 04:26:48,Research Wing,Ground,AI Research Lab,Lights,0.02,0.02
2026-09-04 04:26:48,Research Wing,Ground,AI Research Lab,Fans,0.015,0.015
2026-09-04 04:26:48,Research Wing,Ground,AI Research Lab,Server Units,4.745,4.745
2026-09-04 04:26:48,Research Wing,Ground,Server Room,AC,0.25,0.25
2026-09-04 04:26:48,Research Wing,Ground,Server Room,Computers,0.08,0.08
2026-09-04 04:26:48,Research Wing,Ground,Server Room,Lights,0.02,0.02
2026-09-04 04:26:48,Research Wing,Ground,Server Room,Fans,0.015,0.015
2026-09-04 04:26:48,Research Wing,Ground,Server Room,Server Units,3.766,3.766
2026-09-04 05:26:48,Main Block,Ground,Lab 101,AC,0.25,0.25
2026-09-04 05:26:48,Main Block,Ground,Lab 101,Computers,0.08,0.08
2026-09-04 05:26:48,Main Block,Ground,Lab 101,Lights,0.02,0.02
2026-09-04 05:26:48,Main Block,Ground,Lab 101,Fans,0.015,0.015
2026-09-04 05:26:48,Main Block,Ground,Lab 101,Server Units,4.6,4.6
2026-09-04 05:26:48,Main Block,First,Computer Lab 201,AC,0.25,0.25
2026-09-04 05:26:48,Main Block,First,Computer Lab 201,Computers,0.08,0.08
2026-09-04 05:26:48,Main Block,First,Computer Lab 201,Lights,0.06,0.06
2026-09-04 05:26:48,Main Block,First,Computer Lab 201,Fans,0.015,0.015
2026-09-04 05:26:48,Main Block,First,Computer Lab 201,Server Units,3.907,3.907
2026-09-04 05:26:48,Research Wing,Ground,AI Research Lab,AC,0.25,0.25
2026-09-04 05:26:48,Research Wing,Ground,AI Research Lab,Computers,0.08,0.08
2026-09-04 05:26:48,Research Wing,Ground,AI Research Lab,Lights,0.02,0.02
2026-09-04 05:26:48,Research Wing,Ground,AI Research Lab,Fans,0.015,0.015
2026-09-04 05:26:48,Research Wing,Ground,AI Research Lab,Server Units,3.961,3.961
2026-09-04 05:26:48,Research Wing,Ground,Server Room,AC,0.25,0.25
2026-09-04 05:26:48,Research Wing,Ground,Server Room,Computers,0.08,0.08
2026-09-04 05:26:48,Research Wing,Ground,Server Room,Lights,0.02,0.02
2026-09-04 05:26:48,Research Wing,Ground,Server Room,Fans,0.015,0.015
2026-09-04 05:26:48,Research Wing,Ground,Server Room,Server Units,3.883,3.883
2026-09-04 06:26:48,Main Block,Ground,Lab 101,AC,0.25,0.25
2026-09-04 06:26:48,Main Block,Ground,Lab 101,Computers,0.08,0.08
2026-09-04 06:26:48,Main Block,Ground,Lab 101,Lights,0.02,0.02
2026-09-04 06:26:48,Main Block,Ground,Lab 101,Fans,0.015,0.015
2026-09-04 06:26:48,Main Block,Ground,Lab 101,Server Units,4.684,4.684
2026-09-04 06:26:48,Main Block,First,Computer Lab 201,AC,0.25,0.25
2026-09-04 06:26:48,Main Block,First,Computer Lab 201,Computers,0.08,0.08
2026-09-04 06:26:48,Main Block,First,Computer Lab 201,Lights,0.02,0.02
2026-09-04 06:26:48,Main Block,First,Computer Lab 201,Fans,0.015,0.015
2026-09-04 06:26:48,Main Block,First,Computer Lab 201,Server Units,4.862,4.862
2026-09-04 06:26:48,Research Wing,Ground,AI Research Lab,AC,0.25,0.25
2026-09-04 06:26:48,Research Wing,Ground,AI Research Lab,Computers,0.08,0.08
2026-09-04 06:26:48,Research Wing,Ground,AI Research Lab,Lights,0.02,0.02
2026-09-04 06:26:48,Research Wing,Ground,AI Research Lab,Fans,0.015,0.015
2026-09-04 06:26:48,Research Wing,Ground,AI Research Lab,Server Units,4.305,4.305
2026-09-04 06:26:48,Research Wing,Ground,Server Room,AC,0.25,0.25
2026-09-04 06:26:48,Research Wing,Ground,Server Room,Computers,0.08,0.08
2026-09-04 06:26:48,Research Wing,Ground,Server Room,Lights,0.02,0.02
2026-09-04 06:26:48,Research Wing,Ground,Server Room,Fans,0.015,0.015
2026-09-04 06:26:48,Research Wing,Ground,Server Room,Server Units,3.879,3.879
2026-09-04 07:26:48,Main Block,Ground,Lab 101,AC,0.25,0.25
2026-09-04 07:26:48,Main Block,Ground,Lab 101,Computers,0.08,0.08
2026-09-04 07:26:48,Main Block,Ground,Lab 101,Lights,0.02,0.02
2026-09-04 07:26:48,Main Block,Ground,Lab 101,Fans,0.015,0.015
2026-09-04 07:26:48,Main Block,Ground,Lab 101,Server Units,4.709,4.709
2026-09-04 07:26:48,Main Block,First,Computer Lab 201,AC,0.25,0.25
2026-09-04 07:26:48,Main Block,First,Computer Lab 201,Computers,0.08,0.08
2026-09-04 07:26:48,Main Block,First,Computer Lab 201,Lights,0.02,0.02
2026-09-04 07:26:48,Main Block,First,Computer Lab 201,Fans,0.015,0.015
2026-09-04 07:26:48,Main Block,First,Computer Lab 201,Server Units,4.315,4.315
2026-09-04 07:26:48,Research Wing,Ground,AI Research Lab,AC,0.25,0.25
2026-09-04 07:26:48,Research Wing,Ground,AI Research Lab,Computers,0.08,0.08
2026-09-04 07:26:48,Research Wing,Ground,AI Research Lab,Lights,0.02,0.02
2026-09-04 07:26:48,Research Wing,Ground,AI Research Lab,Fans,0.015,0.015
2026-09-04 07:26:48,Research Wing,Ground,AI Research Lab,Server Units,4.904,4.904
2026-09-04 07:26:48,Research Wing,Ground,Server Room,AC,0.25,0.25
2026-09-04 07:26:48,Research Wing,Ground,Server Room,Computers,0.08,0.08
2026-09-04 07:26:48,Research Wing,Ground,Server Room,Lights,0.02,0.02
2026-09-04 07:26:48,Research Wing,Ground,Server Room,Fans,0.015,0.015
2026-09-04 07:26:48,Research Wing,Ground,Server Room,Server Units,4.863,4.863
2026-09-04 08:26:48,Main Block,Ground,Lab 101,AC,4.111,4.111
2026-09-04 08:26:48,Main Block,Ground,Lab 101,Computers,1.904,1.904
2026-09-04 08:26:48,Main Block,Ground,Lab 101,Lights,0.318,0.318
2026-09-04 08:26:48,Main Block,Ground,Lab 101,Fans,0.166,0.166
2026-09-04 08:26:48,Main Block,Ground,Lab 101,Server Units,3.853,3.853
2026-09-04 08:26:48,Main Block,First,Computer Lab 201,AC,4.485,4.485
2026-09-04 08:26:48,Main Block,First,Computer Lab 201,Computers,2.114,2.114
2026-09-04 08:26:48,Main Block,First,Computer Lab 201,Lights,0.299,0.299
2026-09-04 08:26:48,Main Block,First,Computer Lab 201,Fans,0.171,0.171
2026-09-04 08:26:48,Main Block,First,Computer Lab 201,Server Units,4.653,4.653
2026-09-04 08:26:48,Research Wing,Ground,AI Research Lab,AC,4.61,4.61
2026-09-04 08:26:48,Research Wing,Ground,AI Research Lab,Computers,2.019,2.019
2026-09-04 08:26:48,Research Wing,Ground,AI Research Lab,Lights,0.322,0.322
2026-09-04 08:26:48,Research Wing,Ground,AI Research Lab,Fans,0.207,0.207
2026-09-04 08:26:48,Research Wing,Ground,AI Research Lab,Server Units,4.072,4.072
2026-09-04 08:26:48,Research Wing,Ground,Server Room,AC,4.085,4.085
2026-09-04 08:26:48,Research Wing,Ground,Server Room,Computers,2.022,2.022
2026-09-04 08:26:48,Research Wing,Ground,Server Room,Lights,0.272,0.272
2026-09-04 08:26:48,Research Wing,Ground,Server Room,Fans,0.194,0.194
2026-09-04 08:26:48,Research Wing,Ground,Server Room,Server Units,5.029,5.029
2026-09-04 09:26:48,Main Block,Ground,Lab 101,AC,4.207,4.207
2026-09-04 09:26:48,Main Block,Ground,Lab 101,Computers,1.816,1.816
2026-09-04 09:26:48,Main Block,Ground,Lab 101,Lights,0.813,0.813
2026-09-04 09:26:48,Main Block,Ground,Lab 101,Fans,0.197,0.197
2026-09-04 09:26:48,Main Block,Ground,Lab 101,Server Units,5.026,5.026
2026-09-04 09:26:48,Main Block,First,Computer Lab 201,AC,4.767,4.767
2026-09-04 09:26:48,Main Block,First,Computer Lab 201,Computers,2.221,2.221
2026-09-04 09:26:48,Main Block,First,Computer Lab 201,Lights,0.334,0.334
2026-09-04 09:26:48,Main Block,First,Computer Lab 201,Fans,0.193,0.193
2026-09-04 09:26:48,Main Block,First,Computer Lab 201,Server Units,3.983,3.983
2026-09-04 09:26:48,Research Wing,Ground,AI Research Lab,AC,5.095,5.095
2026-09-04 09:26:48,Research Wing,Ground,AI Research Lab,Computers,2.193,2.193
2026-09-04 09:26:48,Research Wing,Ground,AI Research Lab,Lights,0.262,0.262
2026-09-04 09:26:48,Research Wing,Ground,AI Research Lab,Fans,0.169,0.169
2026-09-04 09:26:48,Research Wing,Ground,AI Research Lab,Server Units,4.483,4.483
2026-09-04 09:26:48,Research Wing,Ground,Server Room,AC,5.167,5.167
2026-09-04 09:26:48,Research Wing,Ground,Server Room,Computers,2.159,2.159
2026-09-04 09:26:48,Research Wing,Ground,Server Room,Lights,0.326,0.326
2026-09-04 09:26:48,Research Wing,Ground,Server Room,Fans,0.196,0.196
2026-09-04 09:26:48,Research Wing,Ground,Server Room,Server Units,4.324,4.324
2026-09-04 10:26:48,Main Block,Ground,Lab 101,AC,5.162,5.162
2026-09-04 10:26:48,Main Block,Ground,Lab 101,Computers,2.073,2.073
2026-09-04 10:26:48,Main Block,Ground,Lab 101,Lights,0.322,0.322
2026-09-04 10:26:48,Main Block,Ground,Lab 101,Fans,0.178,0.178
2026-09-04 10:26:48,Main Block,Ground,Lab 101,Server Units,4.612,4.612
2026-09-04 10:26:48,Main Block,First,Computer Lab 201,AC,4.06,4.06
2026-09-04 10:26:48,Main Block,First,Computer Lab 201,Computers,1.702,1.702
2026-09-04 10:26:48,Main Block,First,Computer Lab 201,Lights,0.308,0.308
2026-09-04 10:26:48,Main Block,First,Computer Lab 201,Fans,0.179,0.179
2026-09-04 10:26:48,Main Block,First,Computer Lab 201,Server Units,4.668,4.668
2026-09-04 10:26:48,Research Wing,Ground,AI Research Lab,AC,4.753,4.753
2026-09-04 10:26:48,Research Wing,Ground,AI Research Lab,Computers,2.173,2.173
2026-09-04 10:26:48,Research Wing,Ground,AI Research Lab,Lights,0.315,0.315
2026-09-04 10:26:48,Research Wing,Ground,AI Research Lab,Fans,0.191,0.191
2026-09-04 10:26:48,Research Wing,Ground,AI Research Lab,Server Units,4.595,4.595
2026-09-04 10:26:48,Research Wing,Ground,Server Room,AC,4.941,4.941
2026-09-04 10:26:48,Research Wing,Ground,Server Room,Computers,1.8,1.8
2026-09-04 10:26:48,Research Wing,Ground,Server Room,Lights,0.322,0.322
2026-09-04 10:26:48,Research Wing,Ground,Server Room,Fans,0.183,0.183
2026-09-04 10:26:48,Research Wing,Ground,Server Room,Server Units,4.649,4.649
2026-09-04 11:26:48,Main Block,Ground,Lab 101,AC,5.098,5.098
2026-09-04 11:26:48,Main Block,Ground,Lab 101,Computers,1.996,1.996
2026-09-04 11:26:48,Main Block,Ground,Lab 101,Lights,0.259,0.259
2026-09-04 11:26:48,Main Block,Ground,Lab 101,Fans,0.185,0.185
2026-09-04 11:26:48,Main Block,Ground,Lab 101,Server Units,3.861,3.861
2026-09-04 11:26:48,Main Block,First,Computer Lab 201,AC,4.954,4.954
2026-09-04 11:26:48,Main Block,First,Computer Lab 201,Computers,2.27,2.27
2026-09-04 11:26:48,Main Block,First,Computer Lab 201,Lights,0.316,0.316
2026-09-04 11:26:48,Main Block,First,Computer Lab 201,Fans,0.168,0.168
2026-09-04 11:26:48,Main Block,First,Computer Lab 201,Server Units,4.361,4.361
2026-09-04 11:26:48,Research Wing,Ground,AI Research Lab,AC,5.062,5.062
2026-09-04 11:26:48,Research Wing,Ground,AI Research Lab,Computers,2.051,2.051
2026-09-04 11:26:48,Research Wing,Ground,AI Research Lab,Lights,0.299,0.299
2026-09-04 11:26:48,Research Wing,Ground,AI Research Lab,Fans,0.186,0.186
2026-09-04 11:26:48,Research Wing,Ground,AI Research Lab,Server Units,4.625,4.625
2026-09-04 11:26:48,Research Wing,Ground,Server Room,AC,4.27,4.27
2026-09-04 11:26:48,Research Wing,Ground,Server Room,Computers,1.873,1.873
2026-09-04 11:26:48,Research Wing,Ground,Server Room,Lights,0.328,0.328
2026-09-04 11:26:48,Research Wing,Ground,Server Room,Fans,0.192,0.192
2026-09-04 11:26:48,Research Wing,Ground,Server Room,Server Units,4.167,4.167
2026-09-04 12:26:48,Main Block,Ground,Lab 101,AC,4.371,4.371
2026-09-04 12:26:48,Main Block,Ground,Lab 101,Computers,2.293,2.293
2026-09-04 12:26:48,Main Block,Ground,Lab 101,Lights,0.304,0.304
2026-09-04 12:26:48,Main Block,Ground,Lab 101,Fans,0.177,0.177
2026-09-04 12:26:48,Main Block,Ground,Lab 101,Server Units,4.739,4.739
2026-09-04 12:26:48,Main Block,First,Computer Lab 201,AC,4.851,4.851
2026-09-04 12:26:48,Main Block,First,Computer Lab 201,Computers,2.03,2.03
2026-09-04 12:26:48,Main Block,First,Computer Lab 201,Lights,0.294,0.294
2026-09-04 12:26:48,Main Block,First,Computer Lab 201,Fans,0.173,0.173
2026-09-04 12:26:48,Main Block,First,Computer Lab 201,Server Units,4.544,4.544
2026-09-04 12:26:48,Research Wing,Ground,AI Research Lab,AC,4.039,4.039
2026-09-04 12:26:48,Research Wing,Ground,AI Research Lab,Computers,2.031,2.031
2026-09-04 12:26:48,Research Wing,Ground,AI Research Lab,Lights,0.344,0.344
2026-09-04 12:26:48,Research Wing,Ground,AI Research Lab,Fans,0.193,0.193
2026-09-04 12:26:48,Research Wing,Ground,AI Research Lab,Server Units,4.838,4.838
2026-09-04 12:26:48,Research Wing,Ground,Server Room,AC,4.792,4.792
2026-09-04 12:26:48,Research Wing,Ground,Server Room,Computers,1.864,1.864
2026-09-04 12:26:48,Research Wing,Ground,Server Room,Lights,0.343,0.343
2026-09-04 12:26:48,Research Wing,Ground,Server Room,Fans,0.198,0.198
2026-09-04 12:26:48,Research Wing,Ground,Server Room,Server Units,4.957,4.957
2026-09-04 13:26:48,Main Block,Ground,Lab 101,AC,5.012,5.012
2026-09-04 13:26:48,Main Block,Ground,Lab 101,Computers,1.866,1.866
2026-09-04 13:26:48,Main Block,Ground,Lab 101,Lights,0.292,0.292
2026-09-04 13:26:48,Main Block,Ground,Lab 101,Fans,0.195,0.195
2026-09-04 13:26:48,Main Block,Ground,Lab 101,Server Units,4.113,4.113
2026-09-04 13:26:48,Main Block,First,Computer Lab 201,AC,4.617,4.617
2026-09-04 13:26:48,Main Block,First,Computer Lab 201,Computers,1.994,1.994
2026-09-04 13:26:48,Main Block,First,Computer Lab 201,Lights,0.303,0.303
2026-09-04 13:26:48,Main Block,First,Computer Lab 201,Fans,0.198,0.198
2026-09-04 13:26:48,Main Block,First,Computer Lab 201,Server Units,4.341,4.341
2026-09-04 13:26:48,Research Wing,Ground,AI Research Lab,AC,4.08,4.08
2026-09-04 13:26:48,Research Wing,Ground,AI Research Lab,Computers,2.043,2.043
2026-09-04 13:26:48,Research Wing,Ground,AI Research Lab,Lights,0.325,0.325
2026-09-04 13:26:48,Research Wing,Ground,AI Research Lab,Fans,0.209,0.209
2026-09-04 13:26:48,Research Wing,Ground,AI Research Lab,Server Units,4.811,4.811
2026-09-04 13:26:48,Research Wing,Ground,Server Room,AC,4.721,4.721
2026-09-04 13:26:48,Research Wing,Ground,Server Room,Computers,2.288,2.288
2026-09-04 13:26:48,Research Wing,Ground,Server Room,Lights,0.258,0.258
2026-09-04 13:26:48,Research Wing,Ground,Server Room,Fans,0.2,0.2
2026-09-04 13:26:48,Research Wing,Ground,Server Room,Server Units,4.894,4.894
2026-09-04 14:26:48,Main Block,Ground,Lab 101,AC,4.535,4.535
2026-09-04 14:26:48,Main Block,Ground,Lab 101,Computers,2.133,2.133
2026-09-04 14:26:48,Main Block,Ground,Lab 101,Lights,0.314,0.314
2026-09-04 14:26:48,Main Block,Ground,Lab 101,Fans,0.193,0.193
2026-09-04 14:26:48,Main Block,Ground,Lab 101,Server Units,4.187,4.187
2026-09-04 14:26:48,Main Block,First,Computer Lab 201,AC,4.702,4.702
2026-09-04 14:26:48,Main Block,First,Computer Lab 201,Computers,2.211,2.211
2026-09-04 14:26:48,Main Block,First,Computer Lab 201,Lights,0.289,0.289
2026-09-04 14:26:48,Main Block,First,Computer Lab 201,Fans,0.208,0.208
2026-09-04 14:26:48,Main Block,First,Computer Lab 201,Server Units,4.892,4.892
2026-09-04 14:26:48,Research Wing,Ground,AI Research Lab,AC,3.917,3.917
2026-09-04 14:26:48,Research Wing,Ground,AI Research Lab,Computers,2.253,2.253
2026-09-04 14:26:48,Research Wing,Ground,AI Research Lab,Lights,0.322,0.322
2026-09-04 14:26:48,Research Wing,Ground,AI Research Lab,Fans,0.172,0.172
2026-09-04 14:26:48,Research Wing,Ground,AI Research Lab,Server Units,4.892,4.892
2026-09-04 14:26:48,Research Wing,Ground,Server Room,AC,4.762,4.762
2026-09-04 14:26:48,Research Wing,Ground,Server Room,Computers,1.728,1.728
2026-09-04 14:26:48,Research Wing,Ground,Server Room,Lights,0.281,0.281
2026-09-04 14:26:48,Research Wing,Ground,Server Room,Fans,0.174,0.174
2026-09-04 14:26:48,Research Wing,Ground,Server Room,Server Units,4.487,4.487
2026-09-04 15:26:48,Main Block,Ground,Lab 101,AC,4.054,4.054
2026-09-04 15:26:48,Main Block,Ground,Lab 101,Computers,2.223,2.223
2026-09-04 15:26:48,Main Block,Ground,Lab 101,Lights,0.277,0.277
2026-09-04 15:26:48,Main Block,Ground,Lab 101,Fans,0.174,0.174
2026-09-04 15:26:48,Main Block,Ground,Lab 101,Server Units,4.075,4.075
2026-09-04 15:26:48,Main Block,First,Computer Lab 201,AC,3.838,3.838
2026-09-04 15:26:48,Main Block,First,Computer Lab 201,Computers,2.241,2.241
2026-09-04 15:26:48,Main Block,First,Computer Lab 201,Lights,0.269,0.269
2026-09-04 15:26:48,Main Block,First,Computer Lab 201,Fans,0.186,0.186
2026-09-04 15:26:48,Main Block,First,Computer Lab 201,Server Units,4.583,4.583
2026-09-04 15:26:48,Research Wing,Ground,AI Research Lab,AC,4.163,4.163
2026-09-04 15:26:48,Research Wing,Ground,AI Research Lab,Computers,1.82,1.82
2026-09-04 15:26:48,Research Wing,Ground,AI Research Lab,Lights,0.298,0.298
2026-09-04 15:26:48,Research Wing,Ground,AI Research Lab,Fans,0.199,0.199
2026-09-04 15:26:48,Research Wing,Ground,AI Research Lab,Server Units,5.05,5.05
2026-09-04 15:26:48,Research Wing,Ground,Server Room,AC,5.145,5.145
2026-09-04 15:26:48,Research Wing,Ground,Server Room,Computers,1.865,1.865
2026-09-04 15:26:48,Research Wing,Ground,Server Room,Lights,0.317,0.317
2026-09-04 15:26:48,Research Wing,Ground,Server Room,Fans,0.169,0.169
2026-09-04 15:26:48,Research Wing,Ground,Server Room,Server Units,4.396,4.396
2026-09-04 16:26:48,Main Block,Ground,Lab 101,AC,4.211,4.211
2026-09-04 16:26:48,Main Block,Ground,Lab 101,Computers,2.064,2.064
2026-09-04 16:26:48,Main Block,Ground,Lab 101,Lights,0.312,0.312
2026-09-04 16:26:48,Main Block,Ground,Lab 101,Fans,0.205,0.205
2026-09-04 16:26:48,Main Block,Ground,Lab 101,Server Units,4.61,4.61
2026-09-04 16:26:48,Main Block,First,Computer Lab 201,AC,4.673,4.673
2026-09-04 16:26:48,Main Block,First,Computer Lab 201,Computers,2.088,2.088
2026-09-04 16:26:48,Main Block,First,Computer Lab 201,Lights,0.295,0.295
2026-09-04 16:26:48,Main Block,First,Computer Lab 201,Fans,0.209,0.209
2026-09-04 16:26:48,Main Block,First,Computer Lab 201,Server Units,4.13,4.13
2026-09-04 16:26:48,Research Wing,Ground,AI Research Lab,AC,4.062,4.062
2026-09-04 16:26:48,Research Wing,Ground,AI Research Lab,Computers,2.024,2.024
2026-09-04 16:26:48,Research Wing,Ground,AI Research Lab,Lights,0.303,0.303
2026-09-04 16:26:48,Research Wing,Ground,AI Research Lab,Fans,0.214,0.214
2026-09-04 16:26:48,Research Wing,Ground,AI Research Lab,Server Units,4.829,4.829
2026-09-04 16:26:48,Research Wing,Ground,Server Room,AC,4.914,4.914
2026-09-04 16:26:48,Research Wing,Ground,Server Room,Computers,1.903,1.903
2026-09-04 16:26:48,Research Wing,Ground,Server Room,Lights,0.342,0.342
2026-09-04 16:26:48,Research Wing,Ground,Server Room,Fans,0.222,0.222
2026-09-04 16:26:48,Research Wing,Ground,Server Room,Server Units,4.696,4.696
2026-09-04 17:26:48,Main Block,Ground,Lab 101,AC,5.131,5.131
2026-09-04 17:26:48,Main Block,Ground,Lab 101,Computers,1.919,1.919
2026-09-04 17:26:48,Main Block,Ground,Lab 101,Lights,0.256,0.256
2026-09-04 17:26:48,Main Block,Ground,Lab 101,Fans,0.192,0.192
2026-09-04 17:26:48,Main Block,Ground,Lab 101,Server Units,4.627,4.627
2026-09-04 17:26:48,Main Block,First,Computer Lab 201,AC,4.935,4.935
2026-09-04 17:26:48,Main Block,First,Computer Lab 201,Computers,1.765,1.765
2026-09-04 17:26:48,Main Block,First,Computer Lab 201,Lights,0.257,0.257
2026-09-04 17:26:48,Main Block,First,Computer Lab 201,Fans,0.199,0.199
2026-09-04 17:26:48,Main Block,First,Computer Lab 201,Server Units,4.032,4.032
2026-09-04 17:26:48,Research Wing,Ground,AI Research Lab,AC,4.937,4.937
2026-09-04 17:26:48,Research Wing,Ground,AI Research Lab,Computers,1.881,1.881
2026-09-04 17:26:48,Research Wing,Ground,AI Research Lab,Lights,0.268,0.268
2026-09-04 17:26:48,Research Wing,Ground,AI Research Lab,Fans,0.184,0.184
2026-09-04 17:26:48,Research Wing,Ground,AI Research Lab,Server Units,3.868,3.868
2026-09-04 17:26:48,Research Wing,Ground,Server Room,AC,4.008,4.008
2026-09-04 17:26:48,Research Wing,Ground,Server Room,Computers,2.102,2.102
2026-09-04 17:26:48,Research Wing,Ground,Server Room,Lights,0.34,0.34
2026-09-04 17:26:48,Research Wing,Ground,Server Room,Fans,0.209,0.209
2026-09-04 17:26:48,Research Wing,Ground,Server Room,Server Units,4.288,4.288
2026-09-04 18:26:48,Main Block,Ground,Lab 101,AC,4.486,4.486
2026-09-04 18:26:48,Main Block,Ground,Lab 101,Computers,2.271,2.271
2026-09-04 18:26:48,Main Block,Ground,Lab 101,Lights,0.288,0.288
2026-09-04 18:26:48,Main Block,Ground,Lab 101,Fans,0.221,0.221
2026-09-04 18:26:48,Main Block,Ground,Lab 101,Server Units,3.871,3.871
2026-09-04 18:26:48,Main Block,First,Computer Lab 201,AC,4.56,4.56
2026-09-04 18:26:48,Main Block,First,Computer Lab 201,Computers,1.915,1.915
2026-09-04 18:26:48,Main Block,First,Computer Lab 201,Lights,0.272,0.272
2026-09-04 18:26:48,Main Block,First,Computer Lab 201,Fans,0.215,0.215
2026-09-04 18:26:48,Main Block,First,Computer Lab 201,Server Units,4.615,4.615
2026-09-04 18:26:48,Research Wing,Ground,AI Research Lab,AC,13.893,13.893
2026-09-04 18:26:48,Research Wing,Ground,AI Research Lab,Computers,2.172,2.172
2026-09-04 18:26:48,Research Wing,Ground,AI Research Lab,Lights,0.266,0.266
2026-09-04 18:26:48,Research Wing,Ground,AI Research Lab,Fans,0.17,0.17
2026-09-04 18:26:48,Research Wing,Ground,AI Research Lab,Server Units,4.013,4.013
2026-09-04 18:26:48,Research Wing,Ground,Server Room,AC,4.999,4.999
2026-09-04 18:26:48,Research Wing,Ground,Server Room,Computers,1.789,1.789
2026-09-04 18:26:48,Research Wing,Ground,Server Room,Lights,0.255,0.255
2026-09-04 18:26:48,Research Wing,Ground,Server Room,Fans,0.174,0.174
2026-09-04 18:26:48,Research Wing,Ground,Server Room,Server Units,4.071,4.071
2026-09-04 19:26:48,Main Block,Ground,Lab 101,AC,0.25,0.25
2026-09-04 19:26:48,Main Block,Ground,Lab 101,Computers,0.08,0.08
2026-09-04 19:26:48,Main Block,Ground,Lab 101,Lights,0.06,0.06
2026-09-04 19:26:48,Main Block,Ground,Lab 101,Fans,0.015,0.015
2026-09-04 19:26:48,Main Block,Ground,Lab 101,Server Units,4.054,4.054
2026-09-04 19:26:48,Main Block,First,Computer Lab 201,AC,0.25,0.25
2026-09-04 19:26:48,Main Block,First,Computer Lab 201,Computers,0.08,0.08
2026-09-04 19:26:48,Main Block,First,Computer Lab 201,Lights,0.02,0.02
2026-09-04 19:26:48,Main Block,First,Computer Lab 201,Fans,0.015,0.015
2026-09-04 19:26:48,Main Block,First,Computer Lab 201,Server Units,4.724,4.724
2026-09-04 19:26:48,Research Wing,Ground,AI Research Lab,AC,0.25,0.25
2026-09-04 19:26:48,Research Wing,Ground,AI Research Lab,Computers,0.08,0.08
2026-09-04 19:26:48,Research Wing,Ground,AI Research Lab,Lights,0.02,0.02
2026-09-04 19:26:48,Research Wing,Ground,AI Research Lab,Fans,0.015,0.015
2026-09-04 19:26:48,Research Wing,Ground,AI Research Lab,Server Units,4.988,4.988
2026-09-04 19:26:48,Research Wing,Ground,Server Room,AC,0.25,0.25
2026-09-04 19:26:48,Research Wing,Ground,Server Room,Computers,0.08,0.08
2026-09-04 19:26:48,Research Wing,Ground,Server Room,Lights,0.02,0.02
2026-09-04 19:26:48,Research Wing,Ground,Server Room,Fans,0.015,0.015
2026-09-04 19:26:48,Research Wing,Ground,Server Room,Server Units,5.013,5.013
2026-09-04 20:26:48,Main Block,Ground,Lab 101,AC,0.25,0.25
2026-09-04 20:26:48,Main Block,Ground,Lab 101,Computers,0.08,0.08
2026-09-04 20:26:48,Main Block,Ground,Lab 101,Lights,0.02,0.02
2026-09-04 20:26:48,Main Block,Ground,Lab 101,Fans,0.015,0.015
2026-09-04 20:26:48,Main Block,Ground,Lab 101,Server Units,4.941,4.941
2026-09-04 20:26:48,Main Block,First,Computer Lab 201,AC,0.25,0.25
2026-09-04 20:26:48,Main Block,First,Computer Lab 201,Computers,0.08,0.08
2026-09-04 20:26:48,Main Block,First,Computer Lab 201,Lights,0.02,0.02
2026-09-04 20:26:48,Main Block,First,Computer Lab 201,Fans,0.015,0.015
2026-09-04 20:26:48,Main Block,First,Computer Lab 201,Server Units,4.576,4.576
2026-09-04 20:26:48,Research Wing,Ground,AI Research Lab,AC,0.25,0.25
2026-09-04 20:26:48,Research Wing,Ground,AI Research Lab,Computers,0.08,0.08
2026-09-04 20:26:48,Research Wing,Ground,AI Research Lab,Lights,0.02,0.02
2026-09-04 20:26:48,Research Wing,Ground,AI Research Lab,Fans,0.015,0.015
2026-09-04 20:26:48,Research Wing,Ground,AI Research Lab,Server Units,4.539,4.539
2026-09-04 20:26:48,Research Wing,Ground,Server Room,AC,0.25,0.25
2026-09-04 20:26:48,Research Wing,Ground,Server Room,Computers,0.08,0.08
2026-09-04 20:26:48,Research Wing,Ground,Server Room,Lights,0.02,0.02
2026-09-04 20:26:48,Research Wing,Ground,Server Room,Fans,0.015,0.015
2026-09-04 20:26:48,Research Wing,Ground,Server Room,Server Units,4.692,4.692
2026-09-04 21:26:48,Main Block,Ground,Lab 101,AC,0.25,0.25
2026-09-04 21:26:48,Main Block,Ground,Lab 101,Computers,0.08,0.08
2026-09-04 21:26:48,Main Block,Ground,Lab 101,Lights,0.02,0.02
2026-09-04 21:26:48,Main Block,Ground,Lab 101,Fans,0.015,0.015
2026-09-04 21:26:48,Main Block,Ground,Lab 101,Server Units,4.289,4.289
2026-09-04 21:26:48,Main Block,First,Computer Lab 201,AC,0.25,0.25
2026-09-04 21:26:48,Main Block,First,Computer Lab 201,Computers,0.08,0.08
2026-09-04 21:26:48,Main Block,First,Computer Lab 201,Lights,0.02,0.02
2026-09-04 21:26:48,Main Block,First,Computer Lab 201,Fans,0.015,0.015
2026-09-04 21:26:48,Main Block,First,Computer Lab 201,Server Units,4.958,4.958
2026-09-04 21:26:48,Research Wing,Ground,AI Research Lab,AC,0.25,0.25
2026-09-04 21:26:48,Research Wing,Ground,AI Research Lab,Computers,0.08,0.08
2026-09-04 21:26:48,Research Wing,Ground,AI Research Lab,Lights,0.02,0.02
2026-09-04 21:26:48,Research Wing,Ground,AI Research Lab,Fans,0.015,0.015
2026-09-04 21:26:48,Research Wing,Ground,AI Research Lab,Server Units,4.812,4.812
2026-09-04 21:26:48,Research Wing,Ground,Server Room,AC,0.25,0.25
2026-09-04 21:26:48,Research Wing,Ground,Server Room,Computers,0.08,0.08
2026-09-04 21:26:48,Research Wing,Ground,Server Room,Lights,0.02,0.02
2026-09-04 21:26:48,Research Wing,Ground,Server Room,Fans,0.015,0.015
2026-09-04 21:26:48,Research Wing,Ground,Server Room,Server Units,4.207,4.207
2026-09-04 22:26:48,Main Block,Ground,Lab 101,AC,0.25,0.25
2026-09-04 22:26:48,Main Block,Ground,Lab 101,Computers,0.08,0.08
2026-09-04 22:26:48,Main Block,Ground,Lab 101,Lights,0.02,0.02
2026-09-04 22:26:48,Main Block,Ground,Lab 101,Fans,0.015,0.015
2026-09-04 22:26:48,Main Block,Ground,Lab 101,Server Units,4.533,4.533
2026-09-04 22:26:48,Main Block,First,Computer Lab 201,AC,0.25,0.25
2026-09-04 22:26:48,Main Block,First,Computer Lab 201,Computers,0.08,0.08
2026-09-04 22:26:48,Main Block,First,Computer Lab 201,Lights,0.02,0.02
2026-09-04 22:26:48,Main Block,First,Computer Lab 201,Fans,0.015,0.015
2026-09-04 22:26:48,Main Block,First,Computer Lab 201,Server Units,3.883,3.883
2026-09-04 22:26:48,Research Wing,Ground,AI Research Lab,AC,0.25,0.25
2026-09-04 22:26:48,Research Wing,Ground,AI Research Lab,Computers,0.08,0.08
2026-09-04 22:26:48,Research Wing,Ground,AI Research Lab,Lights,0.02,0.02
2026-09-04 22:26:48,Research Wing,Ground,AI Research Lab,Fans,0.015,0.015
2026-09-04 22:26:48,Research Wing,Ground,AI Research Lab,Server Units,4.856,4.856
2026-09-04 22:26:48,Research Wing,Ground,Server Room,AC,0.25,0.25
2026-09-04 22:26:48,Research Wing,Ground,Server Room,Computers,0.08,0.08
2026-09-04 22:26:48,Research Wing,Ground,Server Room,Lights,0.02,0.02
2026-09-04 22:26:48,Research Wing,Ground,Server Room,Fans,0.015,0.015
2026-09-04 22:26:48,Research Wing,Ground,Server Room,Server Units,4.966,4.966
2026-09-04 23:26:48,Main Block,Ground,Lab 101,AC,0.25,0.25
2026-09-04 23:26:48,Main Block,Ground,Lab 101,Computers,0.08,0.08
2026-09-04 23:26:48,Main Block,Ground,Lab 101,Lights,0.02,0.02
2026-09-04 23:26:48,Main Block,Ground,Lab 101,Fans,0.015,0.015
2026-09-04 23:26:48,Main Block,Ground,Lab 101,Server Units,12.566,12.566
2026-09-04 23:26:48,Main Block,First,Computer Lab 201,AC,0.25,0.25
2026-09-04 23:26:48,Main Block,First,Computer Lab 201,Computers,0.08,0.08
2026-09-04 23:26:48,Main Block,First,Computer Lab 201,Lights,0.02,0.02
2026-09-04 23:26:48,Main Block,First,Computer Lab 201,Fans,0.015,0.015
2026-09-04 23:26:48,Main Block,First,Computer Lab 201,Server Units,4.576,4.576
2026-09-04 23:26:48,Research Wing,Ground,AI Research Lab,AC,0.25,0.25
2026-09-04 23:26:48,Research Wing,Ground,AI Research Lab,Computers,0.08,0.08
2026-09-04 23:26:48,Research Wing,Ground,AI Research Lab,Lights,0.02,0.02
2026-09-04 23:26:48,Research Wing,Ground,AI Research Lab,Fans,0.015,0.015
2026-09-04 23:26:48,Research Wing,Ground,AI Research Lab,Server Units,4.228,4.228
2026-09-04 23:26:48,Research Wing,Ground,Server Room,AC,0.25,0.25
2026-09-04 23:26:48,Research Wing,Ground,Server Room,Computers,0.08,0.08
2026-09-04 23:26:48,Research Wing,Ground,Server Room,Lights,0.02,0.02
2026-09-04 23:26:48,Research Wing,Ground,Server Room,Fans,0.015,0.015
2026-09-04 23:26:48,Research Wing,Ground,Server Room,Server Units,3.948,3.948
2026-09-05 00:26:48,Main Block,Ground,Lab 101,AC,0.25,0.25
2026-09-05 00:26:48,Main Block,Ground,Lab 101,Computers,0.08,0.08
2026-09-05 00:26:48,Main Block,Ground,Lab 101,Lights,0.02,0.02
2026-09-05 00:26:48,Main Block,Ground,Lab 101,Fans,0.015,0.015
2026-09-05 00:26:48,Main Block,Ground,Lab 101,Server Units,4.323,4.323
2026-09-05 00:26:48,Main Block,First,Computer Lab 201,AC,0.25,0.25
2026-09-05 00:26:48,Main Block,First,Computer Lab 201,Computers,0.08,0.08
2026-09-05 00:26:48,Main Block,First,Computer Lab 201,Lights,0.02,0.02
2026-09-05 00:26:48,Main Block,First,Computer Lab 201,Fans,0.015,0.015
2026-09-05 00:26:48,Main Block,First,Computer Lab 201,Server Units,4.636,4.636
2026-09-05 00:26:48,Research Wing,Ground,AI Research Lab,AC,0.25,0.25
2026-09-05 00:26:48,Research Wing,Ground,AI Research Lab,Computers,0.08,0.08
2026-09-05 00:26:48,Research Wing,Ground,AI Research Lab,Lights,0.02,0.02
2026-09-05 00:26:48,Research Wing,Ground,AI Research Lab,Fans,0.015,0.015
2026-09-05 00:26:48,Research Wing,Ground,AI Research Lab,Server Units,3.75,3.75
2026-09-05 00:26:48,Research Wing,Ground,Server Room,AC,0.25,0.25
2026-09-05 00:26:48,Research Wing,Ground,Server Room,Computers,0.08,0.08
2026-09-05 00:26:48,Research Wing,Ground,Server Room,Lights,0.02,0.02
2026-09-05 00:26:48,Research Wing,Ground,Server Room,Fans,0.015,0.015
2026-09-05 00:26:48,Research Wing,Ground,Server Room,Server Units,3.75,3.75
2026-09-05 01:26:48,Main Block,Ground,Lab 101,AC,0.25,0.25
2026-09-05 01:26:48,Main Block,Ground,Lab 101,Computers,0.08,0.08
2026-09-05 01:26:48,Main Block,Ground,Lab 101,Lights,0.02,0.02
2026-09-05 01:26:48,Main Block,Ground,Lab 101,Fans,0.015,0.015
2026-09-05 01:26:48,Main Block,Ground,Lab 101,Server Units,4.84,4.84
2026-09-05 01:26:48,Main Block,First,Computer Lab 201,AC,0.25,0.25
2026-09-05 01:26:48,Main Block,First,Computer Lab 201,Computers,0.08,0.08
2026-09-05 01:26:48,Main Block,First,Computer Lab 201,Lights,0.02,0.02
2026-09-05 01:26:48,Main Block,First,Computer Lab 201,Fans,0.045,0.045
2026-09-05 01:26:48,Main Block,First,Computer Lab 201,Server Units,4.956,4.956
2026-09-05 01:26:48,Research Wing,Ground,AI Research Lab,AC,0.25,0.25
2026-09-05 01:26:48,Research Wing,Ground,AI Research Lab,Computers,0.08,0.08
2026-09-05 01:26:48,Research Wing,Ground,AI Research Lab,Lights,0.02,0.02
2026-09-05 01:26:48,Research Wing,Ground,AI Research Lab,Fans,0.015,0.015
2026-09-05 01:26:48,Research Wing,Ground,AI Research Lab,Server Units,11.676,11.676
2026-09-05 01:26:48,Research Wing,Ground,Server Room,AC,0.25,0.25
2026-09-05 01:26:48,Research Wing,Ground,Server Room,Computers,0.08,0.08
2026-09-05 01:26:48,Research Wing,Ground,Server Room,Lights,0.02,0.02
2026-09-05 01:26:48,Research Wing,Ground,Server Room,Fans,0.015,0.015
2026-09-05 01:26:48,Research Wing,Ground,Server Room,Server Units,4.954,4.954
2026-09-05 02:26:48,Main Block,Ground,Lab 101,AC,0.25,0.25
2026-09-05 02:26:48,Main Block,Ground,Lab 101,Computers,0.08,0.08
2026-09-05 02:26:48,Main Block,Ground,Lab 101,Lights,0.02,0.02
2026-09-05 02:26:48,Main Block,Ground,Lab 101,Fans,0.015,0.015
2026-09-05 02:26:48,Main Block,Ground,Lab 101,Server Units,4.262,4.262
2026-09-05 02:26:48,Main Block,First,Computer Lab 201,AC,0.25,0.25
2026-09-05 02:26:48,Main Block,First,Computer Lab 201,Computers,0.08,0.08
2026-09-05 02:26:48,Main Block,First,Computer Lab 201,Lights,0.02,0.02
2026-09-05 02:26:48,Main Block,First,Computer Lab 201,Fans,0.015,0.015
2026-09-05 02:26:48,Main Block,First,Computer Lab 201,Server Units,3.891,3.891
2026-09-05 02:26:48,Research Wing,Ground,AI Research Lab,AC,0.25,0.25
2026-09-05 02:26:48,Research Wing,Ground,AI Research Lab,Computers,0.08,0.08
2026-09-05 02:26:48,Research Wing,Ground,AI Research Lab,Lights,0.02,0.02
2026-09-05 02:26:48,Research Wing,Ground,AI Research Lab,Fans,0.015,0.015
2026-09-05 02:26:48,Research Wing,Ground,AI Research Lab,Server Units,4.816,4.816
2026-09-05 02:26:48,Research Wing,Ground,Server Room,AC,0.25,0.25
2026-09-05 02:26:48,Research Wing,Ground,Server Room,Computers,0.08,0.08
2026-09-05 02:26:48,Research Wing,Ground,Server Room,Lights,0.02,0.02
2026-09-05 02:26:48,Research Wing,Ground,Server Room,Fans,0.015,0.015
2026-09-05 02:26:48,Research Wing,Ground,Server Room,Server Units,4.605,4.605
2026-09-05 03:26:48,Main Block,Ground,Lab 101,AC,0.25,0.25
2026-09-05 03:26:48,Main Block,Ground,Lab 101,Computers,0.08,0.08
2026-09-05 03:26:48,Main Block,Ground,Lab 101,Lights,0.02,0.02
2026-09-05 03:26:48,Main Block,Ground,Lab 101,Fans,0.015,0.015
2026-09-05 03:26:48,Main Block,Ground,Lab 101,Server Units,4.333,4.333
2026-09-05 03:26:48,Main Block,First,Computer Lab 201,AC,0.25,0.25
2026-09-05 03:26:48,Main Block,First,Computer Lab 201,Computers,0.08,0.08
2026-09-05 03:26:48,Main Block,First,Computer Lab 201,Lights,0.02,0.02
2026-09-05 03:26:48,Main Block,First,Computer Lab 201,Fans,0.015,0.015
2026-09-05 03:26:48,Main Block,First,Computer Lab 201,Server Units,4.568,4.568
2026-09-05 03:26:48,Research Wing,Ground,AI Research Lab,AC,0.25,0.25
2026-09-05 03:26:48,Research Wing,Ground,AI Research Lab,Computers,0.08,0.08
2026-09-05 03:26:48,Research Wing,Ground,AI Research Lab,Lights,0.02,0.02
2026-09-05 03:26:48,Research Wing,Ground,AI Research Lab,Fans,0.015,0.015
2026-09-05 03:26:48,Research Wing,Ground,AI Research Lab,Server Units,3.814,3.814
2026-09-05 03:26:48,Research Wing,Ground,Server Room,AC,0.25,0.25
2026-09-05 03:26:48,Research Wing,Ground,Server Room,Computers,0.08,0.08
2026-09-05 03:26:48,Research Wing,Ground,Server Room,Lights,0.02,0.02
2026-09-05 03:26:48,Research Wing,Ground,Server Room,Fans,0.015,0.015
2026-09-05 03:26:48,Research Wing,Ground,Server Room,Server Units,3.841,3.841
2026-09-05 04:26:48,Main Block,Ground,Lab 101,AC,0.25,0.25
2026-09-05 04:26:48,Main Block,Ground,Lab 101,Computers,0.08,0.08
2026-09-05 04:26:48,Main Block,Ground,Lab 101,Lights,0.02,0.02
2026-09-05 04:26:48,Main Block,Ground,Lab 101,Fans,0.015,0.015
2026-09-05 04:26:48,Main Block,Ground,Lab 101,Server Units,4.472,4.472
2026-09-05 04:26:48,Main Block,First,Computer Lab 201,AC,0.25,0.25
2026-09-05 04:26:48,Main Block,First,Computer Lab 201,Computers,0.08,0.08
2026-09-05 04:26:48,Main Block,First,Computer Lab 201,Lights,0.02,0.02
2026-09-05 04:26:48,Main Block,First,Computer Lab 201,Fans,0.015,0.015
2026-09-05 04:26:48,Main Block,First,Computer Lab 201,Server Units,4.164,4.164
2026-09-05 04:26:48,Research Wing,Ground,AI Research Lab,AC,0.25,0.25
2026-09-05 04:26:48,Research Wing,Ground,AI Research Lab,Computers,0.08,0.08
2026-09-05 04:26:48,Research Wing,Ground,AI Research Lab,Lights,0.02,0.02
2026-09-05 04:26:48,Research Wing,Ground,AI Research Lab,Fans,0.015,0.015
2026-09-05 04:26:48,Research Wing,Ground,AI Research Lab,Server Units,4.193,4.193
2026-09-05 04:26:48,Research Wing,Ground,Server Room,AC,0.25,0.25
2026-09-05 04:26:48,Research Wing,Ground,Server Room,Computers,0.08,0.08
2026-09-05 04:26:48,Research Wing,Ground,Server Room,Lights,0.02,0.02
2026-09-05 04:26:48,Research Wing,Ground,Server Room,Fans,0.015,0.015
2026-09-05 04:26:48,Research Wing,Ground,Server Room,Server Units,4.32,4.32
2026-09-05 05:26:48,Main Block,Ground,Lab 101,AC,0.25,0.25
2026-09-05 05:26:48,Main Block,Ground,Lab 101,Computers,0.08,0.08
2026-09-05 05:26:48,Main Block,Ground,Lab 101,Lights,0.02,0.02
2026-09-05 05:26:48,Main Block,Ground,Lab 101,Fans,0.015,0.015
2026-09-05 05:26:48,Main Block,Ground,Lab 101,Server Units,4.187,4.187
2026-09-05 05:26:48,Main Block,First,Computer Lab 201,AC,0.25,0.25
2026-09-05 05:26:48,Main Block,First,Computer Lab 201,Computers,0.08,0.08
2026-09-05 05:26:48,Main Block,First,Computer Lab 201,Lights,0.02,0.02
2026-09-05 05:26:48,Main Block,First,Computer Lab 201,Fans,0.015,0.015
2026-09-05 05:26:48,Main Block,First,Computer Lab 201,Server Units,4.635,4.635
2026-09-05 05:26:48,Research Wing,Ground,AI Research Lab,AC,0.25,0.25
2026-09-05 05:26:48,Research Wing,Ground,AI Research Lab,Computers,0.08,0.08
2026-09-05 05:26:48,Research Wing,Ground,AI Research Lab,Lights,0.02,0.02
2026-09-05 05:26:48,Research Wing,Ground,AI Research Lab,Fans,0.015,0.015
2026-09-05 05:26:48,Research Wing,Ground,AI Research Lab,Server Units,4.18,4.18
2026-09-05 05:26:48,Research Wing,Ground,Server Room,AC,0.25,0.25
2026-09-05 05:26:48,Research Wing,Ground,Server Room,Computers,0.08,0.08
2026-09-05 05:26:48,Research Wing,Ground,Server Room,Lights,0.02,0.02
2026-09-05 05:26:48,Research Wing,Ground,Server Room,Fans,0.015,0.015
2026-09-05 05:26:48,Research Wing,Ground,Server Room,Server Units,4.257,4.257
2026-09-05 06:26:48,Main Block,Ground,Lab 101,AC,0.25,0.25
2026-09-05 06:26:48,Main Block,Ground,Lab 101,Computers,0.08,0.08
2026-09-05 06:26:48,Main Block,Ground,Lab 101,Lights,0.02,0.02
2026-09-05 06:26:48,Main Block,Ground,Lab 101,Fans,0.015,0.015
2026-09-05 06:26:48,Main Block,Ground,Lab 101,Server Units,4.813,4.813
2026-09-05 06:26:48,Main Block,First,Computer Lab 201,AC,0.25,0.25
2026-09-05 06:26:48,Main Block,First,Computer Lab 201,Computers,0.08,0.08
2026-09-05 06:26:48,Main Block,First,Computer Lab 201,Lights,0.02,0.02
2026-09-05 06:26:48,Main Block,First,Computer Lab 201,Fans,0.015,0.015
2026-09-05 06:26:48,Main Block,First,Computer Lab 201,Server Units,4.593,4.593
2026-09-05 06:26:48,Research Wing,Ground,AI Research Lab,AC,0.25,0.25
2026-09-05 06:26:48,Research Wing,Ground,AI Research Lab,Computers,0.08,0.08
2026-09-05 06:26:48,Research Wing,Ground,AI Research Lab,Lights,0.02,0.02
2026-09-05 06:26:48,Research Wing,Ground,AI Research Lab,Fans,0.015,0.015
2026-09-05 06:26:48,Research Wing,Ground,AI Research Lab,Server Units,4.991,4.991
2026-09-05 06:26:48,Research Wing,Ground,Server Room,AC,0.25,0.25
2026-09-05 06:26:48,Research Wing,Ground,Server Room,Computers,0.08,0.08
2026-09-05 06:26:48,Research Wing,Ground,Server Room,Lights,0.02,0.02
2026-09-05 06:26:48,Research Wing,Ground,Server Room,Fans,0.015,0.015
2026-09-05 06:26:48,Research Wing,Ground,Server Room,Server Units,3.874,3.874
2026-09-05 07:26:48,Main Block,Ground,Lab 101,AC,0.25,0.25
2026-09-05 07:26:48,Main Block,Ground,Lab 101,Computers,0.08,0.08
2026-09-05 07:26:48,Main Block,Ground,Lab 101,Lights,0.02,0.02
2026-09-05 07:26:48,Main Block,Ground,Lab 101,Fans,0.015,0.015
2026-09-05 07:26:48,Main Block,Ground,Lab 101,Server Units,4.752,4.752
2026-09-05 07:26:48,Main Block,First,Computer Lab 201,AC,0.25,0.25
2026-09-05 07:26:48,Main Block,First,Computer Lab 201,Computers,0.08,0.08
2026-09-05 07:26:48,Main Block,First,Computer Lab 201,Lights,0.02,0.02
2026-09-05 07:26:48,Main Block,First,Computer Lab 201,Fans,0.015,0.015
2026-09-05 07:26:48,Main Block,First,Computer Lab 201,Server Units,4.808,4.808
2026-09-05 07:26:48,Research Wing,Ground,AI Research Lab,AC,0.25,0.25
2026-09-05 07:26:48,Research Wing,Ground,AI Research Lab,Computers,0.08,0.08
2026-09-05 07:26:48,Research Wing,Ground,AI Research Lab,Lights,0.02,0.02
2026-09-05 07:26:48,Research Wing,Ground,AI Research Lab,Fans,0.015,0.015
2026-09-05 07:26:48,Research Wing,Ground,AI Research Lab,Server Units,4.326,4.326
2026-09-05 07:26:48,Research Wing,Ground,Server Room,AC,0.25,0.25
2026-09-05 07:26:48,Research Wing,Ground,Server Room,Computers,0.08,0.08
2026-09-05 07:26:48,Research Wing,Ground,Server Room,Lights,0.02,0.02
2026-09-05 07:26:48,Research Wing,Ground,Server Room,Fans,0.015,0.015
2026-09-05 07:26:48,Research Wing,Ground,Server Room,Server Units,4.807,4.807
2026-09-05 08:26:48,Main Block,Ground,Lab 101,AC,4.952,4.952
2026-09-05 08:26:48,Main Block,Ground,Lab 101,Computers,2.268,2.268
2026-09-05 08:26:48,Main Block,Ground,Lab 101,Lights,0.297,0.297
2026-09-05 08:26:48,Main Block,Ground,Lab 101,Fans,0.188,0.188
2026-09-05 08:26:48,Main Block,Ground,Lab 101,Server Units,5.015,5.015
2026-09-05 08:26:48,Main Block,First,Computer Lab 201,AC,4.907,4.907
2026-09-05 08:26:48,Main Block,First,Computer Lab 201,Computers,1.85,1.85
2026-09-05 08:26:48,Main Block,First,Computer Lab 201,Lights,0.334,0.334
2026-09-05 08:26:48,Main Block,First,Computer Lab 201,Fans,0.172,0.172
2026-09-05 08:26:48,Main Block,First,Computer Lab 201,Server Units,4.864,4.864
2026-09-05 08:26:48,Research Wing,Ground,AI Research Lab,AC,4.855,4.855
2026-09-05 08:26:48,Research Wing,Ground,AI Research Lab,Computers,2.243,2.243
2026-09-05 08:26:48,Research Wing,Ground,AI Research Lab,Lights,0.294,0.294
2026-09-05 08:26:48,Research Wing,Ground,AI Research Lab,Fans,0.179,0.179
2026-09-05 08:26:48,Research Wing,Ground,AI Research Lab,Server Units,4.201,4.201
2026-09-05 08:26:48,Research Wing,Ground,Server Room,AC,3.897,3.897
2026-09-05 08:26:48,Research Wing,Ground,Server Room,Computers,1.841,1.841
2026-09-05 08:26:48,Research Wing,Ground,Server Room,Lights,0.289,0.289
2026-09-05 08:26:48,Research Wing,Ground,Server Room,Fans,0.22,0.22
2026-09-05 08:26:48,Research Wing,Ground,Server Room,Server Units,4.598,4.598
2026-09-05 09:26:48,Main Block,Ground,Lab 101,AC,4.011,4.011
2026-09-05 09:26:48,Main Block,Ground,Lab 101,Computers,2.198,2.198
2026-09-05 09:26:48,Main Block,Ground,Lab 101,Lights,0.267,0.267
2026-09-05 09:26:48,Main Block,Ground,Lab 101,Fans,0.576,0.576
2026-09-05 09:26:48,Main Block,Ground,Lab 101,Server Units,3.845,3.845
2026-09-05 09:26:48,Main Block,First,Computer Lab 201,AC,4.952,4.952
2026-09-05 09:26:48,Main Block,First,Computer Lab 201,Computers,2.136,2.136
2026-09-05 09:26:48,Main Block,First,Computer Lab 201,Lights,0.265,0.265
2026-09-05 09:26:48,Main Block,First,Computer Lab 201,Fans,0.183,0.183
2026-09-05 09:26:48,Main Block,First,Computer Lab 201,Server Units,4.294,4.294
2026-09-05 09:26:48,Research Wing,Ground,AI Research Lab,AC,4.442,4.442
2026-09-05 09:26:48,Research Wing,Ground,AI Research Lab,Computers,2.243,2.243
2026-09-05 09:26:48,Research Wing,Ground,AI Research Lab,Lights,0.256,0.256
2026-09-05 09:26:48,Research Wing,Ground,AI Research Lab,Fans,0.18,0.18
2026-09-05 09:26:48,Research Wing,Ground,AI Research Lab,Server Units,4.307,4.307
2026-09-05 09:26:48,Research Wing,Ground,Server Room,AC,4.15,4.15
2026-09-05 09:26:48,Research Wing,Ground,Server Room,Computers,2.099,2.099
2026-09-05 09:26:48,Research Wing,Ground,Server Room,Lights,0.343,0.343
2026-09-05 09:26:48,Research Wing,Ground,Server Room,Fans,0.197,0.197
2026-09-05 09:26:48,Research Wing,Ground,Server Room,Server Units,5.045,5.045
2026-09-05 10:26:48,Main Block,Ground,Lab 101,AC,4.352,4.352
2026-09-05 10:26:48,Main Block,Ground,Lab 101,Computers,2.081,2.081
2026-09-05 10:26:48,Main Block,Ground,Lab 101,Lights,0.833,0.833
2026-09-05 10:26:48,Main Block,Ground,Lab 101,Fans,0.212,0.212
2026-09-05 10:26:48,Main Block,Ground,Lab 101,Server Units,4.707,4.707
2026-09-05 10:26:48,Main Block,First,Computer Lab 201,AC,4.867,4.867
2026-09-05 10:26:48,Main Block,First,Computer Lab 201,Computers,1.9,1.9
2026-09-05 10:26:48,Main Block,First,Computer Lab 201,Lights,0.304,0.304
2026-09-05 10:26:48,Main Block,First,Computer Lab 201,Fans,0.176,0.176
2026-09-05 10:26:48,Main Block,First,Computer Lab 201,Server Units,4.353,4.353
2026-09-05 10:26:48,Research Wing,Ground,AI Research Lab,AC,4.678,4.678
2026-09-05 10:26:48,Research Wing,Ground,AI Research Lab,Computers,1.738,1.738
2026-09-05 10:26:48,Research Wing,Ground,AI Research Lab,Lights,0.296,0.296
2026-09-05 10:26:48,Research Wing,Ground,AI Research Lab,Fans,0.168,0.168
2026-09-05 10:26:48,Research Wing,Ground,AI Research Lab,Server Units,3.795,3.795
2026-09-05 10:26:48,Research Wing,Ground,Server Room,AC,4.521,4.521
2026-09-05 10:26:48,Research Wing,Ground,Server Room,Computers,2.026,2.026
2026-09-05 10:26:48,Research Wing,Ground,Server Room,Lights,0.323,0.323
2026-09-05 10:26:48,Research Wing,Ground,Server Room,Fans,0.187,0.187
2026-09-05 10:26:48,Research Wing,Ground,Server Room,Server Units,4.883,4.883
2026-09-05 11:26:48,Main Block,Ground,Lab 101,AC,3.993,3.993
2026-09-05 11:26:48,Main Block,Ground,Lab 101,Computers,2.234,2.234
2026-09-05 11:26:48,Main Block,Ground,Lab 101,Lights,0.336,0.336
2026-09-05 11:26:48,Main Block,Ground,Lab 101,Fans,0.223,0.223
2026-09-05 11:26:48,Main Block,Ground,Lab 101,Server Units,4.397,4.397
2026-09-05 11:26:48,Main Block,First,Computer Lab 201,AC,4.526,4.526
2026-09-05 11:26:48,Main Block,First,Computer Lab 201,Computers,2.136,2.136
2026-09-05 11:26:48,Main Block,First,Computer Lab 201,Lights,0.309,0.309
2026-09-05 11:26:48,Main Block,First,Computer Lab 201,Fans,0.198,0.198
2026-09-05 11:26:48,Main Block,First,Computer Lab 201,Server Units,3.846,3.846
2026-09-05 11:26:48,Research Wing,Ground,AI Research Lab,AC,4.239,4.239
2026-09-05 11:26:48,Research Wing,Ground,AI Research Lab,Computers,1.956,1.956
2026-09-05 11:26:48,Research Wing,Ground,AI Research Lab,Lights,0.287,0.287
2026-09-05 11:26:48,Research Wing,Ground,AI Research Lab,Fans,0.217,0.217
2026-09-05 11:26:48,Research Wing,Ground,AI Research Lab,Server Units,5.058,5.058
2026-09-05 11:26:48,Research Wing,Ground,Server Room,AC,5.148,5.148
2026-09-05 11:26:48,Research Wing,Ground,Server Room,Computers,1.745,1.745
2026-09-05 11:26:48,Research Wing,Ground,Server Room,Lights,0.288,0.288
2026-09-05 11:26:48,Research Wing,Ground,Server Room,Fans,0.205,0.205
2026-09-05 11:26:48,Research Wing,Ground,Server Room,Server Units,3.928,3.928
2026-09-05 12:26:48,Main Block,Ground,Lab 101,AC,4.88,4.88
2026-09-05 12:26:48,Main Block,Ground,Lab 101,Computers,1.74,1.74
2026-09-05 12:26:48,Main Block,Ground,Lab 101,Lights,0.288,0.288
2026-09-05 12:26:48,Main Block,Ground,Lab 101,Fans,0.199,0.199
2026-09-05 12:26:48,Main Block,Ground,Lab 101,Server Units,4.636,4.636
2026-09-05 12:26:48,Main Block,First,Computer Lab 201,AC,4.327,4.327
2026-09-05 12:26:48,Main Block,First,Computer Lab 201,Computers,2.044,2.044
2026-09-05 12:26:48,Main Block,First,Computer Lab 201,Lights,0.291,0.291
2026-09-05 12:26:48,Main Block,First,Computer Lab 201,Fans,0.18,0.18
2026-09-05 12:26:48,Main Block,First,Computer Lab 201,Server Units,4.711,4.711
2026-09-05 12:26:48,Research Wing,Ground,AI Research Lab,AC,4.347,4.347
2026-09-05 12:26:48,Research Wing,Ground,AI Research Lab,Computers,1.857,1.857
2026-09-05 12:26:48,Research Wing,Ground,AI Research Lab,Lights,0.295,0.295
2026-09-05 12:26:48,Research Wing,Ground,AI Research Lab,Fans,0.182,0.182
2026-09-05 12:26:48,Research Wing,Ground,AI Research Lab,Server Units,4.388,4.388
2026-09-05 12:26:48,Research Wing,Ground,Server Room,AC,4.976,4.976
2026-09-05 12:26:48,Research Wing,Ground,Server Room,Computers,2.239,2.239
2026-09-05 12:26:48,Research Wing,Ground,Server Room,Lights,0.263,0.263
2026-09-05 12:26:48,Research Wing,Ground,Server Room,Fans,0.215,0.215
2026-09-05 12:26:48,Research Wing,Ground,Server Room,Server Units,4.199,4.199
2026-09-05 13:26:48,Main Block,Ground,Lab 101,AC,4.557,4.557
2026-09-05 13:26:48,Main Block,Ground,Lab 101,Computers,2.211,2.211
2026-09-05 13:26:48,Main Block,Ground,Lab 101,Lights,0.338,0.338
2026-09-05 13:26:48,Main Block,Ground,Lab 101,Fans,0.212,0.212
2026-09-05 13:26:48,Main Block,Ground,Lab 101,Server Units,3.9,3.9
2026-09-05 13:26:48,Main Block,First,Computer Lab 201,AC,4.012,4.012
2026-09-05 13:26:48,Main Block,First,Computer Lab 201,Computers,1.716,1.716
2026-09-05 13:26:48,Main Block,First,Computer Lab 201,Lights,0.288,0.288
2026-09-05 13:26:48,Main Block,First,Computer Lab 201,Fans,0.198,0.198
2026-09-05 13:26:48,Main Block,First,Computer Lab 201,Server Units,3.854,3.854
2026-09-05 13:26:48,Research Wing,Ground,AI Research Lab,AC,5.174,5.174
2026-09-05 13:26:48,Research Wing,Ground,AI Research Lab,Computers,2.015,2.015
2026-09-05 13:26:48,Research Wing,Ground,AI Research Lab,Lights,0.329,0.329
2026-09-05 13:26:48,Research Wing,Ground,AI Research Lab,Fans,0.223,0.223
2026-09-05 13:26:48,Research Wing,Ground,AI Research Lab,Server Units,4.334,4.334
2026-09-05 13:26:48,Research Wing,Ground,Server Room,AC,4.29,4.29
2026-09-05 13:26:48,Research Wing,Ground,Server Room,Computers,2.168,2.168
2026-09-05 13:26:48,Research Wing,Ground,Server Room,Lights,0.271,0.271
2026-09-05 13:26:48,Research Wing,Ground,Server Room,Fans,0.191,0.191
2026-09-05 13:26:48,Research Wing,Ground,Server Room,Server Units,3.813,3.813
2026-09-05 14:26:48,Main Block,Ground,Lab 101,AC,4.032,4.032
2026-09-05 14:26:48,Main Block,Ground,Lab 101,Computers,1.894,1.894
2026-09-05 14:26:48,Main Block,Ground,Lab 101,Lights,0.286,0.286
2026-09-05 14:26:48,Main Block,Ground,Lab 101,Fans,0.218,0.218
2026-09-05 14:26:48,Main Block,Ground,Lab 101,Server Units,4.071,4.071
2026-09-05 14:26:48,Main Block,First,Computer Lab 201,AC,4.569,4.569
2026-09-05 14:26:48,Main Block,First,Computer Lab 201,Computers,1.882,1.882
2026-09-05 14:26:48,Main Block,First,Computer Lab 201,Lights,0.3,0.3
2026-09-05 14:26:48,Main Block,First,Computer Lab 201,Fans,0.221,0.221
2026-09-05 14:26:48,Main Block,First,Computer Lab 201,Server Units,4.61,4.61
2026-09-05 14:26:48,Research Wing,Ground,AI Research Lab,AC,4.642,4.642
2026-09-05 14:26:48,Research Wing,Ground,AI Research Lab,Computers,2.038,2.038
2026-09-05 14:26:48,Research Wing,Ground,AI Research Lab,Lights,0.258,0.258
2026-09-05 14:26:48,Research Wing,Ground,AI Research Lab,Fans,0.203,0.203
2026-09-05 14:26:48,Research Wing,Ground,AI Research Lab,Server Units,4.599,4.599
2026-09-05 14:26:48,Research Wing,Ground,Server Room,AC,4.387,4.387
2026-09-05 14:26:48,Research Wing,Ground,Server Room,Computers,1.999,1.999
2026-09-05 14:26:48,Research Wing,Ground,Server Room,Lights,0.281,0.281
2026-09-05 14:26:48,Research Wing,Ground,Server Room,Fans,0.194,0.194
2026-09-05 14:26:48,Research Wing,Ground,Server Room,Server Units,4.644,4.644
2026-09-05 15:26:48,Main Block,Ground,Lab 101,AC,3.924,3.924
2026-09-05 15:26:48,Main Block,Ground,Lab 101,Computers,1.964,1.964
2026-09-05 15:26:48,Main Block,Ground,Lab 101,Lights,0.273,0.273
2026-09-05 15:26:48,Main Block,Ground,Lab 101,Fans,0.184,0.184
2026-09-05 15:26:48,Main Block,Ground,Lab 101,Server Units,4.709,4.709
2026-09-05 15:26:48,Main Block,First,Computer Lab 201,AC,5.142,5.142
2026-09-05 15:26:48,Main Block,First,Computer Lab 201,Computers,1.922,1.922
2026-09-05 15:26:48,Main Block,First,Computer Lab 201,Lights,0.284,0.284
2026-09-05 15:26:48,Main Block,First,Computer Lab 201,Fans,0.181,0.181
2026-09-05 15:26:48,Main Block,First,Computer Lab 201,Server Units,3.868,3.868
2026-09-05 15:26:48,Research Wing,Ground,AI Research Lab,AC,4.344,4.344
2026-09-05 15:26:48,Research Wing,Ground,AI Research Lab,Computers,1.849,1.849
2026-09-05 15:26:48,Research Wing,Ground,AI Research Lab,Lights,0.269,0.269
2026-09-05 15:26:48,Research Wing,Ground,AI Research Lab,Fans,0.2,0.2
2026-09-05 15:26:48,Research Wing,Ground,AI Research Lab,Server Units,4.747,4.747
2026-09-05 15:26:48,Research Wing,Ground,Server Room,AC,4.52,4.52
2026-09-05 15:26:48,Research Wing,Ground,Server Room,Computers,5.655,5.655
2026-09-05 15:26:48,Research Wing,Ground,Server Room,Lights,0.34,0.34
2026-09-05 15:26:48,Research Wing,Ground,Server Room,Fans,0.222,0.222
2026-09-05 15:26:48,Research Wing,Ground,Server Room,Server Units,4.206,4.206
2026-09-05 16:26:48,Main Block,Ground,Lab 101,AC,4.493,4.493
2026-09-05 16:26:48,Main Block,Ground,Lab 101,Computers,2.093,2.093
2026-09-05 16:26:48,Main Block,Ground,Lab 101,Lights,0.303,0.303
2026-09-05 16:26:48,Main Block,Ground,Lab 101,Fans,0.191,0.191
2026-09-05 16:26:48,Main Block,Ground,Lab 101,Server Units,4.7,4.7
2026-09-05 16:26:48,Main Block,First,Computer Lab 201,AC,4.319,4.319
2026-09-05 16:26:48,Main Block,First,Computer Lab 201,Computers,2.042,2.042
2026-09-05 16:26:48,Main Block,First,Computer Lab 201,Lights,0.305,0.305
2026-09-05 16:26:48,Main Block,First,Computer Lab 201,Fans,0.195,0.195
2026-09-05 16:26:48,Main Block,First,Computer Lab 201,Server Units,4.109,4.109
2026-09-05 16:26:48,Research Wing,Ground,AI Research Lab,AC,4.744,4.744
2026-09-05 16:26:48,Research Wing,Ground,AI Research Lab,Computers,2.285,2.285
2026-09-05 16:26:48,Research Wing,Ground,AI Research Lab,Lights,0.327,0.327
2026-09-05 16:26:48,Research Wing,Ground,AI Research Lab,Fans,0.221,0.221
2026-09-05 16:26:48,Research Wing,Ground,AI Research Lab,Server Units,4.003,4.003
2026-09-05 16:26:48,Research Wing,Ground,Server Room,AC,4.5,4.5
2026-09-05 16:26:48,Research Wing,Ground,Server Room,Computers,1.782,1.782
2026-09-05 16:26:48,Research Wing,Ground,Server Room,Lights,0.298,0.298
2026-09-05 16:26:48,Research Wing,Ground,Server Room,Fans,0.201,0.201
2026-09-05 16:26:48,Research Wing,Ground,Server Room,Server Units,4.173,4.173
2026-09-05 17:26:48,Main Block,Ground,Lab 101,AC,4.044,4.044
2026-09-05 17:26:48,Main Block,Ground,Lab 101,Computers,2.144,2.144
2026-09-05 17:26:48,Main Block,Ground,Lab 101,Lights,0.285,0.285
2026-09-05 17:26:48,Main Block,Ground,Lab 101,Fans,0.197,0.197
2026-09-05 17:26:48,Main Block,Ground,Lab 101,Server Units,4.136,4.136
2026-09-05 17:26:48,Main Block,First,Computer Lab 201,AC,4.322,4.322
2026-09-05 17:26:48,Main Block,First,Computer Lab 201,Computers,2.288,2.288
2026-09-05 17:26:48,Main Block,First,Computer Lab 201,Lights,0.327,0.327
2026-09-05 17:26:48,Main Block,First,Computer Lab 201,Fans,0.206,0.206
2026-09-05 17:26:48,Main Block,First,Computer Lab 201,Server Units,4.366,4.366
2026-09-05 17:26:48,Research Wing,Ground,AI Research Lab,AC,4.882,4.882
2026-09-05 17:26:48,Research Wing,Ground,AI Research Lab,Computers,2.047,2.047
2026-09-05 17:26:48,Research Wing,Ground,AI Research Lab,Lights,0.308,0.308
2026-09-05 17:26:48,Research Wing,Ground,AI Research Lab,Fans,0.203,0.203
2026-09-05 17:26:48,Research Wing,Ground,AI Research Lab,Server Units,4.85,4.85
2026-09-05 17:26:48,Research Wing,Ground,Server Room,AC,4.744,4.744
2026-09-05 17:26:48,Research Wing,Ground,Server Room,Computers,2.269,2.269
2026-09-05 17:26:48,Research Wing,Ground,Server Room,Lights,0.257,0.257
2026-09-05 17:26:48,Research Wing,Ground,Server Room,Fans,0.175,0.175
2026-09-05 17:26:48,Research Wing,Ground,Server Room,Server Units,4.282,4.282
2026-09-05 18:26:48,Main Block,Ground,Lab 101,AC,5.068,5.068
2026-09-05 18:26:48,Main Block,Ground,Lab 101,Computers,2.142,2.142
2026-09-05 18:26:48,Main Block,Ground,Lab 101,Lights,0.267,0.267
2026-09-05 18:26:48,Main Block,Ground,Lab 101,Fans,0.185,0.185
2026-09-05 18:26:48,Main Block,Ground,Lab 101,Server Units,4.434,4.434
2026-09-05 18:26:48,Main Block,First,Computer Lab 201,AC,4.059,4.059
2026-09-05 18:26:48,Main Block,First,Computer Lab 201,Computers,1.905,1.905
2026-09-05 18:26:48,Main Block,First,Computer Lab 201,Lights,0.324,0.324
2026-09-05 18:26:48,Main Block,First,Computer Lab 201,Fans,0.203,0.203
2026-09-05 18:26:48,Main Block,First,Computer Lab 201,Server Units,4.545,4.545
2026-09-05 18:26:48,Research Wing,Ground,AI Research Lab,AC,4.158,4.158
2026-09-05 18:26:48,Research Wing,Ground,AI Research Lab,Computers,1.835,1.835
2026-09-05 18:26:48,Research Wing,Ground,AI Research Lab,Lights,0.282,0.282
2026-09-05 18:26:48,Research Wing,Ground,AI Research Lab,Fans,0.178,0.178
2026-09-05 18:26:48,Research Wing,Ground,AI Research Lab,Server Units,4.158,4.158
2026-09-05 18:26:48,Research Wing,Ground,Server Room,AC,5.085,5.085
2026-09-05 18:26:48,Research Wing,Ground,Server Room,Computers,1.864,1.864
2026-09-05 18:26:48,Research Wing,Ground,Server Room,Lights,0.316,0.316
2026-09-05 18:26:48,Research Wing,Ground,Server Room,Fans,0.223,0.223
2026-09-05 18:26:48,Research Wing,Ground,Server Room,Server Units,5.0,5.0
2026-09-05 19:26:48,Main Block,Ground,Lab 101,AC,0.25,0.25
2026-09-05 19:26:48,Main Block,Ground,Lab 101,Computers,0.08,0.08
2026-09-05 19:26:48,Main Block,Ground,Lab 101,Lights,0.02,0.02
2026-09-05 19:26:48,Main Block,Ground,Lab 101,Fans,0.015,0.015
2026-09-05 19:26:48,Main Block,Ground,Lab 101,Server Units,4.324,4.324
2026-09-05 19:26:48,Main Block,First,Computer Lab 201,AC,0.25,0.25
2026-09-05 19:26:48,Main Block,First,Computer Lab 201,Computers,0.08,0.08
2026-09-05 19:26:48,Main Block,First,Computer Lab 201,Lights,0.02,0.02
2026-09-05 19:26:48,Main Block,First,Computer Lab 201,Fans,0.015,0.015
2026-09-05 19:26:48,Main Block,First,Computer Lab 201,Server Units,4.659,4.659
2026-09-05 19:26:48,Research Wing,Ground,AI Research Lab,AC,0.25,0.25
2026-09-05 19:26:48,Research Wing,Ground,AI Research Lab,Computers,0.08,0.08
2026-09-05 19:26:48,Research Wing,Ground,AI Research Lab,Lights,0.02,0.02
2026-09-05 19:26:48,Research Wing,Ground,AI Research Lab,Fans,0.015,0.015
2026-09-05 19:26:48,Research Wing,Ground,AI Research Lab,Server Units,4.441,4.441
2026-09-05 19:26:48,Research Wing,Ground,Server Room,AC,0.25,0.25
2026-09-05 19:26:48,Research Wing,Ground,Server Room,Computers,0.08,0.08
2026-09-05 19:26:48,Research Wing,Ground,Server Room,Lights,0.02,0.02
2026-09-05 19:26:48,Research Wing,Ground,Server Room,Fans,0.015,0.015
2026-09-05 19:26:48,Research Wing,Ground,Server Room,Server Units,14.272,14.272
2026-09-05 20:26:48,Main Block,Ground,Lab 101,AC,0.25,0.25
2026-09-05 20:26:48,Main Block,Ground,Lab 101,Computers,0.08,0.08
2026-09-05 20:26:48,Main Block,Ground,Lab 101,Lights,0.02,0.02
2026-09-05 20:26:48,Main Block,Ground,Lab 101,Fans,0.015,0.015
2026-09-05 20:26:48,Main Block,Ground,Lab 101,Server Units,4.899,4.899
2026-09-05 20:26:48,Main Block,First,Computer Lab 201,AC,0.25,0.25
2026-09-05 20:26:48,Main Block,First,Computer Lab 201,Computers,0.08,0.08
2026-09-05 20:26:48,Main Block,First,Computer Lab 201,Lights,0.02,0.02
2026-09-05 20:26:48,Main Block,First,Computer Lab 201,Fans,0.015,0.015
2026-09-05 20:26:48,Main Block,First,Computer Lab 201,Server Units,4.938,4.938
2026-09-05 20:26:48,Research Wing,Ground,AI Research Lab,AC,0.25,0.25
2026-09-05 20:26:48,Research Wing,Ground,AI Research Lab,Computers,0.08,0.08
2026-09-05 20:26:48,Research Wing,Ground,AI Research Lab,Lights,0.02,0.02
2026-09-05 20:26:48,Research Wing,Ground,AI Research Lab,Fans,0.015,0.015
2026-09-05 20:26:48,Research Wing,Ground,AI Research Lab,Server Units,4.945,4.945
2026-09-05 20:26:48,Research Wing,Ground,Server Room,AC,0.25,0.25
2026-09-05 20:26:48,Research Wing,Ground,Server Room,Computers,0.08,0.08
2026-09-05 20:26:48,Research Wing,Ground,Server Room,Lights,0.02,0.02
2026-09-05 20:26:48,Research Wing,Ground,Server Room,Fans,0.015,0.015
2026-09-05 20:26:48,Research Wing,Ground,Server Room,Server Units,4.264,4.264
2026-09-05 21:26:48,Main Block,Ground,Lab 101,AC,0.25,0.25
2026-09-05 21:26:48,Main Block,Ground,Lab 101,Computers,0.08,0.08
2026-09-05 21:26:48,Main Block,Ground,Lab 101,Lights,0.02,0.02
2026-09-05 21:26:48,Main Block,Ground,Lab 101,Fans,0.015,0.015
2026-09-05 21:26:48,Main Block,Ground,Lab 101,Server Units,3.752,3.752
2026-09-05 21:26:48,Main Block,First,Computer Lab 201,AC,0.25,0.25
2026-09-05 21:26:48,Main Block,First,Computer Lab 201,Computers,0.08,0.08
2026-09-05 21:26:48,Main Block,First,Computer Lab 201,Lights,0.02,0.02
2026-09-05 21:26:48,Main Block,First,Computer Lab 201,Fans,0.015,0.015
2026-09-05 21:26:48,Main Block,First,Computer Lab 201,Server Units,4.457,4.457
2026-09-05 21:26:48,Research Wing,Ground,AI Research Lab,AC,0.25,0.25
2026-09-05 21:26:48,Research Wing,Ground,AI Research Lab,Computers,0.08,0.08
2026-09-05 21:26:48,Research Wing,Ground,AI Research Lab,Lights,0.02,0.02
2026-09-05 21:26:48,Research Wing,Ground,AI Research Lab,Fans,0.015,0.015
2026-09-05 21:26:48,Research Wing,Ground,AI Research Lab,Server Units,3.889,3.889
2026-09-05 21:26:48,Research Wing,Ground,Server Room,AC,0.25,0.25
2026-09-05 21:26:48,Research Wing,Ground,Server Room,Computers,0.08,0.08
2026-09-05 21:26:48,Research Wing,Ground,Server Room,Lights,0.02,0.02
2026-09-05 21:26:48,Research Wing,Ground,Server Room,Fans,0.015,0.015
2026-09-05 21:26:48,Research Wing,Ground,Server Room,Server Units,4.784,4.784
2026-09-05 22:26:48,Main Block,Ground,Lab 101,AC,0.25,0.25
2026-09-05 22:26:48,Main Block,Ground,Lab 101,Computers,0.08,0.08
2026-09-05 22:26:48,Main Block,Ground,Lab 101,Lights,0.02,0.02
2026-09-05 22:26:48,Main Block,Ground,Lab 101,Fans,0.015,0.015
2026-09-05 22:26:48,Main Block,Ground,Lab 101,Server Units,4.832,4.832
2026-09-05 22:26:48,Main Block,First,Computer Lab 201,AC,0.25,0.25
2026-09-05 22:26:48,Main Block,First,Computer Lab 201,Computers,0.08,0.08
2026-09-05 22:26:48,Main Block,First,Computer Lab 201,Lights,0.02,0.02
2026-09-05 22:26:48,Main Block,First,Computer Lab 201,Fans,0.015,0.015
2026-09-05 22:26:48,Main Block,First,Computer Lab 201,Server Units,4.167,4.167
2026-09-05 22:26:48,Research Wing,Ground,AI Research Lab,AC,0.25,0.25
2026-09-05 22:26:48,Research Wing,Ground,AI Research Lab,Computers,0.08,0.08
2026-09-05 22:26:48,Research Wing,Ground,AI Research Lab,Lights,0.02,0.02
2026-09-05 22:26:48,Research Wing,Ground,AI Research Lab,Fans,0.015,0.015
2026-09-05 22:26:48,Research Wing,Ground,AI Research Lab,Server Units,4.139,4.139
2026-09-05 22:26:48,Research Wing,Ground,Server Room,AC,0.75,0.75
2026-09-05 22:26:48,Research Wing,Ground,Server Room,Computers,0.08,0.08
2026-09-05 22:26:48,Research Wing,Ground,Server Room,Lights,0.02,0.02
2026-09-05 22:26:48,Research Wing,Ground,Server Room,Fans,0.015,0.015
2026-09-05 22:26:48,Research Wing,Ground,Server Room,Server Units,3.896,3.896
2026-09-05 23:26:48,Main Block,Ground,Lab 101,AC,0.25,0.25
2026-09-05 23:26:48,Main Block,Ground,Lab 101,Computers,0.08,0.08
2026-09-05 23:26:48,Main Block,Ground,Lab 101,Lights,0.02,0.02
2026-09-05 23:26:48,Main Block,Ground,Lab 101,Fans,0.015,0.015
2026-09-05 23:26:48,Main Block,Ground,Lab 101,Server Units,4.15,4.15
2026-09-05 23:26:48,Main Block,First,Computer Lab 201,AC,0.25,0.25
2026-09-05 23:26:48,Main Block,First,Computer Lab 201,Computers,0.08,0.08
2026-09-05 23:26:48,Main Block,First,Computer Lab 201,Lights,0.02,0.02
2026-09-05 23:26:48,Main Block,First,Computer Lab 201,Fans,0.015,0.015
2026-09-05 23:26:48,Main Block,First,Computer Lab 201,Server Units,3.916,3.916
2026-09-05 23:26:48,Research Wing,Ground,AI Research Lab,AC,0.25,0.25
2026-09-05 23:26:48,Research Wing,Ground,AI Research Lab,Computers,0.08,0.08
2026-09-05 23:26:48,Research Wing,Ground,AI Research Lab,Lights,0.02,0.02
2026-09-05 23:26:48,Research Wing,Ground,AI Research Lab,Fans,0.015,0.015
2026-09-05 23:26:48,Research Wing,Ground,AI Research Lab,Server Units,4.361,4.361
2026-09-05 23:26:48,Research Wing,Ground,Server Room,AC,0.25,0.25
2026-09-05 23:26:48,Research Wing,Ground,Server Room,Computers,0.08,0.08
2026-09-05 23:26:48,Research Wing,Ground,Server Room,Lights,0.02,0.02
2026-09-05 23:26:48,Research Wing,Ground,Server Room,Fans,0.015,0.015
2026-09-05 23:26:48,Research Wing,Ground,Server Room,Server Units,4.893,4.893
2026-09-06 00:26:48,Main Block,Ground,Lab 101,AC,0.25,0.25
2026-09-06 00:26:48,Main Block,Ground,Lab 101,Computers,0.08,0.08
2026-09-06 00:26:48,Main Block,Ground,Lab 101,Lights,0.02,0.02
2026-09-06 00:26:48,Main Block,Ground,Lab 101,Fans,0.015,0.015
2026-09-06 00:26:48,Main Block,Ground,Lab 101,Server Units,3.822,3.822
2026-09-06 00:26:48,Main Block,First,Computer Lab 201,AC,0.25,0.25
2026-09-06 00:26:48,Main Block,First,Computer Lab 201,Computers,0.08,0.08
2026-09-06 00:26:48,Main Block,First,Computer Lab 201,Lights,0.02,0.02
2026-09-06 00:26:48,Main Block,First,Computer Lab 201,Fans,0.015,0.015
2026-09-06 00:26:48,Main Block,First,Computer Lab 201,Server Units,4.427,4.427
2026-09-06 00:26:48,Research Wing,Ground,AI Research Lab,AC,0.25,0.25
2026-09-06 00:26:48,Research Wing,Ground,AI Research Lab,Computers,0.08,0.08
2026-09-06 00:26:48,Research Wing,Ground,AI Research Lab,Lights,0.02,0.02
2026-09-06 00:26:48,Research Wing,Ground,AI Research Lab,Fans,0.015,0.015
2026-09-06 00:26:48,Research Wing,Ground,AI Research Lab,Server Units,4.807,4.807
2026-09-06 00:26:48,Research Wing,Ground,Server Room,AC,0.25,0.25
2026-09-06 00:26:48,Research Wing,Ground,Server Room,Computers,0.08,0.08
2026-09-06 00:26:48,Research Wing,Ground,Server Room,Lights,0.02,0.02
2026-09-06 00:26:48,Research Wing,Ground,Server Room,Fans,0.015,0.015
2026-09-06 00:26:48,Research Wing,Ground,Server Room,Server Units,4.805,4.805
2026-09-06 01:26:48,Main Block,Ground,Lab 101,AC,0.25,0.25
2026-09-06 01:26:48,Main Block,Ground,Lab 101,Computers,0.08,0.08
2026-09-06 01:26:48,Main Block,Ground,Lab 101,Lights,0.02,0.02
2026-09-06 01:26:48,Main Block,Ground,Lab 101,Fans,0.015,0.015
2026-09-06 01:26:48,Main Block,Ground,Lab 101,Server Units,3.8,3.8
2026-09-06 01:26:48,Main Block,First,Computer Lab 201,AC,0.25,0.25
2026-09-06 01:26:48,Main Block,First,Computer Lab 201,Computers,0.08,0.08
2026-09-06 01:26:48,Main Block,First,Computer Lab 201,Lights,0.02,0.02
2026-09-06 01:26:48,Main Block,First,Computer Lab 201,Fans,0.015,0.015
2026-09-06 01:26:48,Main Block,First,Computer Lab 201,Server Units,4.973,4.973
2026-09-06 01:26:48,Research Wing,Ground,AI Research Lab,AC,0.25,0.25
2026-09-06 01:26:48,Research Wing,Ground,AI Research Lab,Computers,0.08,0.08
2026-09-06 01:26:48,Research Wing,Ground,AI Research Lab,Lights,0.02,0.02
2026-09-06 01:26:48,Research Wing,Ground,AI Research Lab,Fans,0.015,0.015
2026-09-06 01:26:48,Research Wing,Ground,AI Research Lab,Server Units,4.593,4.593
2026-09-06 01:26:48,Research Wing,Ground,Server Room,AC,0.25,0.25
2026-09-06 01:26:48,Research Wing,Ground,Server Room,Computers,0.08,0.08
2026-09-06 01:26:48,Research Wing,Ground,Server Room,Lights,0.02,0.02
2026-09-06 01:26:48,Research Wing,Ground,Server Room,Fans,0.015,0.015
2026-09-06 01:26:48,Research Wing,Ground,Server Room,Server Units,4.236,4.236
2026-09-06 02:26:48,Main Block,Ground,Lab 101,AC,0.25,0.25
2026-09-06 02:26:48,Main Block,Ground,Lab 101,Computers,0.08,0.08
2026-09-06 02:26:48,Main Block,Ground,Lab 101,Lights,0.02,0.02
2026-09-06 02:26:48,Main Block,Ground,Lab 101,Fans,0.015,0.015
2026-09-06 02:26:48,Main Block,Ground,Lab 101,Server Units,3.976,3.976
2026-09-06 02:26:48,Main Block,First,Computer Lab 201,AC,0.25,0.25
2026-09-06 02:26:48,Main Block,First,Computer Lab 201,Computers,0.08,0.08
2026-09-06 02:26:48,Main Block,First,Computer Lab 201,Lights,0.02,0.02
2026-09-06 02:26:48,Main Block,First,Computer Lab 201,Fans,0.045,0.045
2026-09-06 02:26:48,Main Block,First,Computer Lab 201,Server Units,3.77,3.77
2026-09-06 02:26:48,Research Wing,Ground,AI Research Lab,AC,0.25,0.25
2026-09-06 02:26:48,Research Wing,Ground,AI Research Lab,Computers,0.08,0.08
2026-09-06 02:26:48,Research Wing,Ground,AI Research Lab,Lights,0.02,0.02
2026-09-06 02:26:48,Research Wing,Ground,AI Research Lab,Fans,0.015,0.015
2026-09-06 02:26:48,Research Wing,Ground,AI Research Lab,Server Units,4.067,4.067
2026-09-06 02:26:48,Research Wing,Ground,Server Room,AC,0.25,0.25
2026-09-06 02:26:48,Research Wing,Ground,Server Room,Computers,0.08,0.08
2026-09-06 02:26:48,Research Wing,Ground,Server Room,Lights,0.02,0.02
2026-09-06 02:26:48,Research Wing,Ground,Server Room,Fans,0.015,0.015
2026-09-06 02:26:48,Research Wing,Ground,Server Room,Server Units,4.809,4.809
2026-09-06 03:26:48,Main Block,Ground,Lab 101,AC,0.25,0.25
2026-09-06 03:26:48,Main Block,Ground,Lab 101,Computers,0.08,0.08
2026-09-06 03:26:48,Main Block,Ground,Lab 101,Lights,0.06,0.06
2026-09-06 03:26:48,Main Block,Ground,Lab 101,Fans,0.015,0.015
2026-09-06 03:26:48,Main Block,Ground,Lab 101,Server Units,3.873,3.873
2026-09-06 03:26:48,Main Block,First,Computer Lab 201,AC,0.25,0.25
2026-09-06 03:26:48,Main Block,First,Computer Lab 201,Computers,0.08,0.08
2026-09-06 03:26:48,Main Block,First,Computer Lab 201,Lights,0.02,0.02
2026-09-06 03:26:48,Main Block,First,Computer Lab 201,Fans,0.015,0.015
2026-09-06 03:26:48,Main Block,First,Computer Lab 201,Server Units,4.271,4.271
2026-09-06 03:26:48,Research Wing,Ground,AI Research Lab,AC,0.25,0.25
2026-09-06 03:26:48,Research Wing,Ground,AI Research Lab,Computers,0.08,0.08
2026-09-06 03:26:48,Research Wing,Ground,AI Research Lab,Lights,0.02,0.02
2026-09-06 03:26:48,Research Wing,Ground,AI Research Lab,Fans,0.015,0.015
2026-09-06 03:26:48,Research Wing,Ground,AI Research Lab,Server Units,4.122,4.122
2026-09-06 03:26:48,Research Wing,Ground,Server Room,AC,0.25,0.25
2026-09-06 03:26:48,Research Wing,Ground,Server Room,Computers,0.08,0.08
2026-09-06 03:26:48,Research Wing,Ground,Server Room,Lights,0.02,0.02
2026-09-06 03:26:48,Research Wing,Ground,Server Room,Fans,0.015,0.015
2026-09-06 03:26:48,Research Wing,Ground,Server Room,Server Units,4.163,4.163
2026-09-06 04:26:48,Main Block,Ground,Lab 101,AC,0.25,0.25
2026-09-06 04:26:48,Main Block,Ground,Lab 101,Computers,0.08,0.08
2026-09-06 04:26:48,Main Block,Ground,Lab 101,Lights,0.02,0.02
2026-09-06 04:26:48,Main Block,Ground,Lab 101,Fans,0.015,0.015
2026-09-06 04:26:48,Main Block,Ground,Lab 101,Server Units,3.82,3.82
2026-09-06 04:26:48,Main Block,First,Computer Lab 201,AC,0.25,0.25
2026-09-06 04:26:48,Main Block,First,Computer Lab 201,Computers,0.08,0.08
2026-09-06 04:26:48,Main Block,First,Computer Lab 201,Lights,0.02,0.02
2026-09-06 04:26:48,Main Block,First,Computer Lab 201,Fans,0.015,0.015
2026-09-06 04:26:48,Main Block,First,Computer Lab 201,Server Units,4.394,4.394
2026-09-06 04:26:48,Research Wing,Ground,AI Research Lab,AC,0.25,0.25
2026-09-06 04:26:48,Research Wing,Ground,AI Research Lab,Computers,0.08,0.08
2026-09-06 04:26:48,Research Wing,Ground,AI Research Lab,Lights,0.02,0.02
2026-09-06 04:26:48,Research Wing,Ground,AI Research Lab,Fans,0.015,0.015
2026-09-06 04:26:48,Research Wing,Ground,AI Research Lab,Server Units,4.29,4.29
2026-09-06 04:26:48,Research Wing,Ground,Server Room,AC,0.25,0.25
2026-09-06 04:26:48,Research Wing,Ground,Server Room,Computers,0.08,0.08
2026-09-06 04:26:48,Research Wing,Ground,Server Room,Lights,0.02,0.02
2026-09-06 04:26:48,Research Wing,Ground,Server Room,Fans,0.015,0.015
2026-09-06 04:26:48,Research Wing,Ground,Server Room,Server Units,4.137,4.137
2026-09-06 05:26:48,Main Block,Ground,Lab 101,AC,0.25,0.25
2026-09-06 05:26:48,Main Block,Ground,Lab 101,Computers,0.08,0.08
2026-09-06 05:26:48,Main Block,Ground,Lab 101,Lights,0.02,0.02
2026-09-06 05:26:48,Main Block,Ground,Lab 101,Fans,0.015,0.015
2026-09-06 05:26:48,Main Block,Ground,Lab 101,Server Units,4.476,4.476
2026-09-06 05:26:48,Main Block,First,Computer Lab 201,AC,0.25,0.25
2026-09-06 05:26:48,Main Block,First,Computer Lab 201,Computers,0.08,0.08
2026-09-06 05:26:48,Main Block,First,Computer Lab 201,Lights,0.02,0.02
2026-09-06 05:26:48,Main Block,First,Computer Lab 201,Fans,0.015,0.015
2026-09-06 05:26:48,Main Block,First,Computer Lab 201,Server Units,4.858,4.858
2026-09-06 05:26:48,Research Wing,Ground,AI Research Lab,AC,0.25,0.25
2026-09-06 05:26:48,Research Wing,Ground,AI Research Lab,Computers,0.08,0.08
2026-09-06 05:26:48,Research Wing,Ground,AI Research Lab,Lights,0.02,0.02
2026-09-06 05:26:48,Research Wing,Ground,AI Research Lab,Fans,0.015,0.015
2026-09-06 05:26:48,Research Wing,Ground,AI Research Lab,Server Units,4.536,4.536
2026-09-06 05:26:48,Research Wing,Ground,Server Room,AC,0.25,0.25
2026-09-06 05:26:48,Research Wing,Ground,Server Room,Computers,0.08,0.08
2026-09-06 05:26:48,Research Wing,Ground,Server Room,Lights,0.02,0.02
2026-09-06 05:26:48,Research Wing,Ground,Server Room,Fans,0.015,0.015
2026-09-06 05:26:48,Research Wing,Ground,Server Room,Server Units,4.373,4.373
2026-09-06 06:26:48,Main Block,Ground,Lab 101,AC,0.25,0.25
2026-09-06 06:26:48,Main Block,Ground,Lab 101,Computers,0.08,0.08
2026-09-06 06:26:48,Main Block,Ground,Lab 101,Lights,0.06,0.06
2026-09-06 06:26:48,Main Block,Ground,Lab 101,Fans,0.015,0.015
2026-09-06 06:26:48,Main Block,Ground,Lab 101,Server Units,5.01,5.01
2026-09-06 06:26:48,Main Block,First,Computer Lab 201,AC,0.25,0.25
2026-09-06 06:26:48,Main Block,First,Computer Lab 201,Computers,0.08,0.08
2026-09-06 06:26:48,Main Block,First,Computer Lab 201,Lights,0.02,0.02
2026-09-06 06:26:48,Main Block,First,Computer Lab 201,Fans,0.015,0.015
2026-09-06 06:26:48,Main Block,First,Computer Lab 201,Server Units,4.01,4.01
2026-09-06 06:26:48,Research Wing,Ground,AI Research Lab,AC,0.25,0.25
2026-09-06 06:26:48,Research Wing,Ground,AI Research Lab,Computers,0.08,0.08
2026-09-06 06:26:48,Research Wing,Ground,AI Research Lab,Lights,0.02,0.02
2026-09-06 06:26:48,Research Wing,Ground,AI Research Lab,Fans,0.015,0.015
2026-09-06 06:26:48,Research Wing,Ground,AI Research Lab,Server Units,4.214,4.214
2026-09-06 06:26:48,Research Wing,Ground,Server Room,AC,0.25,0.25
2026-09-06 06:26:48,Research Wing,Ground,Server Room,Computers,0.08,0.08
2026-09-06 06:26:48,Research Wing,Ground,Server Room,Lights,0.02,0.02
2026-09-06 06:26:48,Research Wing,Ground,Server Room,Fans,0.015,0.015
2026-09-06 06:26:48,Research Wing,Ground,Server Room,Server Units,4.36,4.36
2026-09-06 07:26:48,Main Block,Ground,Lab 101,AC,0.25,0.25
2026-09-06 07:26:48,Main Block,Ground,Lab 101,Computers,0.08,0.08
2026-09-06 07:26:48,Main Block,Ground,Lab 101,Lights,0.02,0.02
2026-09-06 07:26:48,Main Block,Ground,Lab 101,Fans,0.015,0.015
2026-09-06 07:26:48,Main Block,Ground,Lab 101,Server Units,4.032,4.032
2026-09-06 07:26:48,Main Block,First,Computer Lab 201,AC,0.25,0.25
2026-09-06 07:26:48,Main Block,First,Computer Lab 201,Computers,0.08,0.08
2026-09-06 07:26:48,Main Block,First,Computer Lab 201,Lights,0.02,0.02
2026-09-06 07:26:48,Main Block,First,Computer Lab 201,Fans,0.015,0.015
2026-09-06 07:26:48,Main Block,First,Computer Lab 201,Server Units,3.941,3.941
2026-09-06 07:26:48,Research Wing,Ground,AI Research Lab,AC,0.25,0.25
2026-09-06 07:26:48,Research Wing,Ground,AI Research Lab,Computers,0.08,0.08
2026-09-06 07:26:48,Research Wing,Ground,AI Research Lab,Lights,0.02,0.02
2026-09-06 07:26:48,Research Wing,Ground,AI Research Lab,Fans,0.015,0.015
2026-09-06 07:26:48,Research Wing,Ground,AI Research Lab,Server Units,4.644,4.644
2026-09-06 07:26:48,Research Wing,Ground,Server Room,AC,0.25,0.25
2026-09-06 07:26:48,Research Wing,Ground,Server Room,Computers,0.08,0.08
2026-09-06 07:26:48,Research Wing,Ground,Server Room,Lights,0.02,0.02
2026-09-06 07:26:48,Research Wing,Ground,Server Room,Fans,0.015,0.015
2026-09-06 07:26:48,Research Wing,Ground,Server Room,Server Units,3.962,3.962
2026-09-06 08:26:48,Main Block,Ground,Lab 101,AC,4.054,4.054
2026-09-06 08:26:48,Main Block,Ground,Lab 101,Computers,1.993,1.993
2026-09-06 08:26:48,Main Block,Ground,Lab 101,Lights,0.304,0.304
2026-09-06 08:26:48,Main Block,Ground,Lab 101,Fans,0.169,0.169
2026-09-06 08:26:48,Main Block,Ground,Lab 101,Server Units,4.858,4.858
2026-09-06 08:26:48,Main Block,First,Computer Lab 201,AC,4.727,4.727
2026-09-06 08:26:48,Main Block,First,Computer Lab 201,Computers,1.947,1.947
2026-09-06 08:26:48,Main Block,First,Computer Lab 201,Lights,0.276,0.276
2026-09-06 08:26:48,Main Block,First,Computer Lab 201,Fans,0.166,0.166
2026-09-06 08:26:48,Main Block,First,Computer Lab 201,Server Units,4.233,4.233
2026-09-06 08:26:48,Research Wing,Ground,AI Research Lab,AC,4.725,4.725
2026-09-06 08:26:48,Research Wing,Ground,AI Research Lab,Computers,1.99,1.99
2026-09-06 08:26:48,Research Wing,Ground,AI Research Lab,Lights,0.256,0.256
2026-09-06 08:26:48,Research Wing,Ground,AI Research Lab,Fans,0.166,0.166
2026-09-06 08:26:48,Research Wing,Ground,AI Research Lab,Server Units,4.103,4.103
2026-09-06 08:26:48,Research Wing,Ground,Server Room,AC,3.848,3.848
2026-09-06 08:26:48,Research Wing,Ground,Server Room,Computers,2.104,2.104
2026-09-06 08:26:48,Research Wing,Ground,Server Room,Lights,0.337,0.337
2026-09-06 08:26:48,Research Wing,Ground,Server Room,Fans,0.171,0.171
2026-09-06 08:26:48,Research Wing,Ground,Server Room,Server Units,3.993,3.993
2026-09-06 09:26:48,Main Block,Ground,Lab 101,AC,4.926,4.926
2026-09-06 09:26:48,Main Block,Ground,Lab 101,Computers,1.938,1.938
2026-09-06 09:26:48,Main Block,Ground,Lab 101,Lights,0.292,0.292
2026-09-06 09:26:48,Main Block,Ground,Lab 101,Fans,0.224,0.224
2026-09-06 09:26:48,Main Block,Ground,Lab 101,Server Units,4.643,4.643
2026-09-06 09:26:48,Main Block,First,Computer Lab 201,AC,4.708,4.708
2026-09-06 09:26:48,Main Block,First,Computer Lab 201,Computers,2.156,2.156
2026-09-06 09:26:48,Main Block,First,Computer Lab 201,Lights,0.289,0.289
2026-09-06 09:26:48,Main Block,First,Computer Lab 201,Fans,0.507,0.507
2026-09-06 09:26:48,Main Block,First,Computer Lab 201,Server Units,3.966,3.966
2026-09-06 09:26:48,Research Wing,Ground,AI Research Lab,AC,4.411,4.411
2026-09-06 09:26:48,Research Wing,Ground,AI Research Lab,Computers,2.04,2.04
2026-09-06 09:26:48,Research Wing,Ground,AI Research Lab,Lights,0.264,0.264
2026-09-06 09:26:48,Research Wing,Ground,AI Research Lab,Fans,0.168,0.168
2026-09-06 09:26:48,Research Wing,Ground,AI Research Lab,Server Units,4.886,4.886
2026-09-06 09:26:48,Research Wing,Ground,Server Room,AC,4.467,4.467
2026-09-06 09:26:48,Research Wing,Ground,Server Room,Computers,1.745,1.745
2026-09-06 09:26:48,Research Wing,Ground,Server Room,Lights,0.336,0.336
2026-09-06 09:26:48,Research Wing,Ground,Server Room,Fans,0.168,0.168
2026-09-06 09:26:48,Research Wing,Ground,Server Room,Server Units,4.155,4.155
2026-09-06 10:26:48,Main Block,Ground,Lab 101,AC,4.617,4.617
2026-09-06 10:26:48,Main Block,Ground,Lab 101,Computers,2.128,2.128
2026-09-06 10:26:48,Main Block,Ground,Lab 101,Lights,0.262,0.262
2026-09-06 10:26:48,Main Block,Ground,Lab 101,Fans,0.18,0.18
2026-09-06 10:26:48,Main Block,Ground,Lab 101,Server Units,4.254,4.254
2026-09-06 10:26:48,Main Block,First,Computer Lab 201,AC,4.273,4.273
2026-09-06 10:26:48,Main Block,First,Computer Lab 201,Computers,1.784,1.784
2026-09-06 10:26:48,Main Block,First,Computer Lab 201,Lights,0.32,0.32
2026-09-06 10:26:48,Main Block,First,Computer Lab 201,Fans,0.223,0.223
2026-09-06 10:26:48,Main Block,First,Computer Lab 201,Server Units,4.317,4.317
2026-09-06 10:26:48,Research Wing,Ground,AI Research Lab,AC,4.285,4.285
2026-09-06 10:26:48,Research Wing,Ground,AI Research Lab,Computers,2.273,2.273
2026-09-06 10:26:48,Research Wing,Ground,AI Research Lab,Lights,0.325,0.325
2026-09-06 10:26:48,Research Wing,Ground,AI Research Lab,Fans,0.182,0.182
2026-09-06 10:26:48,Research Wing,Ground,AI Research Lab,Server Units,4.388,4.388
2026-09-06 10:26:48,Research Wing,Ground,Server Room,AC,5.096,5.096
2026-09-06 10:26:48,Research Wing,Ground,Server Room,Computers,2.108,2.108
2026-09-06 10:26:48,Research Wing,Ground,Server Room,Lights,0.263,0.263
2026-09-06 10:26:48,Research Wing,Ground,Server Room,Fans,0.212,0.212
2026-09-06 10:26:48,Research Wing,Ground,Server Room,Server Units,3.848,3.848
2026-09-06 11:26:48,Main Block,Ground,Lab 101,AC,4.786,4.786
2026-09-06 11:26:48,Main Block,Ground,Lab 101,Computers,2.144,2.144
2026-09-06 11:26:48,Main Block,Ground,Lab 101,Lights,0.794,0.794
2026-09-06 11:26:48,Main Block,Ground,Lab 101,Fans,0.184,0.184
2026-09-06 11:26:48,Main Block,Ground,Lab 101,Server Units,4.096,4.096
2026-09-06 11:26:48,Main Block,First,Computer Lab 201,AC,4.078,4.078
2026-09-06 11:26:48,Main Block,First,Computer Lab 201,Computers,2.033,2.033
2026-09-06 11:26:48,Main Block,First,Computer Lab 201,Lights,0.257,0.257
2026-09-06 11:26:48,Main Block,First,Computer Lab 201,Fans,0.171,0.171
2026-09-06 11:26:48,Main Block,First,Computer Lab 201,Server Units,4.168,4.168
2026-09-06 11:26:48,Research Wing,Ground,AI Research Lab,AC,4.219,4.219
2026-09-06 11:26:48,Research Wing,Ground,AI Research Lab,Computers,1.751,1.751
2026-09-06 11:26:48,Research Wing,Ground,AI Research Lab,Lights,0.336,0.336
2026-09-06 11:26:48,Research Wing,Ground,AI Research Lab,Fans,0.199,0.199
2026-09-06 11:26:48,Research Wing,Ground,AI Research Lab,Server Units,4.243,4.243
2026-09-06 11:26:48,Research Wing,Ground,Server Room,AC,4.232,4.232
2026-09-06 11:26:48,Research Wing,Ground,Server Room,Computers,1.738,1.738
2026-09-06 11:26:48,Research Wing,Ground,Server Room,Lights,0.293,0.293
2026-09-06 11:26:48,Research Wing,Ground,Server Room,Fans,0.17,0.17
2026-09-06 11:26:48,Research Wing,Ground,Server Room,Server Units,4.065,4.065
2026-09-06 12:26:48,Main Block,Ground,Lab 101,AC,4.627,4.627
2026-09-06 12:26:48,Main Block,Ground,Lab 101,Computers,1.764,1.764
2026-09-06 12:26:48,Main Block,Ground,Lab 101,Lights,0.34,0.34
2026-09-06 12:26:48,Main Block,Ground,Lab 101,Fans,0.202,0.202
2026-09-06 12:26:48,Main Block,Ground,Lab 101,Server Units,4.175,4.175
2026-09-06 12:26:48,Main Block,First,Computer Lab 201,AC,4.926,4.926
2026-09-06 12:26:48,Main Block,First,Computer Lab 201,Computers,2.285,2.285
2026-09-06 12:26:48,Main Block,First,Computer Lab 201,Lights,0.284,0.284
2026-09-06 12:26:48,Main Block,First,Computer Lab 201,Fans,0.177,0.177
2026-09-06 12:26:48,Main Block,First,Computer Lab 201,Server Units,5.013,5.013
2026-09-06 12:26:48,Research Wing,Ground,AI Research Lab,AC,4.218,4.218
2026-09-06 12:26:48,Research Wing,Ground,AI Research Lab,Computers,1.995,1.995
2026-09-06 12:26:48,Research Wing,Ground,AI Research Lab,Lights,0.277,0.277
2026-09-06 12:26:48,Research Wing,Ground,AI Research Lab,Fans,0.214,0.214
2026-09-06 12:26:48,Research Wing,Ground,AI Research Lab,Server Units,3.89,3.89
2026-09-06 12:26:48,Research Wing,Ground,Server Room,AC,4.625,4.625
2026-09-06 12:26:48,Research Wing,Ground,Server Room,Computers,2.109,2.109
2026-09-06 12:26:48,Research Wing,Ground,Server Room,Lights,0.341,0.341
2026-09-06 12:26:48,Research Wing,Ground,Server Room,Fans,0.207,0.207
2026-09-06 12:26:48,Research Wing,Ground,Server Room,Server Units,4.125,4.125
2026-09-06 13:26:48,Main Block,Ground,Lab 101,AC,4.931,4.931
2026-09-06 13:26:48,Main Block,Ground,Lab 101,Computers,1.945,1.945
2026-09-06 13:26:48,Main Block,Ground,Lab 101,Lights,0.312,0.312
2026-09-06 13:26:48,Main Block,Ground,Lab 101,Fans,0.204,0.204
2026-09-06 13:26:48,Main Block,Ground,Lab 101,Server Units,4.782,4.782
2026-09-06 13:26:48,Main Block,First,Computer Lab 201,AC,5.162,5.162
2026-09-06 13:26:48,Main Block,First,Computer Lab 201,Computers,1.94,1.94
2026-09-06 13:26:48,Main Block,First,Computer Lab 201,Lights,0.338,0.338
2026-09-06 13:26:48,Main Block,First,Computer Lab 201,Fans,0.198,0.198
2026-09-06 13:26:48,Main Block,First,Computer Lab 201,Server Units,4.215,4.215
2026-09-06 13:26:48,Research Wing,Ground,AI Research Lab,AC,4.55,4.55
2026-09-06 13:26:48,Research Wing,Ground,AI Research Lab,Computers,1.751,1.751
2026-09-06 13:26:48,Research Wing,Ground,AI Research Lab,Lights,0.314,0.314
2026-09-06 13:26:48,Research Wing,Ground,AI Research Lab,Fans,0.204,0.204
2026-09-06 13:26:48,Research Wing,Ground,AI Research Lab,Server Units,5.038,5.038
2026-09-06 13:26:48,Research Wing,Ground,Server Room,AC,4.364,4.364
2026-09-06 13:26:48,Research Wing,Ground,Server Room,Computers,2.279,2.279
2026-09-06 13:26:48,Research Wing,Ground,Server Room,Lights,0.256,0.256
2026-09-06 13:26:48,Research Wing,Ground,Server Room,Fans,0.196,0.196
2026-09-06 13:26:48,Research Wing,Ground,Server Room,Server Units,4.506,4.506
2026-09-06 14:26:48,Main Block,Ground,Lab 101,AC,4.427,4.427
2026-09-06 14:26:48,Main Block,Ground,Lab 101,Computers,2.163,2.163
2026-09-06 14:26:48,Main Block,Ground,Lab 101,Lights,0.3,0.3
2026-09-06 14:26:48,Main Block,Ground,Lab 101,Fans,0.167,0.167
2026-09-06 14:26:48,Main Block,Ground,Lab 101,Server Units,4.289,4.289
2026-09-06 14:26:48,Main Block,First,Computer Lab 201,AC,3.982,3.982
2026-09-06 14:26:48,Main Block,First,Computer Lab 201,Computers,1.785,1.785
2026-09-06 14:26:48,Main Block,First,Computer Lab 201,Lights,0.296,0.296
2026-09-06 14:26:48,Main Block,First,Computer Lab 201,Fans,0.194,0.194
2026-09-06 14:26:48,Main Block,First,Computer Lab 201,Server Units,4.318,4.318
2026-09-06 14:26:48,Research Wing,Ground,AI Research Lab,AC,4.256,4.256
2026-09-06 14:26:48,Research Wing,Ground,AI Research Lab,Computers,2.186,2.186
2026-09-06 14:26:48,Research Wing,Ground,AI Research Lab,Lights,0.331,0.331
2026-09-06 14:26:48,Research Wing,Ground,AI Research Lab,Fans,0.205,0.205
2026-09-06 14:26:48,Research Wing,Ground,AI Research Lab,Server Units,5.039,5.039
2026-09-06 14:26:48,Research Wing,Ground,Server Room,AC,4.061,4.061
2026-09-06 14:26:48,Research Wing,Ground,Server Room,Computers,2.036,2.036
2026-09-06 14:26:48,Research Wing,Ground,Server Room,Lights,0.276,0.276
2026-09-06 14:26:48,Research Wing,Ground,Server Room,Fans,0.177,0.177
2026-09-06 14:26:48,Research Wing,Ground,Server Room,Server Units,4.31,4.31
2026-09-06 15:26:48,Main Block,Ground,Lab 101,AC,4.654,4.654
2026-09-06 15:26:48,Main Block,Ground,Lab 101,Computers,2.055,2.055
2026-09-06 15:26:48,Main Block,Ground,Lab 101,Lights,0.318,0.318
2026-09-06 15:26:48,Main Block,Ground,Lab 101,Fans,0.21,0.21
2026-09-06 15:26:48,Main Block,Ground,Lab 101,Server Units,3.823,3.823
2026-09-06 15:26:48,Main Block,First,Computer Lab 201,AC,5.002,5.002
2026-09-06 15:26:48,Main Block,First,Computer Lab 201,Computers,1.896,1.896
2026-09-06 15:26:48,Main Block,First,Computer Lab 201,Lights,0.279,0.279
2026-09-06 15:26:48,Main Block,First,Computer Lab 201,Fans,0.197,0.197
2026-09-06 15:26:48,Main Block,First,Computer Lab 201,Server Units,4.528,4.528
2026-09-06 15:26:48,Research Wing,Ground,AI Research Lab,AC,4.617,4.617
2026-09-06 15:26:48,Research Wing,Ground,AI Research Lab,Computers,2.207,2.207
2026-09-06 15:26:48,Research Wing,Ground,AI Research Lab,Lights,0.328,0.328
2026-09-06 15:26:48,Research Wing,Ground,AI Research Lab,Fans,0.183,0.183
2026-09-06 15:26:48,Research Wing,Ground,AI Research Lab,Server Units,3.852,3.852
2026-09-06 15:26:48,Research Wing,Ground,Server Room,AC,3.984,3.984
2026-09-06 15:26:48,Research Wing,Ground,Server Room,Computers,1.81,1.81
2026-09-06 15:26:48,Research Wing,Ground,Server Room,Lights,0.301,0.301
2026-09-06 15:26:48,Research Wing,Ground,Server Room,Fans,0.174,0.174
2026-09-06 15:26:48,Research Wing,Ground,Server Room,Server Units,3.985,3.985
2026-09-06 16:26:48,Main Block,Ground,Lab 101,AC,4.761,4.761
2026-09-06 16:26:48,Main Block,Ground,Lab 101,Computers,2.3,2.3
2026-09-06 16:26:48,Main Block,Ground,Lab 101,Lights,0.299,0.299
2026-09-06 16:26:48,Main Block,Ground,Lab 101,Fans,0.184,0.184
2026-09-06 16:26:48,Main Block,Ground,Lab 101,Server Units,3.811,3.811
2026-09-06 16:26:48,Main Block,First,Computer Lab 201,AC,3.838,3.838
2026-09-06 16:26:48,Main Block,First,Computer Lab 201,Computers,2.189,2.189
2026-09-06 16:26:48,Main Block,First,Computer Lab 201,Lights,0.3,0.3
2026-09-06 16:26:48,Main Block,First,Computer Lab 201,Fans,0.206,0.206
2026-09-06 16:26:48,Main Block,First,Computer Lab 201,Server Units,4.849,4.849
2026-09-06 16:26:48,Research Wing,Ground,AI Research Lab,AC,3.937,3.937
2026-09-06 16:26:48,Research Wing,Ground,AI Research Lab,Computers,2.157,2.157
2026-09-06 16:26:48,Research Wing,Ground,AI Research Lab,Lights,0.28,0.28
2026-09-06 16:26:48,Research Wing,Ground,AI Research Lab,Fans,0.176,0.176
2026-09-06 16:26:48,Research Wing,Ground,AI Research Lab,Server Units,4.72,4.72
2026-09-06 16:26:48,Research Wing,Ground,Server Room,AC,4.567,4.567
2026-09-06 16:26:48,Research Wing,Ground,Server Room,Computers,1.769,1.769
2026-09-06 16:26:48,Research Wing,Ground,Server Room,Lights,0.329,0.329
2026-09-06 16:26:48,Research Wing,Ground,Server Room,Fans,0.214,0.214
2026-09-06 16:26:48,Research Wing,Ground,Server Room,Server Units,4.689,4.689
2026-09-06 17:26:48,Main Block,Ground,Lab 101,AC,5.161,5.161
2026-09-06 17:26:48,Main Block,Ground,Lab 101,Computers,2.198,2.198
2026-09-06 17:26:48,Main Block,Ground,Lab 101,Lights,0.282,0.282
2026-09-06 17:26:48,Main Block,Ground,Lab 101,Fans,0.192,0.192
2026-09-06 17:26:48,Main Block,Ground,Lab 101,Server Units,4.818,4.818
2026-09-06 17:26:48,Main Block,First,Computer Lab 201,AC,5.167,5.167
2026-09-06 17:26:48,Main Block,First,Computer Lab 201,Computers,1.842,1.842
2026-09-06 17:26:48,Main Block,First,Computer Lab 201,Lights,0.308,0.308
2026-09-06 17:26:48,Main Block,First,Computer Lab 201,Fans,0.207,0.207
2026-09-06 17:26:48,Main Block,First,Computer Lab 201,Server Units,3.959,3.959
2026-09-06 17:26:48,Research Wing,Ground,AI Research Lab,AC,4.104,4.104
2026-09-06 17:26:48,Research Wing,Ground,AI Research Lab,Computers,1.736,1.736
2026-09-06 17:26:48,Research Wing,Ground,AI Research Lab,Lights,0.28,0.28
2026-09-06 17:26:48,Research Wing,Ground,AI Research Lab,Fans,0.185,0.185
2026-09-06 17:26:48,Research Wing,Ground,AI Research Lab,Server Units,4.122,4.122
2026-09-06 17:26:48,Research Wing,Ground,Server Room,AC,4.983,4.983
2026-09-06 17:26:48,Research Wing,Ground,Server Room,Computers,2.108,2.108
2026-09-06 17:26:48,Research Wing,Ground,Server Room,Lights,0.342,0.342
2026-09-06 17:26:48,Research Wing,Ground,Server Room,Fans,0.219,0.219
2026-09-06 17:26:48,Research Wing,Ground,Server Room,Server Units,4.885,4.885
2026-09-06 18:26:48,Main Block,Ground,Lab 101,AC,4.994,4.994
2026-09-06 18:26:48,Main Block,Ground,Lab 101,Computers,2.127,2.127
2026-09-06 18:26:48,Main Block,Ground,Lab 101,Lights,0.324,0.324
2026-09-06 18:26:48,Main Block,Ground,Lab 101,Fans,0.194,0.194
2026-09-06 18:26:48,Main Block,Ground,Lab 101,Server Units,4.095,4.095
2026-09-06 18:26:48,Main Block,First,Computer Lab 201,AC,4.435,4.435
2026-09-06 18:26:48,Main Block,First,Computer Lab 201,Computers,2.228,2.228
2026-09-06 18:26:48,Main Block,First,Computer Lab 201,Lights,0.301,0.301
2026-09-06 18:26:48,Main Block,First,Computer Lab 201,Fans,0.221,0.221
2026-09-06 18:26:48,Main Block,First,Computer Lab 201,Server Units,4.994,4.994
2026-09-06 18:26:48,Research Wing,Ground,AI Research Lab,AC,3.828,3.828
2026-09-06 18:26:48,Research Wing,Ground,AI Research Lab,Computers,2.14,2.14
2026-09-06 18:26:48,Research Wing,Ground,AI Research Lab,Lights,0.296,0.296
2026-09-06 18:26:48,Research Wing,Ground,AI Research Lab,Fans,0.187,0.187
2026-09-06 18:26:48,Research Wing,Ground,AI Research Lab,Server Units,4.445,4.445
2026-09-06 18:26:48,Research Wing,Ground,Server Room,AC,4.405,4.405
2026-09-06 18:26:48,Research Wing,Ground,Server Room,Computers,1.861,1.861
2026-09-06 18:26:48,Research Wing,Ground,Server Room,Lights,0.285,0.285
2026-09-06 18:26:48,Research Wing,Ground,Server Room,Fans,0.199,0.199
2026-09-06 18:26:48,Research Wing,Ground,Server Room,Server Units,4.194,4.194
2026-09-06 19:26:48,Main Block,Ground,Lab 101,AC,0.25,0.25
2026-09-06 19:26:48,Main Block,Ground,Lab 101,Computers,0.08,0.08
2026-09-06 19:26:48,Main Block,Ground,Lab 101,Lights,0.02,0.02
2026-09-06 19:26:48,Main Block,Ground,Lab 101,Fans,0.015,0.015
2026-09-06 19:26:48,Main Block,Ground,Lab 101,Server Units,3.904,3.904
2026-09-06 19:26:48,Main Block,First,Computer Lab 201,AC,0.25,0.25
2026-09-06 19:26:48,Main Block,First,Computer Lab 201,Computers,0.24,0.24
2026-09-06 19:26:48,Main Block,First,Computer Lab 201,Lights,0.02,0.02
2026-09-06 19:26:48,Main Block,First,Computer Lab 201,Fans,0.015,0.015
2026-09-06 19:26:48,Main Block,First,Computer Lab 201,Server Units,4.649,4.649
2026-09-06 19:26:48,Research Wing,Ground,AI Research Lab,AC,0.25,0.25
2026-09-06 19:26:48,Research Wing,Ground,AI Research Lab,Computers,0.08,0.08
2026-09-06 19:26:48,Research Wing,Ground,AI Research Lab,Lights,0.02,0.02
2026-09-06 19:26:48,Research Wing,Ground,AI Research Lab,Fans,0.015,0.015
2026-09-06 19:26:48,Research Wing,Ground,AI Research Lab,Server Units,4.604,4.604
2026-09-06 19:26:48,Research Wing,Ground,Server Room,AC,0.25,0.25
2026-09-06 19:26:48,Research Wing,Ground,Server Room,Computers,0.08,0.08
2026-09-06 19:26:48,Research Wing,Ground,Server Room,Lights,0.02,0.02
2026-09-06 19:26:48,Research Wing,Ground,Server Room,Fans,0.015,0.015
2026-09-06 19:26:48,Research Wing,Ground,Server Room,Server Units,4.143,4.143
2026-09-06 20:26:48,Main Block,Ground,Lab 101,AC,0.25,0.25
2026-09-06 20:26:48,Main Block,Ground,Lab 101,Computers,0.08,0.08
2026-09-06 20:26:48,Main Block,Ground,Lab 101,Lights,0.02,0.02
2026-09-06 20:26:48,Main Block,Ground,Lab 101,Fans,0.045,0.045
2026-09-06 20:26:48,Main Block,Ground,Lab 101,Server Units,4.369,4.369
2026-09-06 20:26:48,Main Block,First,Computer Lab 201,AC,0.25,0.25
2026-09-06 20:26:48,Main Block,First,Computer Lab 201,Computers,0.08,0.08
2026-09-06 20:26:48,Main Block,First,Computer Lab 201,Lights,0.06,0.06
2026-09-06 20:26:48,Main Block,First,Computer Lab 201,Fans,0.015,0.015
2026-09-06 20:26:48,Main Block,First,Computer Lab 201,Server Units,4.819,4.819
2026-09-06 20:26:48,Research Wing,Ground,AI Research Lab,AC,0.25,0.25
2026-09-06 20:26:48,Research Wing,Ground,AI Research Lab,Computers,0.08,0.08
2026-09-06 20:26:48,Research Wing,Ground,AI Research Lab,Lights,0.02,0.02
2026-09-06 20:26:48,Research Wing,Ground,AI Research Lab,Fans,0.015,0.015
2026-09-06 20:26:48,Research Wing,Ground,AI Research Lab,Server Units,4.705,4.705
2026-09-06 20:26:48,Research Wing,Ground,Server Room,AC,0.25,0.25
2026-09-06 20:26:48,Research Wing,Ground,Server Room,Computers,0.08,0.08
2026-09-06 20:26:48,Research Wing,Ground,Server Room,Lights,0.02,0.02
2026-09-06 20:26:48,Research Wing,Ground,Server Room,Fans,0.015,0.015
2026-09-06 20:26:48,Research Wing,Ground,Server Room,Server Units,4.734,4.734
2026-09-06 21:26:48,Main Block,Ground,Lab 101,AC,0.25,0.25
2026-09-06 21:26:48,Main Block,Ground,Lab 101,Computers,0.08,0.08
2026-09-06 21:26:48,Main Block,Ground,Lab 101,Lights,0.02,0.02
2026-09-06 21:26:48,Main Block,Ground,Lab 101,Fans,0.045,0.045
2026-09-06 21:26:48,Main Block,Ground,Lab 101,Server Units,4.598,4.598
2026-09-06 21:26:48,Main Block,First,Computer Lab 201,AC,0.25,0.25
2026-09-06 21:26:48,Main Block,First,Computer Lab 201,Computers,0.08,0.08
2026-09-06 21:26:48,Main Block,First,Computer Lab 201,Lights,0.02,0.02
2026-09-06 21:26:48,Main Block,First,Computer Lab 201,Fans,0.015,0.015
2026-09-06 21:26:48,Main Block,First,Computer Lab 201,Server Units,4.646,4.646
2026-09-06 21:26:48,Research Wing,Ground,AI Research Lab,AC,0.25,0.25
2026-09-06 21:26:48,Research Wing,Ground,AI Research Lab,Computers,0.08,0.08
2026-09-06 21:26:48,Research Wing,Ground,AI Research Lab,Lights,0.02,0.02
2026-09-06 21:26:48,Research Wing,Ground,AI Research Lab,Fans,0.015,0.015
2026-09-06 21:26:48,Research Wing,Ground,AI Research Lab,Server Units,4.247,4.247
2026-09-06 21:26:48,Research Wing,Ground,Server Room,AC,0.25,0.25
2026-09-06 21:26:48,Research Wing,Ground,Server Room,Computers,0.08,0.08
2026-09-06 21:26:48,Research Wing,Ground,Server Room,Lights,0.02,0.02
2026-09-06 21:26:48,Research Wing,Ground,Server Room,Fans,0.015,0.015
2026-09-06 21:26:48,Research Wing,Ground,Server Room,Server Units,4.47,4.47
2026-09-06 22:26:48,Main Block,Ground,Lab 101,AC,0.25,0.25
2026-09-06 22:26:48,Main Block,Ground,Lab 101,Computers,0.08,0.08
2026-09-06 22:26:48,Main Block,Ground,Lab 101,Lights,0.02,0.02
2026-09-06 22:26:48,Main Block,Ground,Lab 101,Fans,0.015,0.015
2026-09-06 22:26:48,Main Block,Ground,Lab 101,Server Units,4.609,4.609
2026-09-06 22:26:48,Main Block,First,Computer Lab 201,AC,0.25,0.25
2026-09-06 22:26:48,Main Block,First,Computer Lab 201,Computers,0.08,0.08
2026-09-06 22:26:48,Main Block,First,Computer Lab 201,Lights,0.02,0.02
2026-09-06 22:26:48,Main Block,First,Computer Lab 201,Fans,0.015,0.015
2026-09-06 22:26:48,Main Block,First,Computer Lab 201,Server Units,3.812,3.812
2026-09-06 22:26:48,Research Wing,Ground,AI Research Lab,AC,0.25,0.25
2026-09-06 22:26:48,Research Wing,Ground,AI Research Lab,Computers,0.08,0.08
2026-09-06 22:26:48,Research Wing,Ground,AI Research Lab,Lights,0.02,0.02
2026-09-06 22:26:48,Research Wing,Ground,AI Research Lab,Fans,0.015,0.015
2026-09-06 22:26:48,Research Wing,Ground,AI Research Lab,Server Units,4.524,4.524
2026-09-06 22:26:48,Research Wing,Ground,Server Room,AC,0.25,0.25
2026-09-06 22:26:48,Research Wing,Ground,Server Room,Computers,0.08,0.08
2026-09-06 22:26:48,Research Wing,Ground,Server Room,Lights,0.02,0.02
2026-09-06 22:26:48,Research Wing,Ground,Server Room,Fans,0.015,0.015
2026-09-06 22:26:48,Research Wing,Ground,Server Room,Server Units,4.876,4.876
2026-09-06 23:26:48,Main Block,Ground,Lab 101,AC,0.25,0.25
2026-09-06 23:26:48,Main Block,Ground,Lab 101,Computers,0.08,0.08
2026-09-06 23:26:48,Main Block,Ground,Lab 101,Lights,0.02,0.02
2026-09-06 23:26:48,Main Block,Ground,Lab 101,Fans,0.015,0.015
2026-09-06 23:26:48,Main Block,Ground,Lab 101,Server Units,14.271,14.271
2026-09-06 23:26:48,Main Block,First,Computer Lab 201,AC,0.25,0.25
2026-09-06 23:26:48,Main Block,First,Computer Lab 201,Computers,0.08,0.08
2026-09-06 23:26:48,Main Block,First,Computer Lab 201,Lights,0.02,0.02
2026-09-06 23:26:48,Main Block,First,Computer Lab 201,Fans,0.015,0.015
2026-09-06 23:26:48,Main Block,First,Computer Lab 201,Server Units,4.782,4.782
2026-09-06 23:26:48,Research Wing,Ground,AI Research Lab,AC,0.25,0.25
2026-09-06 23:26:48,Research Wing,Ground,AI Research Lab,Computers,0.08,0.08
2026-09-06 23:26:48,Research Wing,Ground,AI Research Lab,Lights,0.02,0.02
2026-09-06 23:26:48,Research Wing,Ground,AI Research Lab,Fans,0.015,0.015
2026-09-06 23:26:48,Research Wing,Ground,AI Research Lab,Server Units,3.849,3.849
2026-09-06 23:26:48,Research Wing,Ground,Server Room,AC,0.25,0.25
2026-09-06 23:26:48,Research Wing,Ground,Server Room,Computers,0.08,0.08
2026-09-06 23:26:48,Research Wing,Ground,Server Room,Lights,0.02,0.02
2026-09-06 23:26:48,Research Wing,Ground,Server Room,Fans,0.015,0.015
2026-09-06 23:26:48,Research Wing,Ground,Server Room,Server Units,4.008,4.008
2026-09-07 00:26:48,Main Block,Ground,Lab 101,AC,0.25,0.25
2026-09-07 00:26:48,Main Block,Ground,Lab 101,Computers,0.08,0.08
2026-09-07 00:26:48,Main Block,Ground,Lab 101,Lights,0.02,0.02
2026-09-07 00:26:48,Main Block,Ground,Lab 101,Fans,0.015,0.015
2026-09-07 00:26:48,Main Block,Ground,Lab 101,Server Units,4.639,4.639
2026-09-07 00:26:48,Main Block,First,Computer Lab 201,AC,0.25,0.25
2026-09-07 00:26:48,Main Block,First,Computer Lab 201,Computers,0.08,0.08
2026-09-07 00:26:48,Main Block,First,Computer Lab 201,Lights,0.02,0.02
2026-09-07 00:26:48,Main Block,First,Computer Lab 201,Fans,0.015,0.015
2026-09-07 00:26:48,Main Block,First,Computer Lab 201,Server Units,3.854,3.854
2026-09-07 00:26:48,Research Wing,Ground,AI Research Lab,AC,0.25,0.25
2026-09-07 00:26:48,Research Wing,Ground,AI Research Lab,Computers,0.08,0.08
2026-09-07 00:26:48,Research Wing,Ground,AI Research Lab,Lights,0.02,0.02
2026-09-07 00:26:48,Research Wing,Ground,AI Research Lab,Fans,0.015,0.015
2026-09-07 00:26:48,Research Wing,Ground,AI Research Lab,Server Units,4.718,4.718
2026-09-07 00:26:48,Research Wing,Ground,Server Room,AC,0.25,0.25
2026-09-07 00:26:48,Research Wing,Ground,Server Room,Computers,0.08,0.08
2026-09-07 00:26:48,Research Wing,Ground,Server Room,Lights,0.02,0.02
2026-09-07 00:26:48,Research Wing,Ground,Server Room,Fans,0.015,0.015
2026-09-07 00:26:48,Research Wing,Ground,Server Room,Server Units,4.43,4.43
2026-09-07 01:26:48,Main Block,Ground,Lab 101,AC,0.25,0.25
2026-09-07 01:26:48,Main Block,Ground,Lab 101,Computers,0.08,0.08
2026-09-07 01:26:48,Main Block,Ground,Lab 101,Lights,0.02,0.02
2026-09-07 01:26:48,Main Block,Ground,Lab 101,Fans,0.015,0.015
2026-09-07 01:26:48,Main Block,Ground,Lab 101,Server Units,4.095,4.095
2026-09-07 01:26:48,Main Block,First,Computer Lab 201,AC,0.25,0.25
2026-09-07 01:26:48,Main Block,First,Computer Lab 201,Computers,0.08,0.08
2026-09-07 01:26:48,Main Block,First,Computer Lab 201,Lights,0.02,0.02
2026-09-07 01:26:48,Main Block,First,Computer Lab 201,Fans,0.015,0.015
2026-09-07 01:26:48,Main Block,First,Computer Lab 201,Server Units,3.824,3.824
2026-09-07 01:26:48,Research Wing,Ground,AI Research Lab,AC,0.25,0.25
2026-09-07 01:26:48,Research Wing,Ground,AI Research Lab,Computers,0.08,0.08
2026-09-07 01:26:48,Research Wing,Ground,AI Research Lab,Lights,0.02,0.02
2026-09-07 01:26:48,Research Wing,Ground,AI Research Lab,Fans,0.015,0.015
2026-09-07 01:26:48,Research Wing,Ground,AI Research Lab,Server Units,4.399,4.399
2026-09-07 01:26:48,Research Wing,Ground,Server Room,AC,0.25,0.25
2026-09-07 01:26:48,Research Wing,Ground,Server Room,Computers,0.08,0.08
2026-09-07 01:26:48,Research Wing,Ground,Server Room,Lights,0.02,0.02
2026-09-07 01:26:48,Research Wing,Ground,Server Room,Fans,0.015,0.015
2026-09-07 01:26:48,Research Wing,Ground,Server Room,Server Units,4.694,4.694
2026-09-07 02:26:48,Main Block,Ground,Lab 101,AC,0.25,0.25
2026-09-07 02:26:48,Main Block,Ground,Lab 101,Computers,0.08,0.08
2026-09-07 02:26:48,Main Block,Ground,Lab 101,Lights,0.02,0.02
2026-09-07 02:26:48,Main Block,Ground,Lab 101,Fans,0.015,0.015
2026-09-07 02:26:48,Main Block,Ground,Lab 101,Server Units,4.363,4.363
2026-09-07 02:26:48,Main Block,First,Computer Lab 201,AC,0.25,0.25
2026-09-07 02:26:48,Main Block,First,Computer Lab 201,Computers,0.08,0.08
2026-09-07 02:26:48,Main Block,First,Computer Lab 201,Lights,0.02,0.02
2026-09-07 02:26:48,Main Block,First,Computer Lab 201,Fans,0.015,0.015
2026-09-07 02:26:48,Main Block,First,Computer Lab 201,Server Units,4.946,4.946
2026-09-07 02:26:48,Research Wing,Ground,AI Research Lab,AC,0.25,0.25
2026-09-07 02:26:48,Research Wing,Ground,AI Research Lab,Computers,0.08,0.08
2026-09-07 02:26:48,Research Wing,Ground,AI Research Lab,Lights,0.02,0.02
2026-09-07 02:26:48,Research Wing,Ground,AI Research Lab,Fans,0.015,0.015
2026-09-07 02:26:48,Research Wing,Ground,AI Research Lab,Server Units,4.098,4.098
2026-09-07 02:26:48,Research Wing,Ground,Server Room,AC,0.25,0.25
2026-09-07 02:26:48,Research Wing,Ground,Server Room,Computers,0.08,0.08
2026-09-07 02:26:48,Research Wing,Ground,Server Room,Lights,0.02,0.02
2026-09-07 02:26:48,Research Wing,Ground,Server Room,Fans,0.015,0.015
2026-09-07 02:26:48,Research Wing,Ground,Server Room,Server Units,4.802,4.802
2026-09-07 03:26:48,Main Block,Ground,Lab 101,AC,0.25,0.25
2026-09-07 03:26:48,Main Block,Ground,Lab 101,Computers,0.08,0.08
2026-09-07 03:26:48,Main Block,Ground,Lab 101,Lights,0.02,0.02
2026-09-07 03:26:48,Main Block,Ground,Lab 101,Fans,0.015,0.015
2026-09-07 03:26:48,Main Block,Ground,Lab 101,Server Units,4.855,4.855
2026-09-07 03:26:48,Main Block,First,Computer Lab 201,AC,0.25,0.25
2026-09-07 03:26:48,Main Block,First,Computer Lab 201,Computers,0.24,0.24
2026-09-07 03:26:48,Main Block,First,Computer Lab 201,Lights,0.02,0.02
2026-09-07 03:26:48,Main Block,First,Computer Lab 201,Fans,0.015,0.015
2026-09-07 03:26:48,Main Block,First,Computer Lab 201,Server Units,4.141,4.141
2026-09-07 03:26:48,Research Wing,Ground,AI Research Lab,AC,0.25,0.25
2026-09-07 03:26:48,Research Wing,Ground,AI Research Lab,Computers,0.08,0.08
2026-09-07 03:26:48,Research Wing,Ground,AI Research Lab,Lights,0.02,0.02
2026-09-07 03:26:48,Research Wing,Ground,AI Research Lab,Fans,0.015,0.015
2026-09-07 03:26:48,Research Wing,Ground,AI Research Lab,Server Units,3.998,3.998
2026-09-07 03:26:48,Research Wing,Ground,Server Room,AC,0.25,0.25
2026-09-07 03:26:48,Research Wing,Ground,Server Room,Computers,0.08,0.08
2026-09-07 03:26:48,Research Wing,Ground,Server Room,Lights,0.06,0.06
2026-09-07 03:26:48,Research Wing,Ground,Server Room,Fans,0.015,0.015
2026-09-07 03:26:48,Research Wing,Ground,Server Room,Server Units,4.048,4.048
2026-09-07 04:26:48,Main Block,Ground,Lab 101,AC,0.25,0.25
2026-09-07 04:26:48,Main Block,Ground,Lab 101,Computers,0.08,0.08
2026-09-07 04:26:48,Main Block,Ground,Lab 101,Lights,0.02,0.02
2026-09-07 04:26:48,Main Block,Ground,Lab 101,Fans,0.045,0.045
2026-09-07 04:26:48,Main Block,Ground,Lab 101,Server Units,4.608,4.608
2026-09-07 04:26:48,Main Block,First,Computer Lab 201,AC,0.25,0.25
2026-09-07 04:26:48,Main Block,First,Computer Lab 201,Computers,0.08,0.08
2026-09-07 04:26:48,Main Block,First,Computer Lab 201,Lights,0.02,0.02
2026-09-07 04:26:48,Main Block,First,Computer Lab 201,Fans,0.015,0.015
2026-09-07 04:26:48,Main Block,First,Computer Lab 201,Server Units,4.389,4.389
2026-09-07 04:26:48,Research Wing,Ground,AI Research Lab,AC,0.25,0.25
2026-09-07 04:26:48,Research Wing,Ground,AI Research Lab,Computers,0.08,0.08
2026-09-07 04:26:48,Research Wing,Ground,AI Research Lab,Lights,0.02,0.02
2026-09-07 04:26:48,Research Wing,Ground,AI Research Lab,Fans,0.015,0.015
2026-09-07 04:26:48,Research Wing,Ground,AI Research Lab,Server Units,4.924,4.924
2026-09-07 04:26:48,Research Wing,Ground,Server Room,AC,0.25,0.25
2026-09-07 04:26:48,Research Wing,Ground,Server Room,Computers,0.08,0.08
2026-09-07 04:26:48,Research Wing,Ground,Server Room,Lights,0.02,0.02
2026-09-07 04:26:48,Research Wing,Ground,Server Room,Fans,0.015,0.015
2026-09-07 04:26:48,Research Wing,Ground,Server Room,Server Units,3.866,3.866
2026-09-07 05:26:48,Main Block,Ground,Lab 101,AC,0.25,0.25
2026-09-07 05:26:48,Main Block,Ground,Lab 101,Computers,0.08,0.08
2026-09-07 05:26:48,Main Block,Ground,Lab 101,Lights,0.02,0.02
2026-09-07 05:26:48,Main Block,Ground,Lab 101,Fans,0.015,0.015
2026-09-07 05:26:48,Main Block,Ground,Lab 101,Server Units,5.013,5.013
2026-09-07 05:26:48,Main Block,First,Computer Lab 201,AC,0.25,0.25
2026-09-07 05:26:48,Main Block,First,Computer Lab 201,Computers,0.08,0.08
2026-09-07 05:26:48,Main Block,First,Computer Lab 201,Lights,0.02,0.02
2026-09-07 05:26:48,Main Block,First,Computer Lab 201,Fans,0.015,0.015
2026-09-07 05:26:48,Main Block,First,Computer Lab 201,Server Units,4.711,4.711
2026-09-07 05:26:48,Research Wing,Ground,AI Research Lab,AC,0.25,0.25
2026-09-07 05:26:48,Research Wing,Ground,AI Research Lab,Computers,0.08,0.08
2026-09-07 05:26:48,Research Wing,Ground,AI Research Lab,Lights,0.02,0.02
2026-09-07 05:26:48,Research Wing,Ground,AI Research Lab,Fans,0.015,0.015
2026-09-07 05:26:48,Research Wing,Ground,AI Research Lab,Server Units,4.512,4.512
2026-09-07 05:26:48,Research Wing,Ground,Server Room,AC,0.25,0.25
2026-09-07 05:26:48,Research Wing,Ground,Server Room,Computers,0.08,0.08
2026-09-07 05:26:48,Research Wing,Ground,Server Room,Lights,0.02,0.02
2026-09-07 05:26:48,Research Wing,Ground,Server Room,Fans,0.015,0.015
2026-09-07 05:26:48,Research Wing,Ground,Server Room,Server Units,5.013,5.013
2026-09-07 06:26:48,Main Block,Ground,Lab 101,AC,0.25,0.25
2026-09-07 06:26:48,Main Block,Ground,Lab 101,Computers,0.08,0.08
2026-09-07 06:26:48,Main Block,Ground,Lab 101,Lights,0.02,0.02
2026-09-07 06:26:48,Main Block,Ground,Lab 101,Fans,0.015,0.015
2026-09-07 06:26:48,Main Block,Ground,Lab 101,Server Units,4.646,4.646
2026-09-07 06:26:48,Main Block,First,Computer Lab 201,AC,0.25,0.25
2026-09-07 06:26:48,Main Block,First,Computer Lab 201,Computers,0.08,0.08
2026-09-07 06:26:48,Main Block,First,Computer Lab 201,Lights,0.02,0.02
2026-09-07 06:26:48,Main Block,First,Computer Lab 201,Fans,0.015,0.015
2026-09-07 06:26:48,Main Block,First,Computer Lab 201,Server Units,3.86,3.86
2026-09-07 06:26:48,Research Wing,Ground,AI Research Lab,AC,0.25,0.25
2026-09-07 06:26:48,Research Wing,Ground,AI Research Lab,Computers,0.08,0.08
2026-09-07 06:26:48,Research Wing,Ground,AI Research Lab,Lights,0.02,0.02
2026-09-07 06:26:48,Research Wing,Ground,AI Research Lab,Fans,0.015,0.015
2026-09-07 06:26:48,Research Wing,Ground,AI Research Lab,Server Units,5.048,5.048
2026-09-07 06:26:48,Research Wing,Ground,Server Room,AC,0.25,0.25
2026-09-07 06:26:48,Research Wing,Ground,Server Room,Computers,0.08,0.08
2026-09-07 06:26:48,Research Wing,Ground,Server Room,Lights,0.02,0.02
2026-09-07 06:26:48,Research Wing,Ground,Server Room,Fans,0.015,0.015
2026-09-07 06:26:48,Research Wing,Ground,Server Room,Server Units,4.35,4.35
2026-09-07 07:26:48,Main Block,Ground,Lab 101,AC,0.25,0.25
2026-09-07 07:26:48,Main Block,Ground,Lab 101,Computers,0.24,0.24
2026-09-07 07:26:48,Main Block,Ground,Lab 101,Lights,0.02,0.02
2026-09-07 07:26:48,Main Block,Ground,Lab 101,Fans,0.015,0.015
2026-09-07 07:26:48,Main Block,Ground,Lab 101,Server Units,3.913,3.913
2026-09-07 07:26:48,Main Block,First,Computer Lab 201,AC,0.25,0.25
2026-09-07 07:26:48,Main Block,First,Computer Lab 201,Computers,0.08,0.08
2026-09-07 07:26:48,Main Block,First,Computer Lab 201,Lights,0.02,0.02
2026-09-07 07:26:48,Main Block,First,Computer Lab 201,Fans,0.015,0.015
2026-09-07 07:26:48,Main Block,First,Computer Lab 201,Server Units,4.082,4.082
2026-09-07 07:26:48,Research Wing,Ground,AI Research Lab,AC,0.75,0.75
2026-09-07 07:26:48,Research Wing,Ground,AI Research Lab,Computers,0.08,0.08
2026-09-07 07:26:48,Research Wing,Ground,AI Research Lab,Lights,0.02,0.02
2026-09-07 07:26:48,Research Wing,Ground,AI Research Lab,Fans,0.015,0.015
2026-09-07 07:26:48,Research Wing,Ground,AI Research Lab,Server Units,3.91,3.91
2026-09-07 07:26:48,Research Wing,Ground,Server Room,AC,0.25,0.25
2026-09-07 07:26:48,Research Wing,Ground,Server Room,Computers,0.08,0.08
2026-09-07 07:26:48,Research Wing,Ground,Server Room,Lights,0.02,0.02
2026-09-07 07:26:48,Research Wing,Ground,Server Room,Fans,0.015,0.015
2026-09-07 07:26:48,Research Wing,Ground,Server Room,Server Units,3.962,3.962
2026-09-07 08:26:48,Main Block,Ground,Lab 101,AC,4.934,4.934
2026-09-07 08:26:48,Main Block,Ground,Lab 101,Computers,1.718,1.718
2026-09-07 08:26:48,Main Block,Ground,Lab 101,Lights,0.271,0.271
2026-09-07 08:26:48,Main Block,Ground,Lab 101,Fans,0.177,0.177
2026-09-07 08:26:48,Main Block,Ground,Lab 101,Server Units,4.906,4.906
2026-09-07 08:26:48,Main Block,First,Computer Lab 201,AC,4.661,4.661
2026-09-07 08:26:48,Main Block,First,Computer Lab 201,Computers,1.877,1.877
2026-09-07 08:26:48,Main Block,First,Computer Lab 201,Lights,0.305,0.305
2026-09-07 08:26:48,Main Block,First,Computer Lab 201,Fans,0.182,0.182
2026-09-07 08:26:48,Main Block,First,Computer Lab 201,Server Units,4.003,4.003
2026-09-07 08:26:48,Research Wing,Ground,AI Research Lab,AC,4.535,4.535
2026-09-07 08:26:48,Research Wing,Ground,AI Research Lab,Computers,2.181,2.181
2026-09-07 08:26:48,Research Wing,Ground,AI Research Lab,Lights,0.344,0.344
2026-09-07 08:26:48,Research Wing,Ground,AI Research Lab,Fans,0.187,0.187
2026-09-07 08:26:48,Research Wing,Ground,AI Research Lab,Server Units,4.38,4.38
2026-09-07 08:26:48,Research Wing,Ground,Server Room,AC,4.503,4.503
2026-09-07 08:26:48,Research Wing,Ground,Server Room,Computers,1.808,1.808
2026-09-07 08:26:48,Research Wing,Ground,Server Room,Lights,0.275,0.275
2026-09-07 08:26:48,Research Wing,Ground,Server Room,Fans,0.211,0.211
2026-09-07 08:26:48,Research Wing,Ground,Server Room,Server Units,5.049,5.049
2026-09-07 09:26:48,Main Block,Ground,Lab 101,AC,4.86,4.86
2026-09-07 09:26:48,Main Block,Ground,Lab 101,Computers,2.284,2.284
2026-09-07 09:26:48,Main Block,Ground,Lab 101,Lights,0.314,0.314
2026-09-07 09:26:48,Main Block,Ground,Lab 101,Fans,0.214,0.214
2026-09-07 09:26:48,Main Block,Ground,Lab 101,Server Units,3.814,3.814
2026-09-07 09:26:48,Main Block,First,Computer Lab 201,AC,4.121,4.121
2026-09-07 09:26:48,Main Block,First,Computer Lab 201,Computers,2.178,2.178
2026-09-07 09:26:48,Main Block,First,Computer Lab 201,Lights,0.331,0.331
2026-09-07 09:26:48,Main Block,First,Computer Lab 201,Fans,0.176,0.176
2026-09-07 09:26:48,Main Block,First,Computer Lab 201,Server Units,4.804,4.804
2026-09-07 09:26:48,Research Wing,Ground,AI Research Lab,AC,5.059,5.059
2026-09-07 09:26:48,Research Wing,Ground,AI Research Lab,Computers,2.12,2.12
2026-09-07 09:26:48,Research Wing,Ground,AI Research Lab,Lights,0.306,0.306
2026-09-07 09:26:48,Research Wing,Ground,AI Research Lab,Fans,0.177,0.177
2026-09-07 09:26:48,Research Wing,Ground,AI Research Lab,Server Units,4.904,4.904
2026-09-07 09:26:48,Research Wing,Ground,Server Room,AC,4.242,4.242
2026-09-07 09:26:48,Research Wing,Ground,Server Room,Computers,1.754,1.754
2026-09-07 09:26:48,Research Wing,Ground,Server Room,Lights,0.275,0.275
2026-09-07 09:26:48,Research Wing,Ground,Server Room,Fans,0.166,0.166
2026-09-07 09:26:48,Research Wing,Ground,Server Room,Server Units,4.006,4.006
2026-09-07 10:26:48,Main Block,Ground,Lab 101,AC,4.793,4.793
2026-09-07 10:26:48,Main Block,Ground,Lab 101,Computers,2.207,2.207
2026-09-07 10:26:48,Main Block,Ground,Lab 101,Lights,0.257,0.257
2026-09-07 10:26:48,Main Block,Ground,Lab 101,Fans,0.219,0.219
2026-09-07 10:26:48,Main Block,Ground,Lab 101,Server Units,4.857,4.857
2026-09-07 10:26:48,Main Block,First,Computer Lab 201,AC,5.122,5.122
2026-09-07 10:26:48,Main Block,First,Computer Lab 201,Computers,2.265,2.265
2026-09-07 10:26:48,Main Block,First,Computer Lab 201,Lights,0.264,0.264
2026-09-07 10:26:48,Main Block,First,Computer Lab 201,Fans,0.174,0.174
2026-09-07 10:26:48,Main Block,First,Computer Lab 201,Server Units,4.992,4.992
2026-09-07 10:26:48,Research Wing,Ground,AI Research Lab,AC,5.122,5.122
2026-09-07 10:26:48,Research Wing,Ground,AI Research Lab,Computers,1.805,1.805
2026-09-07 10:26:48,Research Wing,Ground,AI Research Lab,Lights,0.317,0.317
2026-09-07 10:26:48,Research Wing,Ground,AI Research Lab,Fans,0.212,0.212
2026-09-07 10:26:48,Research Wing,Ground,AI Research Lab,Server Units,4.517,4.517
2026-09-07 10:26:48,Research Wing,Ground,Server Room,AC,4.239,4.239
2026-09-07 10:26:48,Research Wing,Ground,Server Room,Computers,1.776,1.776
2026-09-07 10:26:48,Research Wing,Ground,Server Room,Lights,0.34,0.34
2026-09-07 10:26:48,Research Wing,Ground,Server Room,Fans,0.189,0.189
2026-09-07 10:26:48,Research Wing,Ground,Server Room,Server Units,5.014,5.014
2026-09-07 11:26:48,Main Block,Ground,Lab 101,AC,4.638,4.638
2026-09-07 11:26:48,Main Block,Ground,Lab 101,Computers,2.281,2.281
2026-09-07 11:26:48,Main Block,Ground,Lab 101,Lights,0.306,0.306
2026-09-07 11:26:48,Main Block,Ground,Lab 101,Fans,0.174,0.174
2026-09-07 11:26:48,Main Block,Ground,Lab 101,Server Units,4.054,4.054
2026-09-07 11:26:48,Main Block,First,Computer Lab 201,AC,4.052,4.052
2026-09-07 11:26:48,Main Block,First,Computer Lab 201,Computers,1.753,1.753
2026-09-07 11:26:48,Main Block,First,Computer Lab 201,Lights,0.313,0.313
2026-09-07 11:26:48,Main Block,First,Computer Lab 201,Fans,0.192,0.192
2026-09-07 11:26:48,Main Block,First,Computer Lab 201,Server Units,4.069,4.069
2026-09-07 11:26:48,Research Wing,Ground,AI Research Lab,AC,4.171,4.171
2026-09-07 11:26:48,Research Wing,Ground,AI Research Lab,Computers,1.701,1.701
2026-09-07 11:26:48,Research Wing,Ground,AI Research Lab,Lights,0.321,0.321
2026-09-07 11:26:48,Research Wing,Ground,AI Research Lab,Fans,0.217,0.217
2026-09-07 11:26:48,Research Wing,Ground,AI Research Lab,Server Units,4.24,4.24
2026-09-07 11:26:48,Research Wing,Ground,Server Room,AC,3.962,3.962
2026-09-07 11:26:48,Research Wing,Ground,Server Room,Computers,2.218,2.218
2026-09-07 11:26:48,Research Wing,Ground,Server Room,Lights,0.317,0.317
2026-09-07 11:26:48,Research Wing,Ground,Server Room,Fans,0.17,0.17
2026-09-07 11:26:48,Research Wing,Ground,Server Room,Server Units,4.129,4.129
2026-09-07 12:26:48,Main Block,Ground,Lab 101,AC,5.11,5.11
2026-09-07 12:26:48,Main Block,Ground,Lab 101,Computers,1.802,1.802
2026-09-07 12:26:48,Main Block,Ground,Lab 101,Lights,0.321,0.321
2026-09-07 12:26:48,Main Block,Ground,Lab 101,Fans,0.218,0.218
2026-09-07 12:26:48,Main Block,Ground,Lab 101,Server Units,4.524,4.524
2026-09-07 12:26:48,Main Block,First,Computer Lab 201,AC,4.477,4.477
2026-09-07 12:26:48,Main Block,First,Computer Lab 201,Computers,2.265,2.265
2026-09-07 12:26:48,Main Block,First,Computer Lab 201,Lights,0.335,0.335
2026-09-07 12:26:48,Main Block,First,Computer Lab 201,Fans,0.172,0.172
2026-09-07 12:26:48,Main Block,First,Computer Lab 201,Server Units,3.991,3.991
2026-09-07 12:26:48,Research Wing,Ground,AI Research Lab,AC,4.8,4.8
2026-09-07 12:26:48,Research Wing,Ground,AI Research Lab,Computers,1.859,1.859
2026-09-07 12:26:48,Research Wing,Ground,AI Research Lab,Lights,0.276,0.276
2026-09-07 12:26:48,Research Wing,Ground,AI Research Lab,Fans,0.199,0.199
2026-09-07 12:26:48,Research Wing,Ground,AI Research Lab,Server Units,3.943,3.943
2026-09-07 12:26:48,Research Wing,Ground,Server Room,AC,4.402,4.402
2026-09-07 12:26:48,Research Wing,Ground,Server Room,Computers,2.097,2.097
2026-09-07 12:26:48,Research Wing,Ground,Server Room,Lights,0.273,0.273
2026-09-07 12:26:48,Research Wing,Ground,Server Room,Fans,0.176,0.176
2026-09-07 12:26:48,Research Wing,Ground,Server Room,Server Units,3.848,3.848
2026-09-07 13:26:48,Main Block,Ground,Lab 101,AC,4.241,4.241
2026-09-07 13:26:48,Main Block,Ground,Lab 101,Computers,1.993,1.993
2026-09-07 13:26:48,Main Block,Ground,Lab 101,Lights,0.263,0.263
2026-09-07 13:26:48,Main Block,Ground,Lab 101,Fans,0.177,0.177
2026-09-07 13:26:48,Main Block,Ground,Lab 101,Server Units,4.228,4.228
2026-09-07 13:26:48,Main Block,First,Computer Lab 201,AC,4.18,4.18
2026-09-07 13:26:48,Main Block,First,Computer Lab 201,Computers,1.836,1.836
2026-09-07 13:26:48,Main Block,First,Computer Lab 201,Lights,0.261,0.261
2026-09-07 13:26:48,Main Block,First,Computer Lab 201,Fans,0.205,0.205
2026-09-07 13:26:48,Main Block,First,Computer Lab 201,Server Units,4.194,4.194
2026-09-07 13:26:48,Research Wing,Ground,AI Research Lab,AC,5.135,5.135
2026-09-07 13:26:48,Research Wing,Ground,AI Research Lab,Computers,2.032,2.032
2026-09-07 13:26:48,Research Wing,Ground,AI Research Lab,Lights,0.329,0.329
2026-09-07 13:26:48,Research Wing,Ground,AI Research Lab,Fans,0.197,0.197
2026-09-07 13:26:48,Research Wing,Ground,AI Research Lab,Server Units,4.367,4.367
2026-09-07 13:26:48,Research Wing,Ground,Server Room,AC,4.468,4.468
2026-09-07 13:26:48,Research Wing,Ground,Server Room,Computers,2.242,2.242
2026-09-07 13:26:48,Research Wing,Ground,Server Room,Lights,0.3,0.3
2026-09-07 13:26:48,Research Wing,Ground,Server Room,Fans,0.213,0.213
2026-09-07 13:26:48,Research Wing,Ground,Server Room,Server Units,4.559,4.559
2026-09-07 14:26:48,Main Block,Ground,Lab 101,AC,4.847,4.847
2026-09-07 14:26:48,Main Block,Ground,Lab 101,Computers,2.291,2.291
2026-09-07 14:26:48,Main Block,Ground,Lab 101,Lights,0.328,0.328
2026-09-07 14:26:48,Main Block,Ground,Lab 101,Fans,0.191,0.191
2026-09-07 14:26:48,Main Block,Ground,Lab 101,Server Units,4.315,4.315
2026-09-07 14:26:48,Main Block,First,Computer Lab 201,AC,4.672,4.672
2026-09-07 14:26:48,Main Block,First,Computer Lab 201,Computers,1.855,1.855
2026-09-07 14:26:48,Main Block,First,Computer Lab 201,Lights,0.337,0.337
2026-09-07 14:26:48,Main Block,First,Computer Lab 201,Fans,0.188,0.188
2026-09-07 14:26:48,Main Block,First,Computer Lab 201,Server Units,4.17,4.17
2026-09-07 14:26:48,Research Wing,Ground,AI Research Lab,AC,4.444,4.444
2026-09-07 14:26:48,Research Wing,Ground,AI Research Lab,Computers,2.172,2.172
2026-09-07 14:26:48,Research Wing,Ground,AI Research Lab,Lights,0.302,0.302
2026-09-07 14:26:48,Research Wing,Ground,AI Research Lab,Fans,0.19,0.19
2026-09-07 14:26:48,Research Wing,Ground,AI Research Lab,Server Units,4.516,4.516
2026-09-07 14:26:48,Research Wing,Ground,Server Room,AC,5.094,5.094
2026-09-07 14:26:48,Research Wing,Ground,Server Room,Computers,2.038,2.038
2026-09-07 14:26:48,Research Wing,Ground,Server Room,Lights,0.281,0.281
2026-09-07 14:26:48,Research Wing,Ground,Server Room,Fans,0.186,0.186
2026-09-07 14:26:48,Research Wing,Ground,Server Room,Server Units,4.246,4.246
2026-09-07 15:26:48,Main Block,Ground,Lab 101,AC,4.647,4.647
2026-09-07 15:26:48,Main Block,Ground,Lab 101,Computers,1.865,1.865
2026-09-07 15:26:48,Main Block,Ground,Lab 101,Lights,0.31,0.31
2026-09-07 15:26:48,Main Block,Ground,Lab 101,Fans,0.168,0.168
2026-09-07 15:26:48,Main Block,Ground,Lab 101,Server Units,4.178,4.178
2026-09-07 15:26:48,Main Block,First,Computer Lab 201,AC,4.832,4.832
2026-09-07 15:26:48,Main Block,First,Computer Lab 201,Computers,6.715,6.715
2026-09-07 15:26:48,Main Block,First,Computer Lab 201,Lights,0.329,0.329
2026-09-07 15:26:48,Main Block,First,Computer Lab 201,Fans,0.182,0.182
2026-09-07 15:26:48,Main Block,First,Computer Lab 201,Server Units,4.659,4.659
2026-09-07 15:26:48,Research Wing,Ground,AI Research Lab,AC,4.998,4.998
2026-09-07 15:26:48,Research Wing,Ground,AI Research Lab,Computers,2.285,2.285
2026-09-07 15:26:48,Research Wing,Ground,AI Research Lab,Lights,0.329,0.329
2026-09-07 15:26:48,Research Wing,Ground,AI Research Lab,Fans,0.19,0.19
2026-09-07 15:26:48,Research Wing,Ground,AI Research Lab,Server Units,3.988,3.988
2026-09-07 15:26:48,Research Wing,Ground,Server Room,AC,4.937,4.937
2026-09-07 15:26:48,Research Wing,Ground,Server Room,Computers,2.156,2.156
2026-09-07 15:26:48,Research Wing,Ground,Server Room,Lights,0.329,0.329
2026-09-07 15:26:48,Research Wing,Ground,Server Room,Fans,0.175,0.175
2026-09-07 15:26:48,Research Wing,Ground,Server Room,Server Units,4.409,4.409
2026-09-07 16:26:48,Main Block,Ground,Lab 101,AC,4.974,4.974
2026-09-07 16:26:48,Main Block,Ground,Lab 101,Computers,1.717,1.717
2026-09-07 16:26:48,Main Block,Ground,Lab 101,Lights,0.33,0.33
2026-09-07 16:26:48,Main Block,Ground,Lab 101,Fans,0.18,0.18
2026-09-07 16:26:48,Main Block,Ground,Lab 101,Server Units,4.952,4.952
2026-09-07 16:26:48,Main Block,First,Computer Lab 201,AC,4.195,4.195
2026-09-07 16:26:48,Main Block,First,Computer Lab 201,Computers,2.003,2.003
2026-09-07 16:26:48,Main Block,First,Computer Lab 201,Lights,0.266,0.266
2026-09-07 16:26:48,Main Block,First,Computer Lab 201,Fans,0.188,0.188
2026-09-07 16:26:48,Main Block,First,Computer Lab 201,Server Units,3.974,3.974
2026-09-07 16:26:48,Research Wing,Ground,AI Research Lab,AC,4.617,4.617
2026-09-07 16:26:48,Research Wing,Ground,AI Research Lab,Computers,1.798,1.798
2026-09-07 16:26:48,Research Wing,Ground,AI Research Lab,Lights,0.322,0.322
2026-09-07 16:26:48,Research Wing,Ground,AI Research Lab,Fans,0.182,0.182
2026-09-07 16:26:48,Research Wing,Ground,AI Research Lab,Server Units,3.955,3.955
2026-09-07 16:26:48,Research Wing,Ground,Server Room,AC,5.128,5.128
2026-09-07 16:26:48,Research Wing,Ground,Server Room,Computers,2.088,2.088
2026-09-07 16:26:48,Research Wing,Ground,Server Room,Lights,0.279,0.279
2026-09-07 16:26:48,Research Wing,Ground,Server Room,Fans,0.167,0.167
2026-09-07 16:26:48,Research Wing,Ground,Server Room,Server Units,14.26,14.26
2026-09-07 17:26:48,Main Block,Ground,Lab 101,AC,5.056,5.056
2026-09-07 17:26:48,Main Block,Ground,Lab 101,Computers,6.182,6.182
2026-09-07 17:26:48,Main Block,Ground,Lab 101,Lights,0.278,0.278
2026-09-07 17:26:48,Main Block,Ground,Lab 101,Fans,0.184,0.184
2026-09-07 17:26:48,Main Block,Ground,Lab 101,Server Units,4.588,4.588
2026-09-07 17:26:48,Main Block,First,Computer Lab 201,AC,4.333,4.333
2026-09-07 17:26:48,Main Block,First,Computer Lab 201,Computers,1.851,1.851
2026-09-07 17:26:48,Main Block,First,Computer Lab 201,Lights,0.316,0.316
2026-09-07 17:26:48,Main Block,First,Computer Lab 201,Fans,0.189,0.189
2026-09-07 17:26:48,Main Block,First,Computer Lab 201,Server Units,4.415,4.415
2026-09-07 17:26:48,Research Wing,Ground,AI Research Lab,AC,4.963,4.963
2026-09-07 17:26:48,Research Wing,Ground,AI Research Lab,Computers,2.088,2.088
2026-09-07 17:26:48,Research Wing,Ground,AI Research Lab,Lights,0.282,0.282
2026-09-07 17:26:48,Research Wing,Ground,AI Research Lab,Fans,0.169,0.169
2026-09-07 17:26:48,Research Wing,Ground,AI Research Lab,Server Units,4.586,4.586
2026-09-07 17:26:48,Research Wing,Ground,Server Room,AC,4.178,4.178
2026-09-07 17:26:48,Research Wing,Ground,Server Room,Computers,2.235,2.235
2026-09-07 17:26:48,Research Wing,Ground,Server Room,Lights,0.268,0.268
2026-09-07 17:26:48,Research Wing,Ground,Server Room,Fans,0.218,0.218
2026-09-07 17:26:48,Research Wing,Ground,Server Room,Server Units,4.799,4.799
2026-09-07 18:26:48,Main Block,Ground,Lab 101,AC,4.717,4.717
2026-09-07 18:26:48,Main Block,Ground,Lab 101,Computers,2.133,2.133
2026-09-07 18:26:48,Main Block,Ground,Lab 101,Lights,0.345,0.345
2026-09-07 18:26:48,Main Block,Ground,Lab 101,Fans,0.19,0.19
2026-09-07 18:26:48,Main Block,Ground,Lab 101,Server Units,3.787,3.787
2026-09-07 18:26:48,Main Block,First,Computer Lab 201,AC,4.597,4.597
2026-09-07 18:26:48,Main Block,First,Computer Lab 201,Computers,2.136,2.136
2026-09-07 18:26:48,Main Block,First,Computer Lab 201,Lights,0.303,0.303
2026-09-07 18:26:48,Main Block,First,Computer Lab 201,Fans,0.219,0.219
2026-09-07 18:26:48,Main Block,First,Computer Lab 201,Server Units,4.41,4.41
2026-09-07 18:26:48,Research Wing,Ground,AI Research Lab,AC,4.96,4.96
2026-09-07 18:26:48,Research Wing,Ground,AI Research Lab,Computers,1.809,1.809
2026-09-07 18:26:48,Research Wing,Ground,AI Research Lab,Lights,0.267,0.267
2026-09-07 18:26:48,Research Wing,Ground,AI Research Lab,Fans,0.213,0.213
2026-09-07 18:26:48,Research Wing,Ground,AI Research Lab,Server Units,3.982,3.982
2026-09-07 18:26:48,Research Wing,Ground,Server Room,AC,4.278,4.278
2026-09-07 18:26:48,Research Wing,Ground,Server Room,Computers,1.913,1.913
2026-09-07 18:26:48,Research Wing,Ground,Server Room,Lights,0.283,0.283
2026-09-07 18:26:48,Research Wing,Ground,Server Room,Fans,0.185,0.185
2026-09-07 18:26:48,Research Wing,Ground,Server Room,Server Units,4.128,4.128
2026-09-07 19:26:48,Main Block,Ground,Lab 101,AC,0.25,0.25
2026-09-07 19:26:48,Main Block,Ground,Lab 101,Computers,0.08,0.08
2026-09-07 19:26:48,Main Block,Ground,Lab 101,Lights,0.02,0.02
2026-09-07 19:26:48,Main Block,Ground,Lab 101,Fans,0.015,0.015
2026-09-07 19:26:48,Main Block,Ground,Lab 101,Server Units,3.834,3.834
2026-09-07 19:26:48,Main Block,First,Computer Lab 201,AC,0.25,0.25
2026-09-07 19:26:48,Main Block,First,Computer Lab 201,Computers,0.08,0.08
2026-09-07 19:26:48,Main Block,First,Computer Lab 201,Lights,0.02,0.02
2026-09-07 19:26:48,Main Block,First,Computer Lab 201,Fans,0.015,0.015
2026-09-07 19:26:48,Main Block,First,Computer Lab 201,Server Units,3.811,3.811
2026-09-07 19:26:48,Research Wing,Ground,AI Research Lab,AC,0.25,0.25
2026-09-07 19:26:48,Research Wing,Ground,AI Research Lab,Computers,0.08,0.08
2026-09-07 19:26:48,Research Wing,Ground,AI Research Lab,Lights,0.02,0.02
2026-09-07 19:26:48,Research Wing,Ground,AI Research Lab,Fans,0.015,0.015
2026-09-07 19:26:48,Research Wing,Ground,AI Research Lab,Server Units,4.937,4.937
2026-09-07 19:26:48,Research Wing,Ground,Server Room,AC,0.25,0.25
2026-09-07 19:26:48,Research Wing,Ground,Server Room,Computers,0.08,0.08
2026-09-07 19:26:48,Research Wing,Ground,Server Room,Lights,0.02,0.02
2026-09-07 19:26:48,Research Wing,Ground,Server Room,Fans,0.015,0.015
2026-09-07 19:26:48,Research Wing,Ground,Server Room,Server Units,4.573,4.573
2026-09-07 20:26:48,Main Block,Ground,Lab 101,AC,0.25,0.25
2026-09-07 20:26:48,Main Block,Ground,Lab 101,Computers,0.24,0.24
2026-09-07 20:26:48,Main Block,Ground,Lab 101,Lights,0.02,0.02
2026-09-07 20:26:48,Main Block,Ground,Lab 101,Fans,0.015,0.015
2026-09-07 20:26:48,Main Block,Ground,Lab 101,Server Units,3.963,3.963
2026-09-07 20:26:48,Main Block,First,Computer Lab 201,AC,0.25,0.25
2026-09-07 20:26:48,Main Block,First,Computer Lab 201,Computers,0.08,0.08
2026-09-07 20:26:48,Main Block,First,Computer Lab 201,Lights,0.02,0.02
2026-09-07 20:26:48,Main Block,First,Computer Lab 201,Fans,0.015,0.015
2026-09-07 20:26:48,Main Block,First,Computer Lab 201,Server Units,4.576,4.576
2026-09-07 20:26:48,Research Wing,Ground,AI Research Lab,AC,0.25,0.25
2026-09-07 20:26:48,Research Wing,Ground,AI Research Lab,Computers,0.08,0.08
2026-09-07 20:26:48,Research Wing,Ground,AI Research Lab,Lights,0.02,0.02
2026-09-07 20:26:48,Research Wing,Ground,AI Research Lab,Fans,0.015,0.015
2026-09-07 20:26:48,Research Wing,Ground,AI Research Lab,Server Units,12.697,12.697
2026-09-07 20:26:48,Research Wing,Ground,Server Room,AC,0.25,0.25
2026-09-07 20:26:48,Research Wing,Ground,Server Room,Computers,0.08,0.08
2026-09-07 20:26:48,Research Wing,Ground,Server Room,Lights,0.02,0.02
2026-09-07 20:26:48,Research Wing,Ground,Server Room,Fans,0.015,0.015
2026-09-07 20:26:48,Research Wing,Ground,Server Room,Server Units,4.567,4.567
2026-09-07 21:26:48,Main Block,Ground,Lab 101,AC,0.25,0.25
2026-09-07 21:26:48,Main Block,Ground,Lab 101,Computers,0.08,0.08
2026-09-07 21:26:48,Main Block,Ground,Lab 101,Lights,0.02,0.02
2026-09-07 21:26:48,Main Block,Ground,Lab 101,Fans,0.015,0.015
2026-09-07 21:26:48,Main Block,Ground,Lab 101,Server Units,4.517,4.517
2026-09-07 21:26:48,Main Block,First,Computer Lab 201,AC,0.25,0.25
2026-09-07 21:26:48,Main Block,First,Computer Lab 201,Computers,0.08,0.08
2026-09-07 21:26:48,Main Block,First,Computer Lab 201,Lights,0.02,0.02
2026-09-07 21:26:48,Main Block,First,Computer Lab 201,Fans,0.015,0.015
2026-09-07 21:26:48,Main Block,First,Computer Lab 201,Server Units,4.527,4.527
2026-09-07 21:26:48,Research Wing,Ground,AI Research Lab,AC,0.25,0.25
2026-09-07 21:26:48,Research Wing,Ground,AI Research Lab,Computers,0.08,0.08
2026-09-07 21:26:48,Research Wing,Ground,AI Research Lab,Lights,0.02,0.02
2026-09-07 21:26:48,Research Wing,Ground,AI Research Lab,Fans,0.015,0.015
2026-09-07 21:26:48,Research Wing,Ground,AI Research Lab,Server Units,4.214,4.214
2026-09-07 21:26:48,Research Wing,Ground,Server Room,AC,0.25,0.25
2026-09-07 21:26:48,Research Wing,Ground,Server Room,Computers,0.08,0.08
2026-09-07 21:26:48,Research Wing,Ground,Server Room,Lights,0.02,0.02
2026-09-07 21:26:48,Research Wing,Ground,Server Room,Fans,0.015,0.015
2026-09-07 21:26:48,Research Wing,Ground,Server Room,Server Units,4.7,4.7
2026-09-07 22:26:48,Main Block,Ground,Lab 101,AC,0.25,0.25
2026-09-07 22:26:48,Main Block,Ground,Lab 101,Computers,0.08,0.08
2026-09-07 22:26:48,Main Block,Ground,Lab 101,Lights,0.02,0.02
2026-09-07 22:26:48,Main Block,Ground,Lab 101,Fans,0.015,0.015
2026-09-07 22:26:48,Main Block,Ground,Lab 101,Server Units,4.599,4.599
2026-09-07 22:26:48,Main Block,First,Computer Lab 201,AC,0.25,0.25
2026-09-07 22:26:48,Main Block,First,Computer Lab 201,Computers,0.08,0.08
2026-09-07 22:26:48,Main Block,First,Computer Lab 201,Lights,0.02,0.02
2026-09-07 22:26:48,Main Block,First,Computer Lab 201,Fans,0.015,0.015
2026-09-07 22:26:48,Main Block,First,Computer Lab 201,Server Units,5.053,5.053
2026-09-07 22:26:48,Research Wing,Ground,AI Research Lab,AC,0.25,0.25
2026-09-07 22:26:48,Research Wing,Ground,AI Research Lab,Computers,0.24,0.24
2026-09-07 22:26:48,Research Wing,Ground,AI Research Lab,Lights,0.02,0.02
2026-09-07 22:26:48,Research Wing,Ground,AI Research Lab,Fans,0.015,0.015
2026-09-07 22:26:48,Research Wing,Ground,AI Research Lab,Server Units,4.242,4.242
2026-09-07 22:26:48,Research Wing,Ground,Server Room,AC,0.25,0.25
2026-09-07 22:26:48,Research Wing,Ground,Server Room,Computers,0.08,0.08
2026-09-07 22:26:48,Research Wing,Ground,Server Room,Lights,0.02,0.02
2026-09-07 22:26:48,Research Wing,Ground,Server Room,Fans,0.015,0.015
2026-09-07 22:26:48,Research Wing,Ground,Server Room,Server Units,4.137,4.137
2026-09-07 23:26:48,Main Block,Ground,Lab 101,AC,0.25,0.25
2026-09-07 23:26:48,Main Block,Ground,Lab 101,Computers,0.08,0.08
2026-09-07 23:26:48,Main Block,Ground,Lab 101,Lights,0.02,0.02
2026-09-07 23:26:48,Main Block,Ground,Lab 101,Fans,0.015,0.015
2026-09-07 23:26:48,Main Block,Ground,Lab 101,Server Units,4.836,4.836
2026-09-07 23:26:48,Main Block,First,Computer Lab 201,AC,0.25,0.25
2026-09-07 23:26:48,Main Block,First,Computer Lab 201,Computers,0.08,0.08
2026-09-07 23:26:48,Main Block,First,Computer Lab 201,Lights,0.02,0.02
2026-09-07 23:26:48,Main Block,First,Computer Lab 201,Fans,0.015,0.015
2026-09-07 23:26:48,Main Block,First,Computer Lab 201,Server Units,4.002,4.002
2026-09-07 23:26:48,Research Wing,Ground,AI Research Lab,AC,0.25,0.25
2026-09-07 23:26:48,Research Wing,Ground,AI Research Lab,Computers,0.08,0.08
2026-09-07 23:26:48,Research Wing,Ground,AI Research Lab,Lights,0.02,0.02
2026-09-07 23:26:48,Research Wing,Ground,AI Research Lab,Fans,0.015,0.015
2026-09-07 23:26:48,Research Wing,Ground,AI Research Lab,Server Units,4.13,4.13
2026-09-07 23:26:48,Research Wing,Ground,Server Room,AC,0.25,0.25
2026-09-07 23:26:48,Research Wing,Ground,Server Room,Computers,0.08,0.08
2026-09-07 23:26:48,Research Wing,Ground,Server Room,Lights,0.02,0.02
2026-09-07 23:26:48,Research Wing,Ground,Server Room,Fans,0.015,0.015
2026-09-07 23:26:48,Research Wing,Ground,Server Room,Server Units,3.744,3.744
2026-09-08 00:26:48,Main Block,Ground,Lab 101,AC,0.25,0.25
2026-09-08 00:26:48,Main Block,Ground,Lab 101,Computers,0.08,0.08
2026-09-08 00:26:48,Main Block,Ground,Lab 101,Lights,0.02,0.02
2026-09-08 00:26:48,Main Block,Ground,Lab 101,Fans,0.015,0.015
2026-09-08 00:26:48,Main Block,Ground,Lab 101,Server Units,3.859,3.859
2026-09-08 00:26:48,Main Block,First,Computer Lab 201,AC,0.25,0.25
2026-09-08 00:26:48,Main Block,First,Computer Lab 201,Computers,0.08,0.08
2026-09-08 00:26:48,Main Block,First,Computer Lab 201,Lights,0.02,0.02
2026-09-08 00:26:48,Main Block,First,Computer Lab 201,Fans,0.015,0.015
2026-09-08 00:26:48,Main Block,First,Computer Lab 201,Server Units,5.045,5.045
2026-09-08 00:26:48,Research Wing,Ground,AI Research Lab,AC,0.25,0.25
2026-09-08 00:26:48,Research Wing,Ground,AI Research Lab,Computers,0.08,0.08
2026-09-08 00:26:48,Research Wing,Ground,AI Research Lab,Lights,0.02,0.02
2026-09-08 00:26:48,Research Wing,Ground,AI Research Lab,Fans,0.015,0.015
2026-09-08 00:26:48,Research Wing,Ground,AI Research Lab,Server Units,4.124,4.124
2026-09-08 00:26:48,Research Wing,Ground,Server Room,AC,0.25,0.25
2026-09-08 00:26:48,Research Wing,Ground,Server Room,Computers,0.08,0.08
2026-09-08 00:26:48,Research Wing,Ground,Server Room,Lights,0.02,0.02
2026-09-08 00:26:48,Research Wing,Ground,Server Room,Fans,0.015,0.015
2026-09-08 00:26:48,Research Wing,Ground,Server Room,Server Units,3.801,3.801
2026-09-08 01:26:48,Main Block,Ground,Lab 101,AC,0.25,0.25
2026-09-08 01:26:48,Main Block,Ground,Lab 101,Computers,0.08,0.08
2026-09-08 01:26:48,Main Block,Ground,Lab 101,Lights,0.02,0.02
2026-09-08 01:26:48,Main Block,Ground,Lab 101,Fans,0.015,0.015
2026-09-08 01:26:48,Main Block,Ground,Lab 101,Server Units,4.561,4.561
2026-09-08 01:26:48,Main Block,First,Computer Lab 201,AC,0.25,0.25
2026-09-08 01:26:48,Main Block,First,Computer Lab 201,Computers,0.08,0.08
2026-09-08 01:26:48,Main Block,First,Computer Lab 201,Lights,0.02,0.02
2026-09-08 01:26:48,Main Block,First,Computer Lab 201,Fans,0.015,0.015
2026-09-08 01:26:48,Main Block,First,Computer Lab 201,Server Units,5.01,5.01
2026-09-08 01:26:48,Research Wing,Ground,AI Research Lab,AC,0.25,0.25
2026-09-08 01:26:48,Research Wing,Ground,AI Research Lab,Computers,0.08,0.08
2026-09-08 01:26:48,Research Wing,Ground,AI Research Lab,Lights,0.02,0.02
2026-09-08 01:26:48,Research Wing,Ground,AI Research Lab,Fans,0.015,0.015
2026-09-08 01:26:48,Research Wing,Ground,AI Research Lab,Server Units,4.792,4.792
2026-09-08 01:26:48,Research Wing,Ground,Server Room,AC,0.25,0.25
2026-09-08 01:26:48,Research Wing,Ground,Server Room,Computers,0.08,0.08
2026-09-08 01:26:48,Research Wing,Ground,Server Room,Lights,0.02,0.02
2026-09-08 01:26:48,Research Wing,Ground,Server Room,Fans,0.015,0.015
2026-09-08 01:26:48,Research Wing,Ground,Server Room,Server Units,4.289,4.289
2026-09-08 02:26:48,Main Block,Ground,Lab 101,AC,0.25,0.25
2026-09-08 02:26:48,Main Block,Ground,Lab 101,Computers,0.08,0.08
2026-09-08 02:26:48,Main Block,Ground,Lab 101,Lights,0.02,0.02
2026-09-08 02:26:48,Main Block,Ground,Lab 101,Fans,0.015,0.015
2026-09-08 02:26:48,Main Block,Ground,Lab 101,Server Units,4.213,4.213
2026-09-08 02:26:48,Main Block,First,Computer Lab 201,AC,0.25,0.25
2026-09-08 02:26:48,Main Block,First,Computer Lab 201,Computers,0.08,0.08
2026-09-08 02:26:48,Main Block,First,Computer Lab 201,Lights,0.02,0.02
2026-09-08 02:26:48,Main Block,First,Computer Lab 201,Fans,0.015,0.015
2026-09-08 02:26:48,Main Block,First,Computer Lab 201,Server Units,4.955,4.955
2026-09-08 02:26:48,Research Wing,Ground,AI Research Lab,AC,0.25,0.25
2026-09-08 02:26:48,Research Wing,Ground,AI Research Lab,Computers,0.08,0.08
2026-09-08 02:26:48,Research Wing,Ground,AI Research Lab,Lights,0.02,0.02
2026-09-08 02:26:48,Research Wing,Ground,AI Research Lab,Fans,0.015,0.015
2026-09-08 02:26:48,Research Wing,Ground,AI Research Lab,Server Units,4.67,4.67
2026-09-08 02:26:48,Research Wing,Ground,Server Room,AC,0.25,0.25
2026-09-08 02:26:48,Research Wing,Ground,Server Room,Computers,0.08,0.08
2026-09-08 02:26:48,Research Wing,Ground,Server Room,Lights,0.02,0.02
2026-09-08 02:26:48,Research Wing,Ground,Server Room,Fans,0.015,0.015
2026-09-08 02:26:48,Research Wing,Ground,Server Room,Server Units,4.624,4.624
2026-09-08 03:26:48,Main Block,Ground,Lab 101,AC,0.25,0.25
2026-09-08 03:26:48,Main Block,Ground,Lab 101,Computers,0.08,0.08
2026-09-08 03:26:48,Main Block,Ground,Lab 101,Lights,0.02,0.02
2026-09-08 03:26:48,Main Block,Ground,Lab 101,Fans,0.015,0.015
2026-09-08 03:26:48,Main Block,Ground,Lab 101,Server Units,4.068,4.068
2026-09-08 03:26:48,Main Block,First,Computer Lab 201,AC,0.25,0.25
2026-09-08 03:26:48,Main Block,First,Computer Lab 201,Computers,0.08,0.08
2026-09-08 03:26:48,Main Block,First,Computer Lab 201,Lights,0.02,0.02
2026-09-08 03:26:48,Main Block,First,Computer Lab 201,Fans,0.015,0.015
2026-09-08 03:26:48,Main Block,First,Computer Lab 201,Server Units,5.044,5.044
2026-09-08 03:26:48,Research Wing,Ground,AI Research Lab,AC,0.25,0.25
2026-09-08 03:26:48,Research Wing,Ground,AI Research Lab,Computers,0.08,0.08
2026-09-08 03:26:48,Research Wing,Ground,AI Research Lab,Lights,0.02,0.02
2026-09-08 03:26:48,Research Wing,Ground,AI Research Lab,Fans,0.015,0.015
2026-09-08 03:26:48,Research Wing,Ground,AI Research Lab,Server Units,4.888,4.888
2026-09-08 03:26:48,Research Wing,Ground,Server Room,AC,0.25,0.25
2026-09-08 03:26:48,Research Wing,Ground,Server Room,Computers,0.08,0.08
2026-09-08 03:26:48,Research Wing,Ground,Server Room,Lights,0.02,0.02
2026-09-08 03:26:48,Research Wing,Ground,Server Room,Fans,0.015,0.015
2026-09-08 03:26:48,Research Wing,Ground,Server Room,Server Units,4.034,4.034
2026-09-08 04:26:48,Main Block,Ground,Lab 101,AC,0.25,0.25
2026-09-08 04:26:48,Main Block,Ground,Lab 101,Computers,0.08,0.08
2026-09-08 04:26:48,Main Block,Ground,Lab 101,Lights,0.02,0.02
2026-09-08 04:26:48,Main Block,Ground,Lab 101,Fans,0.015,0.015
2026-09-08 04:26:48,Main Block,Ground,Lab 101,Server Units,4.331,4.331
2026-09-08 04:26:48,Main Block,First,Computer Lab 201,AC,0.25,0.25
2026-09-08 04:26:48,Main Block,First,Computer Lab 201,Computers,0.08,0.08
2026-09-08 04:26:48,Main Block,First,Computer Lab 201,Lights,0.02,0.02
2026-09-08 04:26:48,Main Block,First,Computer Lab 201,Fans,0.015,0.015
2026-09-08 04:26:48,Main Block,First,Computer Lab 201,Server Units,3.875,3.875
2026-09-08 04:26:48,Research Wing,Ground,AI Research Lab,AC,0.25,0.25
2026-09-08 04:26:48,Research Wing,Ground,AI Research Lab,Computers,0.24,0.24
2026-09-08 04:26:48,Research Wing,Ground,AI Research Lab,Lights,0.02,0.02
2026-09-08 04:26:48,Research Wing,Ground,AI Research Lab,Fans,0.015,0.015
2026-09-08 04:26:48,Research Wing,Ground,AI Research Lab,Server Units,4.557,4.557
2026-09-08 04:26:48,Research Wing,Ground,Server Room,AC,0.25,0.25
2026-09-08 04:26:48,Research Wing,Ground,Server Room,Computers,0.08,0.08
2026-09-08 04:26:48,Research Wing,Ground,Server Room,Lights,0.02,0.02
2026-09-08 04:26:48,Research Wing,Ground,Server Room,Fans,0.015,0.015
2026-09-08 04:26:48,Research Wing,Ground,Server Room,Server Units,4.22,4.22
2026-09-08 05:26:48,Main Block,Ground,Lab 101,AC,0.25,0.25
2026-09-08 05:26:48,Main Block,Ground,Lab 101,Computers,0.08,0.08
2026-09-08 05:26:48,Main Block,Ground,Lab 101,Lights,0.02,0.02
2026-09-08 05:26:48,Main Block,Ground,Lab 101,Fans,0.015,0.015
2026-09-08 05:26:48,Main Block,Ground,Lab 101,Server Units,4.365,4.365
2026-09-08 05:26:48,Main Block,First,Computer Lab 201,AC,0.25,0.25
2026-09-08 05:26:48,Main Block,First,Computer Lab 201,Computers,0.08,0.08
2026-09-08 05:26:48,Main Block,First,Computer Lab 201,Lights,0.02,0.02
2026-09-08 05:26:48,Main Block,First,Computer Lab 201,Fans,0.015,0.015
2026-09-08 05:26:48,Main Block,First,Computer Lab 201,Server Units,4.191,4.191
2026-09-08 05:26:48,Research Wing,Ground,AI Research Lab,AC,0.25,0.25
2026-09-08 05:26:48,Research Wing,Ground,AI Research Lab,Computers,0.08,0.08
2026-09-08 05:26:48,Research Wing,Ground,AI Research Lab,Lights,0.02,0.02
2026-09-08 05:26:48,Research Wing,Ground,AI Research Lab,Fans,0.015,0.015
2026-09-08 05:26:48,Research Wing,Ground,AI Research Lab,Server Units,3.8,3.8
2026-09-08 05:26:48,Research Wing,Ground,Server Room,AC,0.25,0.25
2026-09-08 05:26:48,Research Wing,Ground,Server Room,Computers,0.08,0.08
2026-09-08 05:26:48,Research Wing,Ground,Server Room,Lights,0.02,0.02
2026-09-08 05:26:48,Research Wing,Ground,Server Room,Fans,0.015,0.015
2026-09-08 05:26:48,Research Wing,Ground,Server Room,Server Units,4.546,4.546
2026-09-08 06:26:48,Main Block,Ground,Lab 101,AC,0.25,0.25
2026-09-08 06:26:48,Main Block,Ground,Lab 101,Computers,0.08,0.08
2026-09-08 06:26:48,Main Block,Ground,Lab 101,Lights,0.02,0.02
2026-09-08 06:26:48,Main Block,Ground,Lab 101,Fans,0.015,0.015
2026-09-08 06:26:48,Main Block,Ground,Lab 101,Server Units,4.686,4.686
2026-09-08 06:26:48,Main Block,First,Computer Lab 201,AC,0.25,0.25
2026-09-08 06:26:48,Main Block,First,Computer Lab 201,Computers,0.08,0.08
2026-09-08 06:26:48,Main Block,First,Computer Lab 201,Lights,0.02,0.02
2026-09-08 06:26:48,Main Block,First,Computer Lab 201,Fans,0.015,0.015
2026-09-08 06:26:48,Main Block,First,Computer Lab 201,Server Units,4.759,4.759
2026-09-08 06:26:48,Research Wing,Ground,AI Research Lab,AC,0.25,0.25
2026-09-08 06:26:48,Research Wing,Ground,AI Research Lab,Computers,0.08,0.08
2026-09-08 06:26:48,Research Wing,Ground,AI Research Lab,Lights,0.02,0.02
2026-09-08 06:26:48,Research Wing,Ground,AI Research Lab,Fans,0.015,0.015
2026-09-08 06:26:48,Research Wing,Ground,AI Research Lab,Server Units,4.44,4.44
2026-09-08 06:26:48,Research Wing,Ground,Server Room,AC,0.25,0.25
2026-09-08 06:26:48,Research Wing,Ground,Server Room,Computers,0.08,0.08
2026-09-08 06:26:48,Research Wing,Ground,Server Room,Lights,0.02,0.02
2026-09-08 06:26:48,Research Wing,Ground,Server Room,Fans,0.015,0.015
2026-09-08 06:26:48,Research Wing,Ground,Server Room,Server Units,4.956,4.956
2026-09-08 07:26:48,Main Block,Ground,Lab 101,AC,0.25,0.25
2026-09-08 07:26:48,Main Block,Ground,Lab 101,Computers,0.08,0.08
2026-09-08 07:26:48,Main Block,Ground,Lab 101,Lights,0.02,0.02
2026-09-08 07:26:48,Main Block,Ground,Lab 101,Fans,0.015,0.015
2026-09-08 07:26:48,Main Block,Ground,Lab 101,Server Units,4.533,4.533
2026-09-08 07:26:48,Main Block,First,Computer Lab 201,AC,0.25,0.25
2026-09-08 07:26:48,Main Block,First,Computer Lab 201,Computers,0.08,0.08
2026-09-08 07:26:48,Main Block,First,Computer Lab 201,Lights,0.02,0.02
2026-09-08 07:26:48,Main Block,First,Computer Lab 201,Fans,0.015,0.015
2026-09-08 07:26:48,Main Block,First,Computer Lab 201,Server Units,4.746,4.746
2026-09-08 07:26:48,Research Wing,Ground,AI Research Lab,AC,0.25,0.25
2026-09-08 07:26:48,Research Wing,Ground,AI Research Lab,Computers,0.08,0.08
2026-09-08 07:26:48,Research Wing,Ground,AI Research Lab,Lights,0.02,0.02
2026-09-08 07:26:48,Research Wing,Ground,AI Research Lab,Fans,0.015,0.015
2026-09-08 07:26:48,Research Wing,Ground,AI Research Lab,Server Units,4.285,4.285
2026-09-08 07:26:48,Research Wing,Ground,Server Room,AC,0.25,0.25
2026-09-08 07:26:48,Research Wing,Ground,Server Room,Computers,0.08,0.08
2026-09-08 07:26:48,Research Wing,Ground,Server Room,Lights,0.02,0.02
2026-09-08 07:26:48,Research Wing,Ground,Server Room,Fans,0.015,0.015
2026-09-08 07:26:48,Research Wing,Ground,Server Room,Server Units,4.68,4.68
2026-09-08 08:26:48,Main Block,Ground,Lab 101,AC,4.679,4.679
2026-09-08 08:26:48,Main Block,Ground,Lab 101,Computers,2.075,2.075
2026-09-08 08:26:48,Main Block,Ground,Lab 101,Lights,0.286,0.286
2026-09-08 08:26:48,Main Block,Ground,Lab 101,Fans,0.223,0.223
2026-09-08 08:26:48,Main Block,Ground,Lab 101,Server Units,5.005,5.005
2026-09-08 08:26:48,Main Block,First,Computer Lab 201,AC,4.762,4.762
2026-09-08 08:26:48,Main Block,First,Computer Lab 201,Computers,1.769,1.769
2026-09-08 08:26:48,Main Block,First,Computer Lab 201,Lights,0.298,0.298
2026-09-08 08:26:48,Main Block,First,Computer Lab 201,Fans,0.205,0.205
2026-09-08 08:26:48,Main Block,First,Computer Lab 201,Server Units,4.727,4.727
2026-09-08 08:26:48,Research Wing,Ground,AI Research Lab,AC,4.211,4.211
2026-09-08 08:26:48,Research Wing,Ground,AI Research Lab,Computers,2.185,2.185
2026-09-08 08:26:48,Research Wing,Ground,AI Research Lab,Lights,0.257,0.257
2026-09-08 08:26:48,Research Wing,Ground,AI Research Lab,Fans,0.205,0.205
2026-09-08 08:26:48,Research Wing,Ground,AI Research Lab,Server Units,4.73,4.73
2026-09-08 08:26:48,Research Wing,Ground,Server Room,AC,4.212,4.212
2026-09-08 08:26:48,Research Wing,Ground,Server Room,Computers,2.204,2.204
2026-09-08 08:26:48,Research Wing,Ground,Server Room,Lights,0.282,0.282
2026-09-08 08:26:48,Research Wing,Ground,Server Room,Fans,0.168,0.168
2026-09-08 08:26:48,Research Wing,Ground,Server Room,Server Units,3.875,3.875
2026-09-08 09:26:48,Main Block,Ground,Lab 101,AC,4.823,4.823
2026-09-08 09:26:48,Main Block,Ground,Lab 101,Computers,2.145,2.145
2026-09-08 09:26:48,Main Block,Ground,Lab 101,Lights,0.276,0.276
2026-09-08 09:26:48,Main Block,Ground,Lab 101,Fans,0.212,0.212
2026-09-08 09:26:48,Main Block,Ground,Lab 101,Server Units,4.617,4.617
2026-09-08 09:26:48,Main Block,First,Computer Lab 201,AC,4.348,4.348
2026-09-08 09:26:48,Main Block,First,Computer Lab 201,Computers,2.285,2.285
2026-09-08 09:26:48,Main Block,First,Computer Lab 201,Lights,0.914,0.914
2026-09-08 09:26:48,Main Block,First,Computer Lab 201,Fans,0.18,0.18
2026-09-08 09:26:48,Main Block,First,Computer Lab 201,Server Units,4.771,4.771
2026-09-08 09:26:48,Research Wing,Ground,AI Research Lab,AC,4.945,4.945
2026-09-08 09:26:48,Research Wing,Ground,AI Research Lab,Computers,2.123,2.123
2026-09-08 09:26:48,Research Wing,Ground,AI Research Lab,Lights,0.323,0.323
2026-09-08 09:26:48,Research Wing,Ground,AI Research Lab,Fans,0.201,0.201
2026-09-08 09:26:48,Research Wing,Ground,AI Research Lab,Server Units,5.013,5.013
2026-09-08 09:26:48,Research Wing,Ground,Server Room,AC,4.065,4.065
2026-09-08 09:26:48,Research Wing,Ground,Server Room,Computers,1.812,1.812
2026-09-08 09:26:48,Research Wing,Ground,Server Room,Lights,0.301,0.301
2026-09-08 09:26:48,Research Wing,Ground,Server Room,Fans,0.191,0.191
2026-09-08 09:26:48,Research Wing,Ground,Server Room,Server Units,3.912,3.912
2026-09-08 10:26:48,Main Block,Ground,Lab 101,AC,4.169,4.169
2026-09-08 10:26:48,Main Block,Ground,Lab 101,Computers,2.126,2.126
2026-09-08 10:26:48,Main Block,Ground,Lab 101,Lights,0.269,0.269
2026-09-08 10:26:48,Main Block,Ground,Lab 101,Fans,0.169,0.169
2026-09-08 10:26:48,Main Block,Ground,Lab 101,Server Units,4.553,4.553
2026-09-08 10:26:48,Main Block,First,Computer Lab 201,AC,4.487,4.487
2026-09-08 10:26:48,Main Block,First,Computer Lab 201,Computers,1.915,1.915
2026-09-08 10:26:48,Main Block,First,Computer Lab 201,Lights,0.284,0.284
2026-09-08 10:26:48,Main Block,First,Computer Lab 201,Fans,0.177,0.177
2026-09-08 10:26:48,Main Block,First,Computer Lab 201,Server Units,4.407,4.407
2026-09-08 10:26:48,Research Wing,Ground,AI Research Lab,AC,4.55,4.55
2026-09-08 10:26:48,Research Wing,Ground,AI Research Lab,Computers,1.833,1.833
2026-09-08 10:26:48,Research Wing,Ground,AI Research Lab,Lights,0.285,0.285
2026-09-08 10:26:48,Research Wing,Ground,AI Research Lab,Fans,0.179,0.179
2026-09-08 10:26:48,Research Wing,Ground,AI Research Lab,Server Units,4.44,4.44
2026-09-08 10:26:48,Research Wing,Ground,Server Room,AC,4.937,4.937
2026-09-08 10:26:48,Research Wing,Ground,Server Room,Computers,1.705,1.705
2026-09-08 10:26:48,Research Wing,Ground,Server Room,Lights,0.295,0.295
2026-09-08 10:26:48,Research Wing,Ground,Server Room,Fans,0.202,0.202
2026-09-08 10:26:48,Research Wing,Ground,Server Room,Server Units,5.006,5.006
2026-09-08 11:26:48,Main Block,Ground,Lab 101,AC,4.258,4.258
2026-09-08 11:26:48,Main Block,Ground,Lab 101,Computers,2.267,2.267
2026-09-08 11:26:48,Main Block,Ground,Lab 101,Lights,0.304,0.304
2026-09-08 11:26:48,Main Block,Ground,Lab 101,Fans,0.219,0.219
2026-09-08 11:26:48,Main Block,Ground,Lab 101,Server Units,4.235,4.235
2026-09-08 11:26:48,Main Block,First,Computer Lab 201,AC,4.427,4.427
2026-09-08 11:26:48,Main Block,First,Computer Lab 201,Computers,2.239,2.239
2026-09-08 11:26:48,Main Block,First,Computer Lab 201,Lights,0.301,0.301
2026-09-08 11:26:48,Main Block,First,Computer Lab 201,Fans,0.176,0.176
2026-09-08 11:26:48,Main Block,First,Computer Lab 201,Server Units,13.35,13.35
2026-09-08 11:26:48,Research Wing,Ground,AI Research Lab,AC,3.913,3.913
2026-09-08 11:26:48,Research Wing,Ground,AI Research Lab,Computers,2.164,2.164
2026-09-08 11:26:48,Research Wing,Ground,AI Research Lab,Lights,0.293,0.293
2026-09-08 11:26:48,Research Wing,Ground,AI Research Lab,Fans,0.197,0.197
2026-09-08 11:26:48,Research Wing,Ground,AI Research Lab,Server Units,5.029,5.029
2026-09-08 11:26:48,Research Wing,Ground,Server Room,AC,4.698,4.698
2026-09-08 11:26:48,Research Wing,Ground,Server Room,Computers,2.148,2.148
2026-09-08 11:26:48,Research Wing,Ground,Server Room,Lights,0.296,0.296
2026-09-08 11:26:48,Research Wing,Ground,Server Room,Fans,0.171,0.171
2026-09-08 11:26:48,Research Wing,Ground,Server Room,Server Units,4.788,4.788
2026-09-08 12:26:48,Main Block,Ground,Lab 101,AC,4.601,4.601
2026-09-08 12:26:48,Main Block,Ground,Lab 101,Computers,1.855,1.855
2026-09-08 12:26:48,Main Block,Ground,Lab 101,Lights,0.312,0.312
2026-09-08 12:26:48,Main Block,Ground,Lab 101,Fans,0.167,0.167
2026-09-08 12:26:48,Main Block,Ground,Lab 101,Server Units,4.446,4.446
2026-09-08 12:26:48,Main Block,First,Computer Lab 201,AC,4.66,4.66
2026-09-08 12:26:48,Main Block,First,Computer Lab 201,Computers,2.051,2.051
2026-09-08 12:26:48,Main Block,First,Computer Lab 201,Lights,0.262,0.262
2026-09-08 12:26:48,Main Block,First,Computer Lab 201,Fans,0.172,0.172
2026-09-08 12:26:48,Main Block,First,Computer Lab 201,Server Units,4.138,4.138
2026-09-08 12:26:48,Research Wing,Ground,AI Research Lab,AC,4.858,4.858
2026-09-08 12:26:48,Research Wing,Ground,AI Research Lab,Computers,1.937,1.937
2026-09-08 12:26:48,Research Wing,Ground,AI Research Lab,Lights,0.298,0.298
2026-09-08 12:26:48,Research Wing,Ground,AI Research Lab,Fans,0.174,0.174
2026-09-08 12:26:48,Research Wing,Ground,AI Research Lab,Server Units,4.793,4.793
2026-09-08 12:26:48,Research Wing,Ground,Server Room,AC,5.121,5.121
2026-09-08 12:26:48,Research Wing,Ground,Server Room,Computers,2.106,2.106
2026-09-08 12:26:48,Research Wing,Ground,Server Room,Lights,0.327,0.327
2026-09-08 12:26:48,Research Wing,Ground,Server Room,Fans,0.188,0.188
2026-09-08 12:26:48,Research Wing,Ground,Server Room,Server Units,4.471,4.471
2026-09-08 13:26:48,Main Block,Ground,Lab 101,AC,11.974,11.974
2026-09-08 13:26:48,Main Block,Ground,Lab 101,Computers,2.058,2.058
2026-09-08 13:26:48,Main Block,Ground,Lab 101,Lights,0.34,0.34
2026-09-08 13:26:48,Main Block,Ground,Lab 101,Fans,0.21,0.21
2026-09-08 13:26:48,Main Block,Ground,Lab 101,Server Units,4.194,4.194
2026-09-08 13:26:48,Main Block,First,Computer Lab 201,AC,4.697,4.697
2026-09-08 13:26:48,Main Block,First,Computer Lab 201,Computers,1.797,1.797
2026-09-08 13:26:48,Main Block,First,Computer Lab 201,Lights,0.33,0.33
2026-09-08 13:26:48,Main Block,First,Computer Lab 201,Fans,0.176,0.176
2026-09-08 13:26:48,Main Block,First,Computer Lab 201,Server Units,4.865,4.865
2026-09-08 13:26:48,Research Wing,Ground,AI Research Lab,AC,5.084,5.084
2026-09-08 13:26:48,Research Wing,Ground,AI Research Lab,Computers,1.977,1.977
2026-09-08 13:26:48,Research Wing,Ground,AI Research Lab,Lights,0.281,0.281
2026-09-08 13:26:48,Research Wing,Ground,AI Research Lab,Fans,0.171,0.171
2026-09-08 13:26:48,Research Wing,Ground,AI Research Lab,Server Units,4.383,4.383
2026-09-08 13:26:48,Research Wing,Ground,Server Room,AC,3.998,3.998
2026-09-08 13:26:48,Research Wing,Ground,Server Room,Computers,1.76,1.76
2026-09-08 13:26:48,Research Wing,Ground,Server Room,Lights,0.336,0.336
2026-09-08 13:26:48,Research Wing,Ground,Server Room,Fans,0.192,0.192
2026-09-08 13:26:48,Research Wing,Ground,Server Room,Server Units,4.143,4.143
2026-09-08 14:26:48,Main Block,Ground,Lab 101,AC,4.588,4.588
2026-09-08 14:26:48,Main Block,Ground,Lab 101,Computers,1.89,1.89
2026-09-08 14:26:48,Main Block,Ground,Lab 101,Lights,0.255,0.255
2026-09-08 14:26:48,Main Block,Ground,Lab 101,Fans,0.179,0.179
2026-09-08 14:26:48,Main Block,Ground,Lab 101,Server Units,4.316,4.316
2026-09-08 14:26:48,Main Block,First,Computer Lab 201,AC,4.006,4.006
2026-09-08 14:26:48,Main Block,First,Computer Lab 201,Computers,2.227,2.227
2026-09-08 14:26:48,Main Block,First,Computer Lab 201,Lights,0.287,0.287
2026-09-08 14:26:48,Main Block,First,Computer Lab 201,Fans,0.198,0.198
2026-09-08 14:26:48,Main Block,First,Computer Lab 201,Server Units,4.541,4.541
2026-09-08 14:26:48,Research Wing,Ground,AI Research Lab,AC,4.984,4.984
2026-09-08 14:26:48,Research Wing,Ground,AI Research Lab,Computers,2.023,2.023
2026-09-08 14:26:48,Research Wing,Ground,AI Research Lab,Lights,0.335,0.335
2026-09-08 14:26:48,Research Wing,Ground,AI Research Lab,Fans,0.51,0.51
2026-09-08 14:26:48,Research Wing,Ground,AI Research Lab,Server Units,4.409,4.409
2026-09-08 14:26:48,Research Wing,Ground,Server Room,AC,4.611,4.611
2026-09-08 14:26:48,Research Wing,Ground,Server Room,Computers,2.054,2.054
2026-09-08 14:26:48,Research Wing,Ground,Server Room,Lights,0.305,0.305
2026-09-08 14:26:48,Research Wing,Ground,Server Room,Fans,0.224,0.224
2026-09-08 14:26:48,Research Wing,Ground,Server Room,Server Units,4.763,4.763
2026-09-08 15:26:48,Main Block,Ground,Lab 101,AC,4.126,4.126
2026-09-08 15:26:48,Main Block,Ground,Lab 101,Computers,2.14,2.14
2026-09-08 15:26:48,Main Block,Ground,Lab 101,Lights,0.297,0.297
2026-09-08 15:26:48,Main Block,Ground,Lab 101,Fans,0.189,0.189
2026-09-08 15:26:48,Main Block,Ground,Lab 101,Server Units,4.615,4.615
2026-09-08 15:26:48,Main Block,First,Computer Lab 201,AC,4.914,4.914
2026-09-08 15:26:48,Main Block,First,Computer Lab 201,Computers,1.8,1.8
2026-09-08 15:26:48,Main Block,First,Computer Lab 201,Lights,0.295,0.295
2026-09-08 15:26:48,Main Block,First,Computer Lab 201,Fans,0.221,0.221
2026-09-08 15:26:48,Main Block,First,Computer Lab 201,Server Units,5.017,5.017
2026-09-08 15:26:48,Research Wing,Ground,AI Research Lab,AC,4.478,4.478
2026-09-08 15:26:48,Research Wing,Ground,AI Research Lab,Computers,1.831,1.831
2026-09-08 15:26:48,Research Wing,Ground,AI Research Lab,Lights,0.261,0.261
2026-09-08 15:26:48,Research Wing,Ground,AI Research Lab,Fans,0.168,0.168
2026-09-08 15:26:48,Research Wing,Ground,AI Research Lab,Server Units,4.938,4.938
2026-09-08 15:26:48,Research Wing,Ground,Server Room,AC,4.459,4.459
2026-09-08 15:26:48,Research Wing,Ground,Server Room,Computers,1.728,1.728
2026-09-08 15:26:48,Research Wing,Ground,Server Room,Lights,0.284,0.284
2026-09-08 15:26:48,Research Wing,Ground,Server Room,Fans,0.196,0.196
2026-09-08 15:26:48,Research Wing,Ground,Server Room,Server Units,4.842,4.842
2026-09-08 16:26:48,Main Block,Ground,Lab 101,AC,4.56,4.56
2026-09-08 16:26:48,Main Block,Ground,Lab 101,Computers,2.092,2.092
2026-09-08 16:26:48,Main Block,Ground,Lab 101,Lights,0.314,0.314
2026-09-08 16:26:48,Main Block,Ground,Lab 101,Fans,0.196,0.196
2026-09-08 16:26:48,Main Block,Ground,Lab 101,Server Units,4.938,4.938
2026-09-08 16:26:48,Main Block,First,Computer Lab 201,AC,4.301,4.301
2026-09-08 16:26:48,Main Block,First,Computer Lab 201,Computers,1.992,1.992
2026-09-08 16:26:48,Main Block,First,Computer Lab 201,Lights,0.309,0.309
2026-09-08 16:26:48,Main Block,First,Computer Lab 201,Fans,0.174,0.174
2026-09-08 16:26:48,Main Block,First,Computer Lab 201,Server Units,3.842,3.842
2026-09-08 16:26:48,Research Wing,Ground,AI Research Lab,AC,4.111,4.111
2026-09-08 16:26:48,Research Wing,Ground,AI Research Lab,Computers,1.917,1.917
2026-09-08 16:26:48,Research Wing,Ground,AI Research Lab,Lights,0.266,0.266
2026-09-08 16:26:48,Research Wing,Ground,AI Research Lab,Fans,0.213,0.213
2026-09-08 16:26:48,Research Wing,Ground,AI Research Lab,Server Units,4.376,4.376
2026-09-08 16:26:48,Research Wing,Ground,Server Room,AC,4.109,4.109
2026-09-08 16:26:48,Research Wing,Ground,Server Room,Computers,6.6,6.6
2026-09-08 16:26:48,Research Wing,Ground,Server Room,Lights,0.259,0.259
2026-09-08 16:26:48,Research Wing,Ground,Server Room,Fans,0.175,0.175
2026-09-08 16:26:48,Research Wing,Ground,Server Room,Server Units,3.792,3.792
2026-09-08 17:26:48,Main Block,Ground,Lab 101,AC,3.9,3.9
2026-09-08 17:26:48,Main Block,Ground,Lab 101,Computers,1.808,1.808
2026-09-08 17:26:48,Main Block,Ground,Lab 101,Lights,0.309,0.309
2026-09-08 17:26:48,Main Block,Ground,Lab 101,Fans,0.167,0.167
2026-09-08 17:26:48,Main Block,Ground,Lab 101,Server Units,4.614,4.614
2026-09-08 17:26:48,Main Block,First,Computer Lab 201,AC,3.941,3.941
2026-09-08 17:26:48,Main Block,First,Computer Lab 201,Computers,2.296,2.296
2026-09-08 17:26:48,Main Block,First,Computer Lab 201,Lights,0.27,0.27
2026-09-08 17:26:48,Main Block,First,Computer Lab 201,Fans,0.201,0.201
2026-09-08 17:26:48,Main Block,First,Computer Lab 201,Server Units,4.823,4.823
2026-09-08 17:26:48,Research Wing,Ground,AI Research Lab,AC,4.716,4.716
2026-09-08 17:26:48,Research Wing,Ground,AI Research Lab,Computers,2.135,2.135
2026-09-08 17:26:48,Research Wing,Ground,AI Research Lab,Lights,0.296,0.296
2026-09-08 17:26:48,Research Wing,Ground,AI Research Lab,Fans,0.179,0.179
2026-09-08 17:26:48,Research Wing,Ground,AI Research Lab,Server Units,3.883,3.883
2026-09-08 17:26:48,Research Wing,Ground,Server Room,AC,4.985,4.985
2026-09-08 17:26:48,Research Wing,Ground,Server Room,Computers,1.952,1.952
2026-09-08 17:26:48,Research Wing,Ground,Server Room,Lights,0.264,0.264
2026-09-08 17:26:48,Research Wing,Ground,Server Room,Fans,0.202,0.202
2026-09-08 17:26:48,Research Wing,Ground,Server Room,Server Units,4.775,4.775
2026-09-08 18:26:48,Main Block,Ground,Lab 101,AC,3.984,3.984
2026-09-08 18:26:48,Main Block,Ground,Lab 101,Computers,1.778,1.778
2026-09-08 18:26:48,Main Block,Ground,Lab 101,Lights,0.329,0.329
2026-09-08 18:26:48,Main Block,Ground,Lab 101,Fans,0.211,0.211
2026-09-08 18:26:48,Main Block,Ground,Lab 101,Server Units,4.429,4.429
2026-09-08 18:26:48,Main Block,First,Computer Lab 201,AC,3.884,3.884
2026-09-08 18:26:48,Main Block,First,Computer Lab 201,Computers,1.838,1.838
2026-09-08 18:26:48,Main Block,First,Computer Lab 201,Lights,0.326,0.326
2026-09-08 18:26:48,Main Block,First,Computer Lab 201,Fans,0.2,0.2
2026-09-08 18:26:48,Main Block,First,Computer Lab 201,Server Units,4.745,4.745
2026-09-08 18:26:48,Research Wing,Ground,AI Research Lab,AC,3.957,3.957
2026-09-08 18:26:48,Research Wing,Ground,AI Research Lab,Computers,1.986,1.986
2026-09-08 18:26:48,Research Wing,Ground,AI Research Lab,Lights,0.332,0.332
2026-09-08 18:26:48,Research Wing,Ground,AI Research Lab,Fans,0.217,0.217
2026-09-08 18:26:48,Research Wing,Ground,AI Research Lab,Server Units,3.99,3.99
2026-09-08 18:26:48,Research Wing,Ground,Server Room,AC,4.891,4.891
2026-09-08 18:26:48,Research Wing,Ground,Server Room,Computers,5.312,5.312
2026-09-08 18:26:48,Research Wing,Ground,Server Room,Lights,0.314,0.314
2026-09-08 18:26:48,Research Wing,Ground,Server Room,Fans,0.184,0.184
2026-09-08 18:26:48,Research Wing,Ground,Server Room,Server Units,3.944,3.944
2026-09-08 19:26:48,Main Block,Ground,Lab 101,AC,0.25,0.25
2026-09-08 19:26:48,Main Block,Ground,Lab 101,Computers,0.08,0.08
2026-09-08 19:26:48,Main Block,Ground,Lab 101,Lights,0.02,0.02
2026-09-08 19:26:48,Main Block,Ground,Lab 101,Fans,0.015,0.015
2026-09-08 19:26:48,Main Block,Ground,Lab 101,Server Units,4.104,4.104
2026-09-08 19:26:48,Main Block,First,Computer Lab 201,AC,0.25,0.25
2026-09-08 19:26:48,Main Block,First,Computer Lab 201,Computers,0.08,0.08
2026-09-08 19:26:48,Main Block,First,Computer Lab 201,Lights,0.02,0.02
2026-09-08 19:26:48,Main Block,First,Computer Lab 201,Fans,0.015,0.015
2026-09-08 19:26:48,Main Block,First,Computer Lab 201,Server Units,4.229,4.229
2026-09-08 19:26:48,Research Wing,Ground,AI Research Lab,AC,0.25,0.25
2026-09-08 19:26:48,Research Wing,Ground,AI Research Lab,Computers,0.08,0.08
2026-09-08 19:26:48,Research Wing,Ground,AI Research Lab,Lights,0.02,0.02
2026-09-08 19:26:48,Research Wing,Ground,AI Research Lab,Fans,0.015,0.015
2026-09-08 19:26:48,Research Wing,Ground,AI Research Lab,Server Units,4.711,4.711
2026-09-08 19:26:48,Research Wing,Ground,Server Room,AC,0.25,0.25
2026-09-08 19:26:48,Research Wing,Ground,Server Room,Computers,0.08,0.08
2026-09-08 19:26:48,Research Wing,Ground,Server Room,Lights,0.02,0.02
2026-09-08 19:26:48,Research Wing,Ground,Server Room,Fans,0.015,0.015
2026-09-08 19:26:48,Research Wing,Ground,Server Room,Server Units,3.954,3.954
2026-09-08 20:26:48,Main Block,Ground,Lab 101,AC,0.25,0.25
2026-09-08 20:26:48,Main Block,Ground,Lab 101,Computers,0.08,0.08
2026-09-08 20:26:48,Main Block,Ground,Lab 101,Lights,0.02,0.02
2026-09-08 20:26:48,Main Block,Ground,Lab 101,Fans,0.015,0.015
2026-09-08 20:26:48,Main Block,Ground,Lab 101,Server Units,4.673,4.673
2026-09-08 20:26:48,Main Block,First,Computer Lab 201,AC,0.25,0.25
2026-09-08 20:26:48,Main Block,First,Computer Lab 201,Computers,0.24,0.24
2026-09-08 20:26:48,Main Block,First,Computer Lab 201,Lights,0.02,0.02
2026-09-08 20:26:48,Main Block,First,Computer Lab 201,Fans,0.015,0.015
2026-09-08 20:26:48,Main Block,First,Computer Lab 201,Server Units,4.962,4.962
2026-09-08 20:26:48,Research Wing,Ground,AI Research Lab,AC,0.25,0.25
2026-09-08 20:26:48,Research Wing,Ground,AI Research Lab,Computers,0.08,0.08
2026-09-08 20:26:48,Research Wing,Ground,AI Research Lab,Lights,0.02,0.02
2026-09-08 20:26:48,Research Wing,Ground,AI Research Lab,Fans,0.015,0.015
2026-09-08 20:26:48,Research Wing,Ground,AI Research Lab,Server Units,4.247,4.247
2026-09-08 20:26:48,Research Wing,Ground,Server Room,AC,0.25,0.25
2026-09-08 20:26:48,Research Wing,Ground,Server Room,Computers,0.08,0.08
2026-09-08 20:26:48,Research Wing,Ground,Server Room,Lights,0.02,0.02
2026-09-08 20:26:48,Research Wing,Ground,Server Room,Fans,0.015,0.015
2026-09-08 20:26:48,Research Wing,Ground,Server Room,Server Units,4.988,4.988
2026-09-08 21:26:48,Main Block,Ground,Lab 101,AC,0.25,0.25
2026-09-08 21:26:48,Main Block,Ground,Lab 101,Computers,0.08,0.08
2026-09-08 21:26:48,Main Block,Ground,Lab 101,Lights,0.02,0.02
2026-09-08 21:26:48,Main Block,Ground,Lab 101,Fans,0.015,0.015
2026-09-08 21:26:48,Main Block,Ground,Lab 101,Server Units,4.801,4.801
2026-09-08 21:26:48,Main Block,First,Computer Lab 201,AC,0.25,0.25
2026-09-08 21:26:48,Main Block,First,Computer Lab 201,Computers,0.08,0.08
2026-09-08 21:26:48,Main Block,First,Computer Lab 201,Lights,0.02,0.02
2026-09-08 21:26:48,Main Block,First,Computer Lab 201,Fans,0.015,0.015
2026-09-08 21:26:48,Main Block,First,Computer Lab 201,Server Units,3.964,3.964
2026-09-08 21:26:48,Research Wing,Ground,AI Research Lab,AC,0.25,0.25
2026-09-08 21:26:48,Research Wing,Ground,AI Research Lab,Computers,0.24,0.24
2026-09-08 21:26:48,Research Wing,Ground,AI Research Lab,Lights,0.02,0.02
2026-09-08 21:26:48,Research Wing,Ground,AI Research Lab,Fans,0.015,0.015
2026-09-08 21:26:48,Research Wing,Ground,AI Research Lab,Server Units,4.769,4.769
2026-09-08 21:26:48,Research Wing,Ground,Server Room,AC,0.25,0.25
2026-09-08 21:26:48,Research Wing,Ground,Server Room,Computers,0.08,0.08
2026-09-08 21:26:48,Research Wing,Ground,Server Room,Lights,0.02,0.02
2026-09-08 21:26:48,Research Wing,Ground,Server Room,Fans,0.015,0.015
2026-09-08 21:26:48,Research Wing,Ground,Server Room,Server Units,3.831,3.831
2026-09-08 22:26:48,Main Block,Ground,Lab 101,AC,0.25,0.25
2026-09-08 22:26:48,Main Block,Ground,Lab 101,Computers,0.08,0.08
2026-09-08 22:26:48,Main Block,Ground,Lab 101,Lights,0.02,0.02
2026-09-08 22:26:48,Main Block,Ground,Lab 101,Fans,0.015,0.015
2026-09-08 22:26:48,Main Block,Ground,Lab 101,Server Units,5.012,5.012
2026-09-08 22:26:48,Main Block,First,Computer Lab 201,AC,0.25,0.25
2026-09-08 22:26:48,Main Block,First,Computer Lab 201,Computers,0.08,0.08
2026-09-08 22:26:48,Main Block,First,Computer Lab 201,Lights,0.02,0.02
2026-09-08 22:26:48,Main Block,First,Computer Lab 201,Fans,0.015,0.015
2026-09-08 22:26:48,Main Block,First,Computer Lab 201,Server Units,4.085,4.085
2026-09-08 22:26:48,Research Wing,Ground,AI Research Lab,AC,0.25,0.25
2026-09-08 22:26:48,Research Wing,Ground,AI Research Lab,Computers,0.08,0.08
2026-09-08 22:26:48,Research Wing,Ground,AI Research Lab,Lights,0.02,0.02
2026-09-08 22:26:48,Research Wing,Ground,AI Research Lab,Fans,0.015,0.015
2026-09-08 22:26:48,Research Wing,Ground,AI Research Lab,Server Units,4.8,4.8
2026-09-08 22:26:48,Research Wing,Ground,Server Room,AC,0.25,0.25
2026-09-08 22:26:48,Research Wing,Ground,Server Room,Computers,0.08,0.08
2026-09-08 22:26:48,Research Wing,Ground,Server Room,Lights,0.02,0.02
2026-09-08 22:26:48,Research Wing,Ground,Server Room,Fans,0.015,0.015
2026-09-08 22:26:48,Research Wing,Ground,Server Room,Server Units,5.015,5.015
2026-09-08 23:26:48,Main Block,Ground,Lab 101,AC,0.25,0.25
2026-09-08 23:26:48,Main Block,Ground,Lab 101,Computers,0.08,0.08
2026-09-08 23:26:48,Main Block,Ground,Lab 101,Lights,0.02,0.02
2026-09-08 23:26:48,Main Block,Ground,Lab 101,Fans,0.015,0.015
2026-09-08 23:26:48,Main Block,Ground,Lab 101,Server Units,4.348,4.348
2026-09-08 23:26:48,Main Block,First,Computer Lab 201,AC,0.25,0.25
2026-09-08 23:26:48,Main Block,First,Computer Lab 201,Computers,0.08,0.08
2026-09-08 23:26:48,Main Block,First,Computer Lab 201,Lights,0.02,0.02
2026-09-08 23:26:48,Main Block,First,Computer Lab 201,Fans,0.015,0.015
2026-09-08 23:26:48,Main Block,First,Computer Lab 201,Server Units,5.052,5.052
2026-09-08 23:26:48,Research Wing,Ground,AI Research Lab,AC,0.25,0.25
2026-09-08 23:26:48,Research Wing,Ground,AI Research Lab,Computers,0.08,0.08
2026-09-08 23:26:48,Research Wing,Ground,AI Research Lab,Lights,0.02,0.02
2026-09-08 23:26:48,Research Wing,Ground,AI Research Lab,Fans,0.015,0.015
2026-09-08 23:26:48,Research Wing,Ground,AI Research Lab,Server Units,3.753,3.753
2026-09-08 23:26:48,Research Wing,Ground,Server Room,AC,0.25,0.25
2026-09-08 23:26:48,Research Wing,Ground,Server Room,Computers,0.08,0.08
2026-09-08 23:26:48,Research Wing,Ground,Server Room,Lights,0.02,0.02
2026-09-08 23:26:48,Research Wing,Ground,Server Room,Fans,0.015,0.015
2026-09-08 23:26:48,Research Wing,Ground,Server Room,Server Units,3.84,3.84
2026-09-09 00:26:48,Main Block,Ground,Lab 101,AC,0.25,0.25
2026-09-09 00:26:48,Main Block,Ground,Lab 101,Computers,0.08,0.08
2026-09-09 00:26:48,Main Block,Ground,Lab 101,Lights,0.02,0.02
2026-09-09 00:26:48,Main Block,Ground,Lab 101,Fans,0.015,0.015
2026-09-09 00:26:48,Main Block,Ground,Lab 101,Server Units,4.99,4.99
2026-09-09 00:26:48,Main Block,First,Computer Lab 201,AC,0.25,0.25
2026-09-09 00:26:48,Main Block,First,Computer Lab 201,Computers,0.08,0.08
2026-09-09 00:26:48,Main Block,First,Computer Lab 201,Lights,0.02,0.02
2026-09-09 00:26:48,Main Block,First,Computer Lab 201,Fans,0.015,0.015
2026-09-09 00:26:48,Main Block,First,Computer Lab 201,Server Units,4.892,4.892
2026-09-09 00:26:48,Research Wing,Ground,AI Research Lab,AC,0.25,0.25
2026-09-09 00:26:48,Research Wing,Ground,AI Research Lab,Computers,0.08,0.08
2026-09-09 00:26:48,Research Wing,Ground,AI Research Lab,Lights,0.02,0.02
2026-09-09 00:26:48,Research Wing,Ground,AI Research Lab,Fans,0.015,0.015
2026-09-09 00:26:48,Research Wing,Ground,AI Research Lab,Server Units,3.881,3.881
2026-09-09 00:26:48,Research Wing,Ground,Server Room,AC,0.25,0.25
2026-09-09 00:26:48,Research Wing,Ground,Server Room,Computers,0.08,0.08
2026-09-09 00:26:48,Research Wing,Ground,Server Room,Lights,0.02,0.02
2026-09-09 00:26:48,Research Wing,Ground,Server Room,Fans,0.015,0.015
2026-09-09 00:26:48,Research Wing,Ground,Server Room,Server Units,4.455,4.455
2026-09-09 01:26:48,Main Block,Ground,Lab 101,AC,0.25,0.25
2026-09-09 01:26:48,Main Block,Ground,Lab 101,Computers,0.08,0.08
2026-09-09 01:26:48,Main Block,Ground,Lab 101,Lights,0.02,0.02
2026-09-09 01:26:48,Main Block,Ground,Lab 101,Fans,0.015,0.015
2026-09-09 01:26:48,Main Block,Ground,Lab 101,Server Units,4.924,4.924
2026-09-09 01:26:48,Main Block,First,Computer Lab 201,AC,0.25,0.25
2026-09-09 01:26:48,Main Block,First,Computer Lab 201,Computers,0.08,0.08
2026-09-09 01:26:48,Main Block,First,Computer Lab 201,Lights,0.02,0.02
2026-09-09 01:26:48,Main Block,First,Computer Lab 201,Fans,0.015,0.015
2026-09-09 01:26:48,Main Block,First,Computer Lab 201,Server Units,4.033,4.033
2026-09-09 01:26:48,Research Wing,Ground,AI Research Lab,AC,0.25,0.25
2026-09-09 01:26:48,Research Wing,Ground,AI Research Lab,Computers,0.08,0.08
2026-09-09 01:26:48,Research Wing,Ground,AI Research Lab,Lights,0.02,0.02
2026-09-09 01:26:48,Research Wing,Ground,AI Research Lab,Fans,0.015,0.015
2026-09-09 01:26:48,Research Wing,Ground,AI Research Lab,Server Units,4.403,4.403
2026-09-09 01:26:48,Research Wing,Ground,Server Room,AC,0.25,0.25
2026-09-09 01:26:48,Research Wing,Ground,Server Room,Computers,0.08,0.08
2026-09-09 01:26:48,Research Wing,Ground,Server Room,Lights,0.02,0.02
2026-09-09 01:26:48,Research Wing,Ground,Server Room,Fans,0.015,0.015
2026-09-09 01:26:48,Research Wing,Ground,Server Room,Server Units,4.347,4.347
2026-09-09 02:26:48,Main Block,Ground,Lab 101,AC,0.75,0.75
2026-09-09 02:26:48,Main Block,Ground,Lab 101,Computers,0.08,0.08
2026-09-09 02:26:48,Main Block,Ground,Lab 101,Lights,0.02,0.02
2026-09-09 02:26:48,Main Block,Ground,Lab 101,Fans,0.015,0.015
2026-09-09 02:26:48,Main Block,Ground,Lab 101,Server Units,4.549,4.549
2026-09-09 02:26:48,Main Block,First,Computer Lab 201,AC,0.25,0.25
2026-09-09 02:26:48,Main Block,First,Computer Lab 201,Computers,0.08,0.08
2026-09-09 02:26:48,Main Block,First,Computer Lab 201,Lights,0.02,0.02
2026-09-09 02:26:48,Main Block,First,Computer Lab 201,Fans,0.015,0.015
2026-09-09 02:26:48,Main Block,First,Computer Lab 201,Server Units,4.223,4.223
2026-09-09 02:26:48,Research Wing,Ground,AI Research Lab,AC,0.25,0.25
2026-09-09 02:26:48,Research Wing,Ground,AI Research Lab,Computers,0.08,0.08
2026-09-09 02:26:48,Research Wing,Ground,AI Research Lab,Lights,0.02,0.02
2026-09-09 02:26:48,Research Wing,Ground,AI Research Lab,Fans,0.015,0.015
2026-09-09 02:26:48,Research Wing,Ground,AI Research Lab,Server Units,4.109,4.109
2026-09-09 02:26:48,Research Wing,Ground,Server Room,AC,0.25,0.25
2026-09-09 02:26:48,Research Wing,Ground,Server Room,Computers,0.08,0.08
2026-09-09 02:26:48,Research Wing,Ground,Server Room,Lights,0.02,0.02
2026-09-09 02:26:48,Research Wing,Ground,Server Room,Fans,0.015,0.015
2026-09-09 02:26:48,Research Wing,Ground,Server Room,Server Units,4.096,4.096
2026-09-09 03:26:48,Main Block,Ground,Lab 101,AC,0.25,0.25
2026-09-09 03:26:48,Main Block,Ground,Lab 101,Computers,0.08,0.08
2026-09-09 03:26:48,Main Block,Ground,Lab 101,Lights,0.02,0.02
2026-09-09 03:26:48,Main Block,Ground,Lab 101,Fans,0.015,0.015
2026-09-09 03:26:48,Main Block,Ground,Lab 101,Server Units,3.937,3.937
2026-09-09 03:26:48,Main Block,First,Computer Lab 201,AC,0.25,0.25
2026-09-09 03:26:48,Main Block,First,Computer Lab 201,Computers,0.08,0.08
2026-09-09 03:26:48,Main Block,First,Computer Lab 201,Lights,0.02,0.02
2026-09-09 03:26:48,Main Block,First,Computer Lab 201,Fans,0.015,0.015
2026-09-09 03:26:48,Main Block,First,Computer Lab 201,Server Units,4.422,4.422
2026-09-09 03:26:48,Research Wing,Ground,AI Research Lab,AC,0.25,0.25
2026-09-09 03:26:48,Research Wing,Ground,AI Research Lab,Computers,0.08,0.08
2026-09-09 03:26:48,Research Wing,Ground,AI Research Lab,Lights,0.02,0.02
2026-09-09 03:26:48,Research Wing,Ground,AI Research Lab,Fans,0.015,0.015
2026-09-09 03:26:48,Research Wing,Ground,AI Research Lab,Server Units,4.266,4.266
2026-09-09 03:26:48,Research Wing,Ground,Server Room,AC,0.25,0.25
2026-09-09 03:26:48,Research Wing,Ground,Server Room,Computers,0.08,0.08
2026-09-09 03:26:48,Research Wing,Ground,Server Room,Lights,0.02,0.02
2026-09-09 03:26:48,Research Wing,Ground,Server Room,Fans,0.015,0.015
2026-09-09 03:26:48,Research Wing,Ground,Server Room,Server Units,4.334,4.334
2026-09-09 04:26:48,Main Block,Ground,Lab 101,AC,0.25,0.25
2026-09-09 04:26:48,Main Block,Ground,Lab 101,Computers,0.08,0.08
2026-09-09 04:26:48,Main Block,Ground,Lab 101,Lights,0.02,0.02
2026-09-09 04:26:48,Main Block,Ground,Lab 101,Fans,0.015,0.015
2026-09-09 04:26:48,Main Block,Ground,Lab 101,Server Units,3.766,3.766
2026-09-09 04:26:48,Main Block,First,Computer Lab 201,AC,0.25,0.25
2026-09-09 04:26:48,Main Block,First,Computer Lab 201,Computers,0.08,0.08
2026-09-09 04:26:48,Main Block,First,Computer Lab 201,Lights,0.02,0.02
2026-09-09 04:26:48,Main Block,First,Computer Lab 201,Fans,0.015,0.015
2026-09-09 04:26:48,Main Block,First,Computer Lab 201,Server Units,4.597,4.597
2026-09-09 04:26:48,Research Wing,Ground,AI Research Lab,AC,0.25,0.25
2026-09-09 04:26:48,Research Wing,Ground,AI Research Lab,Computers,0.08,0.08
2026-09-09 04:26:48,Research Wing,Ground,AI Research Lab,Lights,0.02,0.02
2026-09-09 04:26:48,Research Wing,Ground,AI Research Lab,Fans,0.015,0.015
2026-09-09 04:26:48,Research Wing,Ground,AI Research Lab,Server Units,4.712,4.712
2026-09-09 04:26:48,Research Wing,Ground,Server Room,AC,0.25,0.25
2026-09-09 04:26:48,Research Wing,Ground,Server Room,Computers,0.08,0.08
2026-09-09 04:26:48,Research Wing,Ground,Server Room,Lights,0.02,0.02
2026-09-09 04:26:48,Research Wing,Ground,Server Room,Fans,0.015,0.015
2026-09-09 04:26:48,Research Wing,Ground,Server Room,Server Units,3.961,3.961
2026-09-09 05:26:48,Main Block,Ground,Lab 101,AC,0.25,0.25
2026-09-09 05:26:48,Main Block,Ground,Lab 101,Computers,0.08,0.08
2026-09-09 05:26:48,Main Block,Ground,Lab 101,Lights,0.02,0.02
2026-09-09 05:26:48,Main Block,Ground,Lab 101,Fans,0.015,0.015
2026-09-09 05:26:48,Main Block,Ground,Lab 101,Server Units,3.834,3.834
2026-09-09 05:26:48,Main Block,First,Computer Lab 201,AC,0.25,0.25
2026-09-09 05:26:48,Main Block,First,Computer Lab 201,Computers,0.08,0.08
2026-09-09 05:26:48,Main Block,First,Computer Lab 201,Lights,0.02,0.02
2026-09-09 05:26:48,Main Block,First,Computer Lab 201,Fans,0.015,0.015
2026-09-09 05:26:48,Main Block,First,Computer Lab 201,Server Units,4.591,4.591
2026-09-09 05:26:48,Research Wing,Ground,AI Research Lab,AC,0.25,0.25
2026-09-09 05:26:48,Research Wing,Ground,AI Research Lab,Computers,0.08,0.08
2026-09-09 05:26:48,Research Wing,Ground,AI Research Lab,Lights,0.02,0.02
2026-09-09 05:26:48,Research Wing,Ground,AI Research Lab,Fans,0.015,0.015
2026-09-09 05:26:48,Research Wing,Ground,AI Research Lab,Server Units,5.014,5.014
2026-09-09 05:26:48,Research Wing,Ground,Server Room,AC,0.25,0.25
2026-09-09 05:26:48,Research Wing,Ground,Server Room,Computers,0.24,0.24
2026-09-09 05:26:48,Research Wing,Ground,Server Room,Lights,0.02,0.02
2026-09-09 05:26:48,Research Wing,Ground,Server Room,Fans,0.015,0.015
2026-09-09 05:26:48,Research Wing,Ground,Server Room,Server Units,4.981,4.981
2026-09-09 06:26:48,Main Block,Ground,Lab 101,AC,0.25,0.25
2026-09-09 06:26:48,Main Block,Ground,Lab 101,Computers,0.08,0.08
2026-09-09 06:26:48,Main Block,Ground,Lab 101,Lights,0.02,0.02
2026-09-09 06:26:48,Main Block,Ground,Lab 101,Fans,0.015,0.015
2026-09-09 06:26:48,Main Block,Ground,Lab 101,Server Units,4.9,4.9
2026-09-09 06:26:48,Main Block,First,Computer Lab 201,AC,0.25,0.25
2026-09-09 06:26:48,Main Block,First,Computer Lab 201,Computers,0.08,0.08
2026-09-09 06:26:48,Main Block,First,Computer Lab 201,Lights,0.02,0.02
2026-09-09 06:26:48,Main Block,First,Computer Lab 201,Fans,0.015,0.015
2026-09-09 06:26:48,Main Block,First,Computer Lab 201,Server Units,4.086,4.086
2026-09-09 06:26:48,Research Wing,Ground,AI Research Lab,AC,0.25,0.25
2026-09-09 06:26:48,Research Wing,Ground,AI Research Lab,Computers,0.08,0.08
2026-09-09 06:26:48,Research Wing,Ground,AI Research Lab,Lights,0.02,0.02
2026-09-09 06:26:48,Research Wing,Ground,AI Research Lab,Fans,0.015,0.015
2026-09-09 06:26:48,Research Wing,Ground,AI Research Lab,Server Units,4.115,4.115
2026-09-09 06:26:48,Research Wing,Ground,Server Room,AC,0.25,0.25
2026-09-09 06:26:48,Research Wing,Ground,Server Room,Computers,0.08,0.08
2026-09-09 06:26:48,Research Wing,Ground,Server Room,Lights,0.02,0.02
2026-09-09 06:26:48,Research Wing,Ground,Server Room,Fans,0.015,0.015
2026-09-09 06:26:48,Research Wing,Ground,Server Room,Server Units,4.876,4.876
2026-09-09 07:26:48,Main Block,Ground,Lab 101,AC,0.25,0.25
2026-09-09 07:26:48,Main Block,Ground,Lab 101,Computers,0.08,0.08
2026-09-09 07:26:48,Main Block,Ground,Lab 101,Lights,0.02,0.02
2026-09-09 07:26:48,Main Block,Ground,Lab 101,Fans,0.015,0.015
2026-09-09 07:26:48,Main Block,Ground,Lab 101,Server Units,4.327,4.327
2026-09-09 07:26:48,Main Block,First,Computer Lab 201,AC,0.25,0.25
2026-09-09 07:26:48,Main Block,First,Computer Lab 201,Computers,0.08,0.08
2026-09-09 07:26:48,Main Block,First,Computer Lab 201,Lights,0.02,0.02
2026-09-09 07:26:48,Main Block,First,Computer Lab 201,Fans,0.015,0.015
2026-09-09 07:26:48,Main Block,First,Computer Lab 201,Server Units,4.579,4.579
2026-09-09 07:26:48,Research Wing,Ground,AI Research Lab,AC,0.25,0.25
2026-09-09 07:26:48,Research Wing,Ground,AI Research Lab,Computers,0.08,0.08
2026-09-09 07:26:48,Research Wing,Ground,AI Research Lab,Lights,0.02,0.02
2026-09-09 07:26:48,Research Wing,Ground,AI Research Lab,Fans,0.015,0.015
2026-09-09 07:26:48,Research Wing,Ground,AI Research Lab,Server Units,4.452,4.452
2026-09-09 07:26:48,Research Wing,Ground,Server Room,AC,0.25,0.25
2026-09-09 07:26:48,Research Wing,Ground,Server Room,Computers,0.08,0.08
2026-09-09 07:26:48,Research Wing,Ground,Server Room,Lights,0.02,0.02
2026-09-09 07:26:48,Research Wing,Ground,Server Room,Fans,0.015,0.015
2026-09-09 07:26:48,Research Wing,Ground,Server Room,Server Units,3.74,3.74
2026-09-09 08:26:48,Main Block,Ground,Lab 101,AC,4.97,4.97
2026-09-09 08:26:48,Main Block,Ground,Lab 101,Computers,5.945,5.945
2026-09-09 08:26:48,Main Block,Ground,Lab 101,Lights,0.338,0.338
2026-09-09 08:26:48,Main Block,Ground,Lab 101,Fans,0.581,0.581
2026-09-09 08:26:48,Main Block,Ground,Lab 101,Server Units,4.308,4.308
2026-09-09 08:26:48,Main Block,First,Computer Lab 201,AC,12.411,12.411
2026-09-09 08:26:48,Main Block,First,Computer Lab 201,Computers,1.924,1.924
2026-09-09 08:26:48,Main Block,First,Computer Lab 201,Lights,0.305,0.305
2026-09-09 08:26:48,Main Block,First,Computer Lab 201,Fans,0.175,0.175
2026-09-09 08:26:48,Main Block,First,Computer Lab 201,Server Units,4.254,4.254
2026-09-09 08:26:48,Research Wing,Ground,AI Research Lab,AC,4.18,4.18
2026-09-09 08:26:48,Research Wing,Ground,AI Research Lab,Computers,1.844,1.844
2026-09-09 08:26:48,Research Wing,Ground,AI Research Lab,Lights,0.337,0.337
2026-09-09 08:26:48,Research Wing,Ground,AI Research Lab,Fans,0.206,0.206
2026-09-09 08:26:48,Research Wing,Ground,AI Research Lab,Server Units,4.721,4.721
2026-09-09 08:26:48,Research Wing,Ground,Server Room,AC,4.382,4.382
2026-09-09 08:26:48,Research Wing,Ground,Server Room,Computers,1.809,1.809
2026-09-09 08:26:48,Research Wing,Ground,Server Room,Lights,0.312,0.312
2026-09-09 08:26:48,Research Wing,Ground,Server Room,Fans,0.182,0.182
2026-09-09 08:26:48,Research Wing,Ground,Server Room,Server Units,11.964,11.964
2026-09-09 09:26:48,Main Block,Ground,Lab 101,AC,3.892,3.892
2026-09-09 09:26:48,Main Block,Ground,Lab 101,Computers,1.812,1.812
2026-09-09 09:26:48,Main Block,Ground,Lab 101,Lights,0.279,0.279
2026-09-09 09:26:48,Main Block,Ground,Lab 101,Fans,0.208,0.208
2026-09-09 09:26:48,Main Block,Ground,Lab 101,Server Units,3.939,3.939
2026-09-09 09:26:48,Main Block,First,Computer Lab 201,AC,4.287,4.287
2026-09-09 09:26:48,Main Block,First,Computer Lab 201,Computers,2.18,2.18
2026-09-09 09:26:48,Main Block,First,Computer Lab 201,Lights,0.297,0.297
2026-09-09 09:26:48,Main Block,First,Computer Lab 201,Fans,0.185,0.185
2026-09-09 09:26:48,Main Block,First,Computer Lab 201,Server Units,4.996,4.996
2026-09-09 09:26:48,Research Wing,Ground,AI Research Lab,AC,4.872,4.872
2026-09-09 09:26:48,Research Wing,Ground,AI Research Lab,Computers,1.982,1.982
2026-09-09 09:26:48,Research Wing,Ground,AI Research Lab,Lights,0.331,0.331
2026-09-09 09:26:48,Research Wing,Ground,AI Research Lab,Fans,0.214,0.214
2026-09-09 09:26:48,Research Wing,Ground,AI Research Lab,Server Units,4.754,4.754
2026-09-09 09:26:48,Research Wing,Ground,Server Room,AC,4.866,4.866
2026-09-09 09:26:48,Research Wing,Ground,Server Room,Computers,2.143,2.143
2026-09-09 09:26:48,Research Wing,Ground,Server Room,Lights,0.296,0.296
2026-09-09 09:26:48,Research Wing,Ground,Server Room,Fans,0.196,0.196
2026-09-09 09:26:48,Research Wing,Ground,Server Room,Server Units,4.364,4.364
2026-09-09 10:26:48,Main Block,Ground,Lab 101,AC,4.246,4.246
2026-09-09 10:26:48,Main Block,Ground,Lab 101,Computers,2.077,2.077
2026-09-09 10:26:48,Main Block,Ground,Lab 101,Lights,0.339,0.339
2026-09-09 10:26:48,Main Block,Ground,Lab 101,Fans,0.181,0.181
2026-09-09 10:26:48,Main Block,Ground,Lab 101,Server Units,4.002,4.002
2026-09-09 10:26:48,Main Block,First,Computer Lab 201,AC,4.991,4.991
2026-09-09 10:26:48,Main Block,First,Computer Lab 201,Computers,1.768,1.768
2026-09-09 10:26:48,Main Block,First,Computer Lab 201,Lights,0.284,0.284
2026-09-09 10:26:48,Main Block,First,Computer Lab 201,Fans,0.182,0.182
2026-09-09 10:26:48,Main Block,First,Computer Lab 201,Server Units,14.345,14.345
2026-09-09 10:26:48,Research Wing,Ground,AI Research Lab,AC,3.882,3.882
2026-09-09 10:26:48,Research Wing,Ground,AI Research Lab,Computers,1.985,1.985
2026-09-09 10:26:48,Research Wing,Ground,AI Research Lab,Lights,0.288,0.288
2026-09-09 10:26:48,Research Wing,Ground,AI Research Lab,Fans,0.175,0.175
2026-09-09 10:26:48,Research Wing,Ground,AI Research Lab,Server Units,4.557,4.557
2026-09-09 10:26:48,Research Wing,Ground,Server Room,AC,5.171,5.171
2026-09-09 10:26:48,Research Wing,Ground,Server Room,Computers,1.736,1.736
2026-09-09 10:26:48,Research Wing,Ground,Server Room,Lights,0.318,0.318
2026-09-09 10:26:48,Research Wing,Ground,Server Room,Fans,0.173,0.173
2026-09-09 10:26:48,Research Wing,Ground,Server Room,Server Units,5.036,5.036
2026-09-09 11:26:48,Main Block,Ground,Lab 101,AC,4.847,4.847
2026-09-09 11:26:48,Main Block,Ground,Lab 101,Computers,1.963,1.963
2026-09-09 11:26:48,Main Block,Ground,Lab 101,Lights,0.317,0.317
2026-09-09 11:26:48,Main Block,Ground,Lab 101,Fans,0.174,0.174
2026-09-09 11:26:48,Main Block,Ground,Lab 101,Server Units,4.381,4.381
2026-09-09 11:26:48,Main Block,First,Computer Lab 201,AC,4.223,4.223
2026-09-09 11:26:48,Main Block,First,Computer Lab 201,Computers,1.814,1.814
2026-09-09 11:26:48,Main Block,First,Computer Lab 201,Lights,0.286,0.286
2026-09-09 11:26:48,Main Block,First,Computer Lab 201,Fans,0.182,0.182
2026-09-09 11:26:48,Main Block,First,Computer Lab 201,Server Units,4.947,4.947
2026-09-09 11:26:48,Research Wing,Ground,AI Research Lab,AC,3.918,3.918
2026-09-09 11:26:48,Research Wing,Ground,AI Research Lab,Computers,1.877,1.877
2026-09-09 11:26:48,Research Wing,Ground,AI Research Lab,Lights,0.864,0.864
2026-09-09 11:26:48,Research Wing,Ground,AI Research Lab,Fans,0.203,0.203
2026-09-09 11:26:48,Research Wing,Ground,AI Research Lab,Server Units,11.955,11.955
2026-09-09 11:26:48,Research Wing,Ground,Server Room,AC,4.982,4.982
2026-09-09 11:26:48,Research Wing,Ground,Server Room,Computers,1.843,1.843
2026-09-09 11:26:48,Research Wing,Ground,Server Room,Lights,0.314,0.314
2026-09-09 11:26:48,Research Wing,Ground,Server Room,Fans,0.188,0.188
2026-09-09 11:26:48,Research Wing,Ground,Server Room,Server Units,4.397,4.397
2026-09-09 12:26:48,Main Block,Ground,Lab 101,AC,4.653,4.653
2026-09-09 12:26:48,Main Block,Ground,Lab 101,Computers,2.085,2.085
2026-09-09 12:26:48,Main Block,Ground,Lab 101,Lights,0.302,0.302
2026-09-09 12:26:48,Main Block,Ground,Lab 101,Fans,0.215,0.215
2026-09-09 12:26:48,Main Block,Ground,Lab 101,Server Units,4.893,4.893
2026-09-09 12:26:48,Main Block,First,Computer Lab 201,AC,4.48,4.48
2026-09-09 12:26:48,Main Block,First,Computer Lab 201,Computers,2.043,2.043
2026-09-09 12:26:48,Main Block,First,Computer Lab 201,Lights,0.314,0.314
2026-09-09 12:26:48,Main Block,First,Computer Lab 201,Fans,0.207,0.207
2026-09-09 12:26:48,Main Block,First,Computer Lab 201,Server Units,4.224,4.224
2026-09-09 12:26:48,Research Wing,Ground,AI Research Lab,AC,3.921,3.921
2026-09-09 12:26:48,Research Wing,Ground,AI Research Lab,Computers,1.825,1.825
2026-09-09 12:26:48,Research Wing,Ground,AI Research Lab,Lights,0.335,0.335
2026-09-09 12:26:48,Research Wing,Ground,AI Research Lab,Fans,0.213,0.213
2026-09-09 12:26:48,Research Wing,Ground,AI Research Lab,Server Units,4.477,4.477
2026-09-09 12:26:48,Research Wing,Ground,Server Room,AC,4.387,4.387
2026-09-09 12:26:48,Research Wing,Ground,Server Room,Computers,2.125,2.125
2026-09-09 12:26:48,Research Wing,Ground,Server Room,Lights,0.279,0.279
2026-09-09 12:26:48,Research Wing,Ground,Server Room,Fans,0.17,0.17
2026-09-09 12:26:48,Research Wing,Ground,Server Room,Server Units,4.987,4.987
2026-09-09 13:26:48,Main Block,Ground,Lab 101,AC,3.956,3.956
2026-09-09 13:26:48,Main Block,Ground,Lab 101,Computers,2.019,2.019
2026-09-09 13:26:48,Main Block,Ground,Lab 101,Lights,0.302,0.302
2026-09-09 13:26:48,Main Block,Ground,Lab 101,Fans,0.202,0.202
2026-09-09 13:26:48,Main Block,Ground,Lab 101,Server Units,4.729,4.729
2026-09-09 13:26:48,Main Block,First,Computer Lab 201,AC,3.967,3.967
2026-09-09 13:26:48,Main Block,First,Computer Lab 201,Computers,1.915,1.915
2026-09-09 13:26:48,Main Block,First,Computer Lab 201,Lights,0.315,0.315
2026-09-09 13:26:48,Main Block,First,Computer Lab 201,Fans,0.176,0.176
2026-09-09 13:26:48,Main Block,First,Computer Lab 201,Server Units,4.27,4.27
2026-09-09 13:26:48,Research Wing,Ground,AI Research Lab,AC,4.039,4.039
2026-09-09 13:26:48,Research Wing,Ground,AI Research Lab,Computers,1.966,1.966
2026-09-09 13:26:48,Research Wing,Ground,AI Research Lab,Lights,0.283,0.283
2026-09-09 13:26:48,Research Wing,Ground,AI Research Lab,Fans,0.185,0.185
2026-09-09 13:26:48,Research Wing,Ground,AI Research Lab,Server Units,4.749,4.749
2026-09-09 13:26:48,Research Wing,Ground,Server Room,AC,4.805,4.805
2026-09-09 13:26:48,Research Wing,Ground,Server Room,Computers,2.038,2.038
2026-09-09 13:26:48,Research Wing,Ground,Server Room,Lights,0.324,0.324
2026-09-09 13:26:48,Research Wing,Ground,Server Room,Fans,0.181,0.181
2026-09-09 13:26:48,Research Wing,Ground,Server Room,Server Units,4.331,4.331
2026-09-09 14:26:48,Main Block,Ground,Lab 101,AC,4.806,4.806
2026-09-09 14:26:48,Main Block,Ground,Lab 101,Computers,2.057,2.057
2026-09-09 14:26:48,Main Block,Ground,Lab 101,Lights,0.344,0.344
2026-09-09 14:26:48,Main Block,Ground,Lab 101,Fans,0.183,0.183
2026-09-09 14:26:48,Main Block,Ground,Lab 101,Server Units,14.609,14.609
2026-09-09 14:26:48,Main Block,First,Computer Lab 201,AC,4.935,4.935
2026-09-09 14:26:48,Main Block,First,Computer Lab 201,Computers,1.866,1.866
2026-09-09 14:26:48,Main Block,First,Computer Lab 201,Lights,0.305,0.305
2026-09-09 14:26:48,Main Block,First,Computer Lab 201,Fans,0.175,0.175
2026-09-09 14:26:48,Main Block,First,Computer Lab 201,Server Units,4.209,4.209
2026-09-09 14:26:48,Research Wing,Ground,AI Research Lab,AC,4.321,4.321
2026-09-09 14:26:48,Research Wing,Ground,AI Research Lab,Computers,1.84,1.84
2026-09-09 14:26:48,Research Wing,Ground,AI Research Lab,Lights,0.263,0.263
2026-09-09 14:26:48,Research Wing,Ground,AI Research Lab,Fans,0.219,0.219
2026-09-09 14:26:48,Research Wing,Ground,AI Research Lab,Server Units,4.695,4.695
2026-09-09 14:26:48,Research Wing,Ground,Server Room,AC,4.058,4.058
2026-09-09 14:26:48,Research Wing,Ground,Server Room,Computers,2.114,2.114
2026-09-09 14:26:48,Research Wing,Ground,Server Room,Lights,0.337,0.337
2026-09-09 14:26:48,Research Wing,Ground,Server Room,Fans,0.183,0.183
2026-09-09 14:26:48,Research Wing,Ground,Server Room,Server Units,4.501,4.501
2026-09-09 15:26:48,Main Block,Ground,Lab 101,AC,3.9,3.9
2026-09-09 15:26:48,Main Block,Ground,Lab 101,Computers,1.909,1.909
2026-09-09 15:26:48,Main Block,Ground,Lab 101,Lights,0.292,0.292
2026-09-09 15:26:48,Main Block,Ground,Lab 101,Fans,0.217,0.217
2026-09-09 15:26:48,Main Block,Ground,Lab 101,Server Units,4.602,4.602
2026-09-09 15:26:48,Main Block,First,Computer Lab 201,AC,3.84,3.84
2026-09-09 15:26:48,Main Block,First,Computer Lab 201,Computers,1.929,1.929
2026-09-09 15:26:48,Main Block,First,Computer Lab 201,Lights,0.259,0.259
2026-09-09 15:26:48,Main Block,First,Computer Lab 201,Fans,0.175,0.175
2026-09-09 15:26:48,Main Block,First,Computer Lab 201,Server Units,4.031,4.031
2026-09-09 15:26:48,Research Wing,Ground,AI Research Lab,AC,4.813,4.813
2026-09-09 15:26:48,Research Wing,Ground,AI Research Lab,Computers,1.967,1.967
2026-09-09 15:26:48,Research Wing,Ground,AI Research Lab,Lights,0.3,0.3
2026-09-09 15:26:48,Research Wing,Ground,AI Research Lab,Fans,0.183,0.183
2026-09-09 15:26:48,Research Wing,Ground,AI Research Lab,Server Units,3.914,3.914
2026-09-09 15:26:48,Research Wing,Ground,Server Room,AC,4.596,4.596
2026-09-09 15:26:48,Research Wing,Ground,Server Room,Computers,1.94,1.94
2026-09-09 15:26:48,Research Wing,Ground,Server Room,Lights,0.3,0.3
2026-09-09 15:26:48,Research Wing,Ground,Server Room,Fans,0.173,0.173
2026-09-09 15:26:48,Research Wing,Ground,Server Room,Server Units,4.478,4.478
2026-09-09 16:26:48,Main Block,Ground,Lab 101,AC,4.706,4.706
2026-09-09 16:26:48,Main Block,Ground,Lab 101,Computers,2.07,2.07
2026-09-09 16:26:48,Main Block,Ground,Lab 101,Lights,0.277,0.277
2026-09-09 16:26:48,Main Block,Ground,Lab 101,Fans,0.211,0.211
2026-09-09 16:26:48,Main Block,Ground,Lab 101,Server Units,4.96,4.96
2026-09-09 16:26:48,Main Block,First,Computer Lab 201,AC,4.732,4.732
2026-09-09 16:26:48,Main Block,First,Computer Lab 201,Computers,1.909,1.909
2026-09-09 16:26:48,Main Block,First,Computer Lab 201,Lights,0.925,0.925
2026-09-09 16:26:48,Main Block,First,Computer Lab 201,Fans,0.184,0.184
2026-09-09 16:26:48,Main Block,First,Computer Lab 201,Server Units,4.553,4.553
2026-09-09 16:26:48,Research Wing,Ground,AI Research Lab,AC,4.422,4.422
2026-09-09 16:26:48,Research Wing,Ground,AI Research Lab,Computers,1.727,1.727
2026-09-09 16:26:48,Research Wing,Ground,AI Research Lab,Lights,0.273,0.273
2026-09-09 16:26:48,Research Wing,Ground,AI Research Lab,Fans,0.21,0.21
2026-09-09 16:26:48,Research Wing,Ground,AI Research Lab,Server Units,3.888,3.888
2026-09-09 16:26:48,Research Wing,Ground,Server Room,AC,5.106,5.106
2026-09-09 16:26:48,Research Wing,Ground,Server Room,Computers,2.221,2.221
2026-09-09 16:26:48,Research Wing,Ground,Server Room,Lights,0.256,0.256
2026-09-09 16:26:48,Research Wing,Ground,Server Room,Fans,0.172,0.172
2026-09-09 16:26:48,Research Wing,Ground,Server Room,Server Units,3.77,3.77
2026-09-09 17:26:48,Main Block,Ground,Lab 101,AC,4.551,4.551
2026-09-09 17:26:48,Main Block,Ground,Lab 101,Computers,2.014,2.014
2026-09-09 17:26:48,Main Block,Ground,Lab 101,Lights,0.298,0.298
2026-09-09 17:26:48,Main Block,Ground,Lab 101,Fans,0.174,0.174
2026-09-09 17:26:48,Main Block,Ground,Lab 101,Server Units,3.764,3.764
2026-09-09 17:26:48,Main Block,First,Computer Lab 201,AC,4.721,4.721
2026-09-09 17:26:48,Main Block,First,Computer Lab 201,Computers,1.802,1.802
2026-09-09 17:26:48,Main Block,First,Computer Lab 201,Lights,0.326,0.326
2026-09-09 17:26:48,Main Block,First,Computer Lab 201,Fans,0.169,0.169
2026-09-09 17:26:48,Main Block,First,Computer Lab 201,Server Units,3.751,3.751
2026-09-09 17:26:48,Research Wing,Ground,AI Research Lab,AC,4.191,4.191
2026-09-09 17:26:48,Research Wing,Ground,AI Research Lab,Computers,2.096,2.096
2026-09-09 17:26:48,Research Wing,Ground,AI Research Lab,Lights,0.257,0.257
2026-09-09 17:26:48,Research Wing,Ground,AI Research Lab,Fans,0.204,0.204
2026-09-09 17:26:48,Research Wing,Ground,AI Research Lab,Server Units,4.243,4.243
2026-09-09 17:26:48,Research Wing,Ground,Server Room,AC,3.959,3.959
2026-09-09 17:26:48,Research Wing,Ground,Server Room,Computers,2.22,2.22
2026-09-09 17:26:48,Research Wing,Ground,Server Room,Lights,0.272,0.272
2026-09-09 17:26:48,Research Wing,Ground,Server Room,Fans,0.193,0.193
2026-09-09 17:26:48,Research Wing,Ground,Server Room,Server Units,3.768,3.768
2026-09-09 18:26:48,Main Block,Ground,Lab 101,AC,4.54,4.54
2026-09-09 18:26:48,Main Block,Ground,Lab 101,Computers,1.936,1.936
2026-09-09 18:26:48,Main Block,Ground,Lab 101,Lights,0.286,0.286
2026-09-09 18:26:48,Main Block,Ground,Lab 101,Fans,0.202,0.202
2026-09-09 18:26:48,Main Block,Ground,Lab 101,Server Units,5.031,5.031
2026-09-09 18:26:48,Main Block,First,Computer Lab 201,AC,4.921,4.921
2026-09-09 18:26:48,Main Block,First,Computer Lab 201,Computers,2.227,2.227
2026-09-09 18:26:48,Main Block,First,Computer Lab 201,Lights,0.328,0.328
2026-09-09 18:26:48,Main Block,First,Computer Lab 201,Fans,0.198,0.198
2026-09-09 18:26:48,Main Block,First,Computer Lab 201,Server Units,3.94,3.94
2026-09-09 18:26:48,Research Wing,Ground,AI Research Lab,AC,4.712,4.712
2026-09-09 18:26:48,Research Wing,Ground,AI Research Lab,Computers,1.929,1.929
2026-09-09 18:26:48,Research Wing,Ground,AI Research Lab,Lights,0.31,0.31
2026-09-09 18:26:48,Research Wing,Ground,AI Research Lab,Fans,0.179,0.179
2026-09-09 18:26:48,Research Wing,Ground,AI Research Lab,Server Units,3.942,3.942
2026-09-09 18:26:48,Research Wing,Ground,Server Room,AC,5.053,5.053
2026-09-09 18:26:48,Research Wing,Ground,Server Room,Computers,2.025,2.025
2026-09-09 18:26:48,Research Wing,Ground,Server Room,Lights,0.267,0.267
2026-09-09 18:26:48,Research Wing,Ground,Server Room,Fans,0.213,0.213
2026-09-09 18:26:48,Research Wing,Ground,Server Room,Server Units,4.148,4.148
2026-09-09 19:26:48,Main Block,Ground,Lab 101,AC,0.25,0.25
2026-09-09 19:26:48,Main Block,Ground,Lab 101,Computers,0.08,0.08
2026-09-09 19:26:48,Main Block,Ground,Lab 101,Lights,0.02,0.02
2026-09-09 19:26:48,Main Block,Ground,Lab 101,Fans,0.015,0.015
2026-09-09 19:26:48,Main Block,Ground,Lab 101,Server Units,3.932,3.932
2026-09-09 19:26:48,Main Block,First,Computer Lab 201,AC,0.25,0.25
2026-09-09 19:26:48,Main Block,First,Computer Lab 201,Computers,0.08,0.08
2026-09-09 19:26:48,Main Block,First,Computer Lab 201,Lights,0.02,0.02
2026-09-09 19:26:48,Main Block,First,Computer Lab 201,Fans,0.015,0.015
2026-09-09 19:26:48,Main Block,First,Computer Lab 201,Server Units,3.896,3.896
2026-09-09 19:26:48,Research Wing,Ground,AI Research Lab,AC,0.25,0.25
2026-09-09 19:26:48,Research Wing,Ground,AI Research Lab,Computers,0.08,0.08
2026-09-09 19:26:48,Research Wing,Ground,AI Research Lab,Lights,0.02,0.02
2026-09-09 19:26:48,Research Wing,Ground,AI Research Lab,Fans,0.015,0.015
2026-09-09 19:26:48,Research Wing,Ground,AI Research Lab,Server Units,4.287,4.287
2026-09-09 19:26:48,Research Wing,Ground,Server Room,AC,0.25,0.25
2026-09-09 19:26:48,Research Wing,Ground,Server Room,Computers,0.08,0.08
2026-09-09 19:26:48,Research Wing,Ground,Server Room,Lights,0.02,0.02
2026-09-09 19:26:48,Research Wing,Ground,Server Room,Fans,0.015,0.015
2026-09-09 19:26:48,Research Wing,Ground,Server Room,Server Units,4.101,4.101
2026-09-09 20:26:48,Main Block,Ground,Lab 101,AC,0.25,0.25
2026-09-09 20:26:48,Main Block,Ground,Lab 101,Computers,0.08,0.08
2026-09-09 20:26:48,Main Block,Ground,Lab 101,Lights,0.02,0.02
2026-09-09 20:26:48,Main Block,Ground,Lab 101,Fans,0.015,0.015
2026-09-09 20:26:48,Main Block,Ground,Lab 101,Server Units,4.092,4.092
2026-09-09 20:26:48,Main Block,First,Computer Lab 201,AC,0.25,0.25
2026-09-09 20:26:48,Main Block,First,Computer Lab 201,Computers,0.08,0.08
2026-09-09 20:26:48,Main Block,First,Computer Lab 201,Lights,0.02,0.02
2026-09-09 20:26:48,Main Block,First,Computer Lab 201,Fans,0.015,0.015
2026-09-09 20:26:48,Main Block,First,Computer Lab 201,Server Units,4.648,4.648
2026-09-09 20:26:48,Research Wing,Ground,AI Research Lab,AC,0.25,0.25
2026-09-09 20:26:48,Research Wing,Ground,AI Research Lab,Computers,0.08,0.08
2026-09-09 20:26:48,Research Wing,Ground,AI Research Lab,Lights,0.02,0.02
2026-09-09 20:26:48,Research Wing,Ground,AI Research Lab,Fans,0.015,0.015
2026-09-09 20:26:48,Research Wing,Ground,AI Research Lab,Server Units,4.865,4.865
2026-09-09 20:26:48,Research Wing,Ground,Server Room,AC,0.25,0.25
2026-09-09 20:26:48,Research Wing,Ground,Server Room,Computers,0.08,0.08
2026-09-09 20:26:48,Research Wing,Ground,Server Room,Lights,0.02,0.02
2026-09-09 20:26:48,Research Wing,Ground,Server Room,Fans,0.015,0.015
2026-09-09 20:26:48,Research Wing,Ground,Server Room,Server Units,3.76,3.76
2026-09-09 21:26:48,Main Block,Ground,Lab 101,AC,0.25,0.25
2026-09-09 21:26:48,Main Block,Ground,Lab 101,Computers,0.08,0.08
2026-09-09 21:26:48,Main Block,Ground,Lab 101,Lights,0.02,0.02
2026-09-09 21:26:48,Main Block,Ground,Lab 101,Fans,0.015,0.015
2026-09-09 21:26:48,Main Block,Ground,Lab 101,Server Units,3.827,3.827
2026-09-09 21:26:48,Main Block,First,Computer Lab 201,AC,0.25,0.25
2026-09-09 21:26:48,Main Block,First,Computer Lab 201,Computers,0.08,0.08
2026-09-09 21:26:48,Main Block,First,Computer Lab 201,Lights,0.02,0.02
2026-09-09 21:26:48,Main Block,First,Computer Lab 201,Fans,0.015,0.015
2026-09-09 21:26:48,Main Block,First,Computer Lab 201,Server Units,4.344,4.344
2026-09-09 21:26:48,Research Wing,Ground,AI Research Lab,AC,0.25,0.25
2026-09-09 21:26:48,Research Wing,Ground,AI Research Lab,Computers,0.08,0.08
2026-09-09 21:26:48,Research Wing,Ground,AI Research Lab,Lights,0.02,0.02
2026-09-09 21:26:48,Research Wing,Ground,AI Research Lab,Fans,0.015,0.015
2026-09-09 21:26:48,Research Wing,Ground,AI Research Lab,Server Units,4.153,4.153
2026-09-09 21:26:48,Research Wing,Ground,Server Room,AC,0.25,0.25
2026-09-09 21:26:48,Research Wing,Ground,Server Room,Computers,0.08,0.08
2026-09-09 21:26:48,Research Wing,Ground,Server Room,Lights,0.02,0.02
2026-09-09 21:26:48,Research Wing,Ground,Server Room,Fans,0.015,0.015
2026-09-09 21:26:48,Research Wing,Ground,Server Room,Server Units,4.779,4.779
2026-09-09 22:26:48,Main Block,Ground,Lab 101,AC,0.25,0.25
2026-09-09 22:26:48,Main Block,Ground,Lab 101,Computers,0.08,0.08
2026-09-09 22:26:48,Main Block,Ground,Lab 101,Lights,0.02,0.02
2026-09-09 22:26:48,Main Block,Ground,Lab 101,Fans,0.015,0.015
2026-09-09 22:26:48,Main Block,Ground,Lab 101,Server Units,4.425,4.425
2026-09-09 22:26:48,Main Block,First,Computer Lab 201,AC,0.25,0.25
2026-09-09 22:26:48,Main Block,First,Computer Lab 201,Computers,0.08,0.08
2026-09-09 22:26:48,Main Block,First,Computer Lab 201,Lights,0.02,0.02
2026-09-09 22:26:48,Main Block,First,Computer Lab 201,Fans,0.015,0.015
2026-09-09 22:26:48,Main Block,First,Computer Lab 201,Server Units,3.805,3.805
2026-09-09 22:26:48,Research Wing,Ground,AI Research Lab,AC,0.25,0.25
2026-09-09 22:26:48,Research Wing,Ground,AI Research Lab,Computers,0.08,0.08
2026-09-09 22:26:48,Research Wing,Ground,AI Research Lab,Lights,0.02,0.02
2026-09-09 22:26:48,Research Wing,Ground,AI Research Lab,Fans,0.015,0.015
2026-09-09 22:26:48,Research Wing,Ground,AI Research Lab,Server Units,4.298,4.298
2026-09-09 22:26:48,Research Wing,Ground,Server Room,AC,0.25,0.25
2026-09-09 22:26:48,Research Wing,Ground,Server Room,Computers,0.08,0.08
2026-09-09 22:26:48,Research Wing,Ground,Server Room,Lights,0.02,0.02
2026-09-09 22:26:48,Research Wing,Ground,Server Room,Fans,0.015,0.015
2026-09-09 22:26:48,Research Wing,Ground,Server Room,Server Units,4.336,4.336
2026-09-09 23:26:48,Main Block,Ground,Lab 101,AC,0.25,0.25
2026-09-09 23:26:48,Main Block,Ground,Lab 101,Computers,0.08,0.08
2026-09-09 23:26:48,Main Block,Ground,Lab 101,Lights,0.02,0.02
2026-09-09 23:26:48,Main Block,Ground,Lab 101,Fans,0.015,0.015
2026-09-09 23:26:48,Main Block,Ground,Lab 101,Server Units,3.919,3.919
2026-09-09 23:26:48,Main Block,First,Computer Lab 201,AC,0.25,0.25
2026-09-09 23:26:48,Main Block,First,Computer Lab 201,Computers,0.08,0.08
2026-09-09 23:26:48,Main Block,First,Computer Lab 201,Lights,0.02,0.02
2026-09-09 23:26:48,Main Block,First,Computer Lab 201,Fans,0.015,0.015
2026-09-09 23:26:48,Main Block,First,Computer Lab 201,Server Units,4.007,4.007
2026-09-09 23:26:48,Research Wing,Ground,AI Research Lab,AC,0.25,0.25
2026-09-09 23:26:48,Research Wing,Ground,AI Research Lab,Computers,0.08,0.08
2026-09-09 23:26:48,Research Wing,Ground,AI Research Lab,Lights,0.02,0.02
2026-09-09 23:26:48,Research Wing,Ground,AI Research Lab,Fans,0.015,0.015
2026-09-09 23:26:48,Research Wing,Ground,AI Research Lab,Server Units,4.688,4.688
2026-09-09 23:26:48,Research Wing,Ground,Server Room,AC,0.25,0.25
2026-09-09 23:26:48,Research Wing,Ground,Server Room,Computers,0.08,0.08
2026-09-09 23:26:48,Research Wing,Ground,Server Room,Lights,0.02,0.02
2026-09-09 23:26:48,Research Wing,Ground,Server Room,Fans,0.015,0.015
2026-09-09 23:26:48,Research Wing,Ground,Server Room,Server Units,4.247,4.247
2026-09-10 00:26:48,Main Block,Ground,Lab 101,AC,0.25,0.25
2026-09-10 00:26:48,Main Block,Ground,Lab 101,Computers,0.08,0.08
2026-09-10 00:26:48,Main Block,Ground,Lab 101,Lights,0.02,0.02
2026-09-10 00:26:48,Main Block,Ground,Lab 101,Fans,0.015,0.015
2026-09-10 00:26:48,Main Block,Ground,Lab 101,Server Units,4.754,4.754
2026-09-10 00:26:48,Main Block,First,Computer Lab 201,AC,0.25,0.25
2026-09-10 00:26:48,Main Block,First,Computer Lab 201,Computers,0.08,0.08
2026-09-10 00:26:48,Main Block,First,Computer Lab 201,Lights,0.02,0.02
2026-09-10 00:26:48,Main Block,First,Computer Lab 201,Fans,0.015,0.015
2026-09-10 00:26:48,Main Block,First,Computer Lab 201,Server Units,3.976,3.976
2026-09-10 00:26:48,Research Wing,Ground,AI Research Lab,AC,0.25,0.25
2026-09-10 00:26:48,Research Wing,Ground,AI Research Lab,Computers,0.08,0.08
2026-09-10 00:26:48,Research Wing,Ground,AI Research Lab,Lights,0.02,0.02
2026-09-10 00:26:48,Research Wing,Ground,AI Research Lab,Fans,0.015,0.015
2026-09-10 00:26:48,Research Wing,Ground,AI Research Lab,Server Units,4.567,4.567
2026-09-10 00:26:48,Research Wing,Ground,Server Room,AC,0.25,0.25
2026-09-10 00:26:48,Research Wing,Ground,Server Room,Computers,0.08,0.08
2026-09-10 00:26:48,Research Wing,Ground,Server Room,Lights,0.02,0.02
2026-09-10 00:26:48,Research Wing,Ground,Server Room,Fans,0.015,0.015
2026-09-10 00:26:48,Research Wing,Ground,Server Room,Server Units,4.345,4.345
2026-09-10 01:26:48,Main Block,Ground,Lab 101,AC,0.25,0.25
2026-09-10 01:26:48,Main Block,Ground,Lab 101,Computers,0.24,0.24
2026-09-10 01:26:48,Main Block,Ground,Lab 101,Lights,0.02,0.02
2026-09-10 01:26:48,Main Block,Ground,Lab 101,Fans,0.015,0.015
2026-09-10 01:26:48,Main Block,Ground,Lab 101,Server Units,4.517,4.517
2026-09-10 01:26:48,Main Block,First,Computer Lab 201,AC,0.25,0.25
2026-09-10 01:26:48,Main Block,First,Computer Lab 201,Computers,0.08,0.08
2026-09-10 01:26:48,Main Block,First,Computer Lab 201,Lights,0.02,0.02
2026-09-10 01:26:48,Main Block,First,Computer Lab 201,Fans,0.015,0.015
2026-09-10 01:26:48,Main Block,First,Computer Lab 201,Server Units,4.462,4.462
2026-09-10 01:26:48,Research Wing,Ground,AI Research Lab,AC,0.25,0.25
2026-09-10 01:26:48,Research Wing,Ground,AI Research Lab,Computers,0.08,0.08
2026-09-10 01:26:48,Research Wing,Ground,AI Research Lab,Lights,0.02,0.02
2026-09-10 01:26:48,Research Wing,Ground,AI Research Lab,Fans,0.015,0.015
2026-09-10 01:26:48,Research Wing,Ground,AI Research Lab,Server Units,4.602,4.602
2026-09-10 01:26:48,Research Wing,Ground,Server Room,AC,0.25,0.25
2026-09-10 01:26:48,Research Wing,Ground,Server Room,Computers,0.08,0.08
2026-09-10 01:26:48,Research Wing,Ground,Server Room,Lights,0.02,0.02
2026-09-10 01:26:48,Research Wing,Ground,Server Room,Fans,0.015,0.015
2026-09-10 01:26:48,Research Wing,Ground,Server Room,Server Units,4.955,4.955
2026-09-10 02:26:48,Main Block,Ground,Lab 101,AC,0.25,0.25
2026-09-10 02:26:48,Main Block,Ground,Lab 101,Computers,0.08,0.08
2026-09-10 02:26:48,Main Block,Ground,Lab 101,Lights,0.02,0.02
2026-09-10 02:26:48,Main Block,Ground,Lab 101,Fans,0.015,0.015
2026-09-10 02:26:48,Main Block,Ground,Lab 101,Server Units,4.653,4.653
2026-09-10 02:26:48,Main Block,First,Computer Lab 201,AC,0.25,0.25
2026-09-10 02:26:48,Main Block,First,Computer Lab 201,Computers,0.08,0.08
2026-09-10 02:26:48,Main Block,First,Computer Lab 201,Lights,0.02,0.02
2026-09-10 02:26:48,Main Block,First,Computer Lab 201,Fans,0.015,0.015
2026-09-10 02:26:48,Main Block,First,Computer Lab 201,Server Units,4.97,4.97
2026-09-10 02:26:48,Research Wing,Ground,AI Research Lab,AC,0.25,0.25
2026-09-10 02:26:48,Research Wing,Ground,AI Research Lab,Computers,0.08,0.08
2026-09-10 02:26:48,Research Wing,Ground,AI Research Lab,Lights,0.02,0.02
2026-09-10 02:26:48,Research Wing,Ground,AI Research Lab,Fans,0.015,0.015
2026-09-10 02:26:48,Research Wing,Ground,AI Research Lab,Server Units,4.304,4.304
2026-09-10 02:26:48,Research Wing,Ground,Server Room,AC,0.25,0.25
2026-09-10 02:26:48,Research Wing,Ground,Server Room,Computers,0.08,0.08
2026-09-10 02:26:48,Research Wing,Ground,Server Room,Lights,0.02,0.02
2026-09-10 02:26:48,Research Wing,Ground,Server Room,Fans,0.015,0.015
2026-09-10 02:26:48,Research Wing,Ground,Server Room,Server Units,4.436,4.436
2026-09-10 03:26:48,Main Block,Ground,Lab 101,AC,0.25,0.25
2026-09-10 03:26:48,Main Block,Ground,Lab 101,Computers,0.08,0.08
2026-09-10 03:26:48,Main Block,Ground,Lab 101,Lights,0.02,0.02
2026-09-10 03:26:48,Main Block,Ground,Lab 101,Fans,0.015,0.015
2026-09-10 03:26:48,Main Block,Ground,Lab 101,Server Units,4.57,4.57
2026-09-10 03:26:48,Main Block,First,Computer Lab 201,AC,0.25,0.25
2026-09-10 03:26:48,Main Block,First,Computer Lab 201,Computers,0.08,0.08
2026-09-10 03:26:48,Main Block,First,Computer Lab 201,Lights,0.02,0.02
2026-09-10 03:26:48,Main Block,First,Computer Lab 201,Fans,0.015,0.015
2026-09-10 03:26:48,Main Block,First,Computer Lab 201,Server Units,4.119,4.119
2026-09-10 03:26:48,Research Wing,Ground,AI Research Lab,AC,0.25,0.25
2026-09-10 03:26:48,Research Wing,Ground,AI Research Lab,Computers,0.08,0.08
2026-09-10 03:26:48,Research Wing,Ground,AI Research Lab,Lights,0.02,0.02
2026-09-10 03:26:48,Research Wing,Ground,AI Research Lab,Fans,0.015,0.015
2026-09-10 03:26:48,Research Wing,Ground,AI Research Lab,Server Units,3.911,3.911
2026-09-10 03:26:48,Research Wing,Ground,Server Room,AC,0.25,0.25
2026-09-10 03:26:48,Research Wing,Ground,Server Room,Computers,0.08,0.08
2026-09-10 03:26:48,Research Wing,Ground,Server Room,Lights,0.02,0.02
2026-09-10 03:26:48,Research Wing,Ground,Server Room,Fans,0.015,0.015
2026-09-10 03:26:48,Research Wing,Ground,Server Room,Server Units,4.544,4.544
2026-09-10 04:26:48,Main Block,Ground,Lab 101,AC,0.25,0.25
2026-09-10 04:26:48,Main Block,Ground,Lab 101,Computers,0.24,0.24
2026-09-10 04:26:48,Main Block,Ground,Lab 101,Lights,0.06,0.06
2026-09-10 04:26:48,Main Block,Ground,Lab 101,Fans,0.015,0.015
2026-09-10 04:26:48,Main Block,Ground,Lab 101,Server Units,3.896,3.896
2026-09-10 04:26:48,Main Block,First,Computer Lab 201,AC,0.25,0.25
2026-09-10 04:26:48,Main Block,First,Computer Lab 201,Computers,0.08,0.08
2026-09-10 04:26:48,Main Block,First,Computer Lab 201,Lights,0.02,0.02
2026-09-10 04:26:48,Main Block,First,Computer Lab 201,Fans,0.015,0.015
2026-09-10 04:26:48,Main Block,First,Computer Lab 201,Server Units,4.48,4.48
2026-09-10 04:26:48,Research Wing,Ground,AI Research Lab,AC,0.75,0.75
2026-09-10 04:26:48,Research Wing,Ground,AI Research Lab,Computers,0.08,0.08
2026-09-10 04:26:48,Research Wing,Ground,AI Research Lab,Lights,0.02,0.02
2026-09-10 04:26:48,Research Wing,Ground,AI Research Lab,Fans,0.015,0.015
2026-09-10 04:26:48,Research Wing,Ground,AI Research Lab,Server Units,4.146,4.146
2026-09-10 04:26:48,Research Wing,Ground,Server Room,AC,0.25,0.25
2026-09-10 04:26:48,Research Wing,Ground,Server Room,Computers,0.24,0.24
2026-09-10 04:26:48,Research Wing,Ground,Server Room,Lights,0.02,0.02
2026-09-10 04:26:48,Research Wing,Ground,Server Room,Fans,0.015,0.015
2026-09-10 04:26:48,Research Wing,Ground,Server Room,Server Units,4.696,4.696
2026-09-10 05:26:48,Main Block,Ground,Lab 101,AC,0.25,0.25
2026-09-10 05:26:48,Main Block,Ground,Lab 101,Computers,0.08,0.08
2026-09-10 05:26:48,Main Block,Ground,Lab 101,Lights,0.02,0.02
2026-09-10 05:26:48,Main Block,Ground,Lab 101,Fans,0.015,0.015
2026-09-10 05:26:48,Main Block,Ground,Lab 101,Server Units,4.628,4.628
2026-09-10 05:26:48,Main Block,First,Computer Lab 201,AC,0.25,0.25
2026-09-10 05:26:48,Main Block,First,Computer Lab 201,Computers,0.08,0.08
2026-09-10 05:26:48,Main Block,First,Computer Lab 201,Lights,0.02,0.02
2026-09-10 05:26:48,Main Block,First,Computer Lab 201,Fans,0.015,0.015
2026-09-10 05:26:48,Main Block,First,Computer Lab 201,Server Units,4.918,4.918
2026-09-10 05:26:48,Research Wing,Ground,AI Research Lab,AC,0.25,0.25
2026-09-10 05:26:48,Research Wing,Ground,AI Research Lab,Computers,0.08,0.08
2026-09-10 05:26:48,Research Wing,Ground,AI Research Lab,Lights,0.02,0.02
2026-09-10 05:26:48,Research Wing,Ground,AI Research Lab,Fans,0.015,0.015
2026-09-10 05:26:48,Research Wing,Ground,AI Research Lab,Server Units,4.842,4.842
2026-09-10 05:26:48,Research Wing,Ground,Server Room,AC,0.25,0.25
2026-09-10 05:26:48,Research Wing,Ground,Server Room,Computers,0.08,0.08
2026-09-10 05:26:48,Research Wing,Ground,Server Room,Lights,0.02,0.02
2026-09-10 05:26:48,Research Wing,Ground,Server Room,Fans,0.015,0.015
2026-09-10 05:26:48,Research Wing,Ground,Server Room,Server Units,4.645,4.645
2026-09-10 06:26:48,Main Block,Ground,Lab 101,AC,0.25,0.25
2026-09-10 06:26:48,Main Block,Ground,Lab 101,Computers,0.08,0.08
2026-09-10 06:26:48,Main Block,Ground,Lab 101,Lights,0.02,0.02
2026-09-10 06:26:48,Main Block,Ground,Lab 101,Fans,0.015,0.015
2026-09-10 06:26:48,Main Block,Ground,Lab 101,Server Units,3.781,3.781
2026-09-10 06:26:48,Main Block,First,Computer Lab 201,AC,0.25,0.25
2026-09-10 06:26:48,Main Block,First,Computer Lab 201,Computers,0.08,0.08
2026-09-10 06:26:48,Main Block,First,Computer Lab 201,Lights,0.02,0.02
2026-09-10 06:26:48,Main Block,First,Computer Lab 201,Fans,0.015,0.015
2026-09-10 06:26:48,Main Block,First,Computer Lab 201,Server Units,4.526,4.526
2026-09-10 06:26:48,Research Wing,Ground,AI Research Lab,AC,0.25,0.25
2026-09-10 06:26:48,Research Wing,Ground,AI Research Lab,Computers,0.08,0.08
2026-09-10 06:26:48,Research Wing,Ground,AI Research Lab,Lights,0.02,0.02
2026-09-10 06:26:48,Research Wing,Ground,AI Research Lab,Fans,0.015,0.015
2026-09-10 06:26:48,Research Wing,Ground,AI Research Lab,Server Units,4.286,4.286
2026-09-10 06:26:48,Research Wing,Ground,Server Room,AC,0.25,0.25
2026-09-10 06:26:48,Research Wing,Ground,Server Room,Computers,0.08,0.08
2026-09-10 06:26:48,Research Wing,Ground,Server Room,Lights,0.02,0.02
2026-09-10 06:26:48,Research Wing,Ground,Server Room,Fans,0.015,0.015
2026-09-10 06:26:48,Research Wing,Ground,Server Room,Server Units,4.139,4.139
2026-09-10 07:26:48,Main Block,Ground,Lab 101,AC,0.25,0.25
2026-09-10 07:26:48,Main Block,Ground,Lab 101,Computers,0.08,0.08
2026-09-10 07:26:48,Main Block,Ground,Lab 101,Lights,0.02,0.02
2026-09-10 07:26:48,Main Block,Ground,Lab 101,Fans,0.015,0.015
2026-09-10 07:26:48,Main Block,Ground,Lab 101,Server Units,3.773,3.773
2026-09-10 07:26:48,Main Block,First,Computer Lab 201,AC,0.25,0.25
2026-09-10 07:26:48,Main Block,First,Computer Lab 201,Computers,0.08,0.08
2026-09-10 07:26:48,Main Block,First,Computer Lab 201,Lights,0.02,0.02
2026-09-10 07:26:48,Main Block,First,Computer Lab 201,Fans,0.015,0.015
2026-09-10 07:26:48,Main Block,First,Computer Lab 201,Server Units,4.431,4.431
2026-09-10 07:26:48,Research Wing,Ground,AI Research Lab,AC,0.25,0.25
2026-09-10 07:26:48,Research Wing,Ground,AI Research Lab,Computers,0.08,0.08
2026-09-10 07:26:48,Research Wing,Ground,AI Research Lab,Lights,0.02,0.02
2026-09-10 07:26:48,Research Wing,Ground,AI Research Lab,Fans,0.015,0.015
2026-09-10 07:26:48,Research Wing,Ground,AI Research Lab,Server Units,4.633,4.633
2026-09-10 07:26:48,Research Wing,Ground,Server Room,AC,0.25,0.25
2026-09-10 07:26:48,Research Wing,Ground,Server Room,Computers,0.08,0.08
2026-09-10 07:26:48,Research Wing,Ground,Server Room,Lights,0.02,0.02
2026-09-10 07:26:48,Research Wing,Ground,Server Room,Fans,0.015,0.015
2026-09-10 07:26:48,Research Wing,Ground,Server Room,Server Units,3.745,3.745
2026-09-10 08:26:48,Main Block,Ground,Lab 101,AC,4.753,4.753
2026-09-10 08:26:48,Main Block,Ground,Lab 101,Computers,1.752,1.752
2026-09-10 08:26:48,Main Block,Ground,Lab 101,Lights,0.259,0.259
2026-09-10 08:26:48,Main Block,Ground,Lab 101,Fans,0.204,0.204
2026-09-10 08:26:48,Main Block,Ground,Lab 101,Server Units,4.502,4.502
2026-09-10 08:26:48,Main Block,First,Computer Lab 201,AC,5.029,5.029
2026-09-10 08:26:48,Main Block,First,Computer Lab 201,Computers,1.816,1.816
2026-09-10 08:26:48,Main Block,First,Computer Lab 201,Lights,0.284,0.284
2026-09-10 08:26:48,Main Block,First,Computer Lab 201,Fans,0.173,0.173
2026-09-10 08:26:48,Main Block,First,Computer Lab 201,Server Units,12.304,12.304
2026-09-10 08:26:48,Research Wing,Ground,AI Research Lab,AC,4.666,4.666
2026-09-10 08:26:48,Research Wing,Ground,AI Research Lab,Computers,1.824,1.824
2026-09-10 08:26:48,Research Wing,Ground,AI Research Lab,Lights,0.284,0.284
2026-09-10 08:26:48,Research Wing,Ground,AI Research Lab,Fans,0.207,0.207
2026-09-10 08:26:48,Research Wing,Ground,AI Research Lab,Server Units,4.063,4.063
2026-09-10 08:26:48,Research Wing,Ground,Server Room,AC,4.653,4.653
2026-09-10 08:26:48,Research Wing,Ground,Server Room,Computers,1.966,1.966
2026-09-10 08:26:48,Research Wing,Ground,Server Room,Lights,0.297,0.297
2026-09-10 08:26:48,Research Wing,Ground,Server Room,Fans,0.172,0.172
2026-09-10 08:26:48,Research Wing,Ground,Server Room,Server Units,4.303,4.303
2026-09-10 09:26:48,Main Block,Ground,Lab 101,AC,4.63,4.63
2026-09-10 09:26:48,Main Block,Ground,Lab 101,Computers,2.202,2.202
2026-09-10 09:26:48,Main Block,Ground,Lab 101,Lights,0.31,0.31
2026-09-10 09:26:48,Main Block,Ground,Lab 101,Fans,0.214,0.214
2026-09-10 09:26:48,Main Block,Ground,Lab 101,Server Units,4.626,4.626
2026-09-10 09:26:48,Main Block,First,Computer Lab 201,AC,5.139,5.139
2026-09-10 09:26:48,Main Block,First,Computer Lab 201,Computers,1.979,1.979
2026-09-10 09:26:48,Main Block,First,Computer Lab 201,Lights,0.328,0.328
2026-09-10 09:26:48,Main Block,First,Computer Lab 201,Fans,0.193,0.193
2026-09-10 09:26:48,Main Block,First,Computer Lab 201,Server Units,4.644,4.644
2026-09-10 09:26:48,Research Wing,Ground,AI Research Lab,AC,4.453,4.453
2026-09-10 09:26:48,Research Wing,Ground,AI Research Lab,Computers,1.834,1.834
2026-09-10 09:26:48,Research Wing,Ground,AI Research Lab,Lights,0.311,0.311
2026-09-10 09:26:48,Research Wing,Ground,AI Research Lab,Fans,0.189,0.189
2026-09-10 09:26:48,Research Wing,Ground,AI Research Lab,Server Units,4.618,4.618
2026-09-10 09:26:48,Research Wing,Ground,Server Room,AC,5.016,5.016
2026-09-10 09:26:48,Research Wing,Ground,Server Room,Computers,1.718,1.718
2026-09-10 09:26:48,Research Wing,Ground,Server Room,Lights,0.287,0.287
2026-09-10 09:26:48,Research Wing,Ground,Server Room,Fans,0.176,0.176
2026-09-10 09:26:48,Research Wing,Ground,Server Room,Server Units,4.538,4.538
2026-09-10 10:26:48,Main Block,Ground,Lab 101,AC,3.964,3.964
2026-09-10 10:26:48,Main Block,Ground,Lab 101,Computers,2.178,2.178
2026-09-10 10:26:48,Main Block,Ground,Lab 101,Lights,0.313,0.313
2026-09-10 10:26:48,Main Block,Ground,Lab 101,Fans,0.197,0.197
2026-09-10 10:26:48,Main Block,Ground,Lab 101,Server Units,4.286,4.286
2026-09-10 10:26:48,Main Block,First,Computer Lab 201,AC,4.565,4.565
2026-09-10 10:26:48,Main Block,First,Computer Lab 201,Computers,1.93,1.93
2026-09-10 10:26:48,Main Block,First,Computer Lab 201,Lights,0.328,0.328
2026-09-10 10:26:48,Main Block,First,Computer Lab 201,Fans,0.212,0.212
2026-09-10 10:26:48,Main Block,First,Computer Lab 201,Server Units,4.779,4.779
2026-09-10 10:26:48,Research Wing,Ground,AI Research Lab,AC,4.144,4.144
2026-09-10 10:26:48,Research Wing,Ground,AI Research Lab,Computers,1.747,1.747
2026-09-10 10:26:48,Research Wing,Ground,AI Research Lab,Lights,0.307,0.307
2026-09-10 10:26:48,Research Wing,Ground,AI Research Lab,Fans,0.2,0.2
2026-09-10 10:26:48,Research Wing,Ground,AI Research Lab,Server Units,4.473,4.473
2026-09-10 10:26:48,Research Wing,Ground,Server Room,AC,4.063,4.063
2026-09-10 10:26:48,Research Wing,Ground,Server Room,Computers,1.742,1.742
2026-09-10 10:26:48,Research Wing,Ground,Server Room,Lights,0.328,0.328
2026-09-10 10:26:48,Research Wing,Ground,Server Room,Fans,0.188,0.188
2026-09-10 10:26:48,Research Wing,Ground,Server Room,Server Units,4.611,4.611
2026-09-10 11:26:48,Main Block,Ground,Lab 101,AC,4.928,4.928
2026-09-10 11:26:48,Main Block,Ground,Lab 101,Computers,2.242,2.242
2026-09-10 11:26:48,Main Block,Ground,Lab 101,Lights,0.255,0.255
2026-09-10 11:26:48,Main Block,Ground,Lab 101,Fans,0.174,0.174
2026-09-10 11:26:48,Main Block,Ground,Lab 101,Server Units,4.255,4.255
2026-09-10 11:26:48,Main Block,First,Computer Lab 201,AC,4.089,4.089
2026-09-10 11:26:48,Main Block,First,Computer Lab 201,Computers,1.89,1.89
2026-09-10 11:26:48,Main Block,First,Computer Lab 201,Lights,0.337,0.337
2026-09-10 11:26:48,Main Block,First,Computer Lab 201,Fans,0.221,0.221
2026-09-10 11:26:48,Main Block,First,Computer Lab 201,Server Units,5.037,5.037
2026-09-10 11:26:48,Research Wing,Ground,AI Research Lab,AC,11.837,11.837
2026-09-10 11:26:48,Research Wing,Ground,AI Research Lab,Computers,2.292,2.292
2026-09-10 11:26:48,Research Wing,Ground,AI Research Lab,Lights,0.266,0.266
2026-09-10 11:26:48,Research Wing,Ground,AI Research Lab,Fans,0.187,0.187
2026-09-10 11:26:48,Research Wing,Ground,AI Research Lab,Server Units,3.81,3.81
2026-09-10 11:26:48,Research Wing,Ground,Server Room,AC,4.933,4.933
2026-09-10 11:26:48,Research Wing,Ground,Server Room,Computers,2.217,2.217
2026-09-10 11:26:48,Research Wing,Ground,Server Room,Lights,0.276,0.276
2026-09-10 11:26:48,Research Wing,Ground,Server Room,Fans,0.189,0.189
2026-09-10 11:26:48,Research Wing,Ground,Server Room,Server Units,4.245,4.245
2026-09-10 12:26:48,Main Block,Ground,Lab 101,AC,4.561,4.561
2026-09-10 12:26:48,Main Block,Ground,Lab 101,Computers,1.985,1.985
2026-09-10 12:26:48,Main Block,Ground,Lab 101,Lights,0.29,0.29
2026-09-10 12:26:48,Main Block,Ground,Lab 101,Fans,0.215,0.215
2026-09-10 12:26:48,Main Block,Ground,Lab 101,Server Units,5.057,5.057
2026-09-10 12:26:48,Main Block,First,Computer Lab 201,AC,4.006,4.006
2026-09-10 12:26:48,Main Block,First,Computer Lab 201,Computers,1.709,1.709
2026-09-10 12:26:48,Main Block,First,Computer Lab 201,Lights,0.299,0.299
2026-09-10 12:26:48,Main Block,First,Computer Lab 201,Fans,0.224,0.224
2026-09-10 12:26:48,Main Block,First,Computer Lab 201,Server Units,4.588,4.588
2026-09-10 12:26:48,Research Wing,Ground,AI Research Lab,AC,4.441,4.441
2026-09-10 12:26:48,Research Wing,Ground,AI Research Lab,Computers,2.063,2.063
2026-09-10 12:26:48,Research Wing,Ground,AI Research Lab,Lights,0.271,0.271
2026-09-10 12:26:48,Research Wing,Ground,AI Research Lab,Fans,0.198,0.198
2026-09-10 12:26:48,Research Wing,Ground,AI Research Lab,Server Units,4.209,4.209
2026-09-10 12:26:48,Research Wing,Ground,Server Room,AC,4.641,4.641
2026-09-10 12:26:48,Research Wing,Ground,Server Room,Computers,2.208,2.208
2026-09-10 12:26:48,Research Wing,Ground,Server Room,Lights,0.3,0.3
2026-09-10 12:26:48,Research Wing,Ground,Server Room,Fans,0.198,0.198
2026-09-10 12:26:48,Research Wing,Ground,Server Room,Server Units,5.031,5.031
2026-09-10 13:26:48,Main Block,Ground,Lab 101,AC,4.777,4.777
2026-09-10 13:26:48,Main Block,Ground,Lab 101,Computers,1.989,1.989
2026-09-10 13:26:48,Main Block,Ground,Lab 101,Lights,0.268,0.268
2026-09-10 13:26:48,Main Block,Ground,Lab 101,Fans,0.223,0.223
2026-09-10 13:26:48,Main Block,Ground,Lab 101,Server Units,4.768,4.768
2026-09-10 13:26:48,Main Block,First,Computer Lab 201,AC,3.931,3.931
2026-09-10 13:26:48,Main Block,First,Computer Lab 201,Computers,1.753,1.753
2026-09-10 13:26:48,Main Block,First,Computer Lab 201,Lights,0.322,0.322
2026-09-10 13:26:48,Main Block,First,Computer Lab 201,Fans,0.17,0.17
2026-09-10 13:26:48,Main Block,First,Computer Lab 201,Server Units,4.793,4.793
2026-09-10 13:26:48,Research Wing,Ground,AI Research Lab,AC,3.896,3.896
2026-09-10 13:26:48,Research Wing,Ground,AI Research Lab,Computers,2.167,2.167
2026-09-10 13:26:48,Research Wing,Ground,AI Research Lab,Lights,0.301,0.301
2026-09-10 13:26:48,Research Wing,Ground,AI Research Lab,Fans,0.209,0.209
2026-09-10 13:26:48,Research Wing,Ground,AI Research Lab,Server Units,5.008,5.008
2026-09-10 13:26:48,Research Wing,Ground,Server Room,AC,4.215,4.215
2026-09-10 13:26:48,Research Wing,Ground,Server Room,Computers,2.254,2.254
2026-09-10 13:26:48,Research Wing,Ground,Server Room,Lights,0.32,0.32
2026-09-10 13:26:48,Research Wing,Ground,Server Room,Fans,0.169,0.169
2026-09-10 13:26:48,Research Wing,Ground,Server Room,Server Units,3.963,3.963
2026-09-10 14:26:48,Main Block,Ground,Lab 101,AC,5.162,5.162
2026-09-10 14:26:48,Main Block,Ground,Lab 101,Computers,2.075,2.075
2026-09-10 14:26:48,Main Block,Ground,Lab 101,Lights,0.262,0.262
2026-09-10 14:26:48,Main Block,Ground,Lab 101,Fans,0.216,0.216
2026-09-10 14:26:48,Main Block,Ground,Lab 101,Server Units,3.915,3.915
2026-09-10 14:26:48,Main Block,First,Computer Lab 201,AC,14.949,14.949
2026-09-10 14:26:48,Main Block,First,Computer Lab 201,Computers,1.767,1.767
2026-09-10 14:26:48,Main Block,First,Computer Lab 201,Lights,0.308,0.308
2026-09-10 14:26:48,Main Block,First,Computer Lab 201,Fans,0.192,0.192
2026-09-10 14:26:48,Main Block,First,Computer Lab 201,Server Units,4.085,4.085
2026-09-10 14:26:48,Research Wing,Ground,AI Research Lab,AC,4.48,4.48
2026-09-10 14:26:48,Research Wing,Ground,AI Research Lab,Computers,2.217,2.217
2026-09-10 14:26:48,Research Wing,Ground,AI Research Lab,Lights,0.263,0.263
2026-09-10 14:26:48,Research Wing,Ground,AI Research Lab,Fans,0.22,0.22
2026-09-10 14:26:48,Research Wing,Ground,AI Research Lab,Server Units,4.395,4.395
2026-09-10 14:26:48,Research Wing,Ground,Server Room,AC,4.865,4.865
2026-09-10 14:26:48,Research Wing,Ground,Server Room,Computers,1.964,1.964
2026-09-10 14:26:48,Research Wing,Ground,Server Room,Lights,0.274,0.274
2026-09-10 14:26:48,Research Wing,Ground,Server Room,Fans,0.186,0.186
2026-09-10 14:26:48,Research Wing,Ground,Server Room,Server Units,4.737,4.737
2026-09-10 15:26:48,Main Block,Ground,Lab 101,AC,4.051,4.051
2026-09-10 15:26:48,Main Block,Ground,Lab 101,Computers,1.881,1.881
2026-09-10 15:26:48,Main Block,Ground,Lab 101,Lights,0.323,0.323
2026-09-10 15:26:48,Main Block,Ground,Lab 101,Fans,0.188,0.188
2026-09-10 15:26:48,Main Block,Ground,Lab 101,Server Units,4.366,4.366
2026-09-10 15:26:48,Main Block,First,Computer Lab 201,AC,15.0,15.0
2026-09-10 15:26:48,Main Block,First,Computer Lab 201,Computers,2.256,2.256
2026-09-10 15:26:48,Main Block,First,Computer Lab 201,Lights,0.316,0.316
2026-09-10 15:26:48,Main Block,First,Computer Lab 201,Fans,0.206,0.206
2026-09-10 15:26:48,Main Block,First,Computer Lab 201,Server Units,4.951,4.951
2026-09-10 15:26:48,Research Wing,Ground,AI Research Lab,AC,5.116,5.116
2026-09-10 15:26:48,Research Wing,Ground,AI Research Lab,Computers,2.251,2.251
2026-09-10 15:26:48,Research Wing,Ground,AI Research Lab,Lights,0.285,0.285
2026-09-10 15:26:48,Research Wing,Ground,AI Research Lab,Fans,0.171,0.171
2026-09-10 15:26:48,Research Wing,Ground,AI Research Lab,Server Units,4.256,4.256
2026-09-10 15:26:48,Research Wing,Ground,Server Room,AC,4.836,4.836
2026-09-10 15:26:48,Research Wing,Ground,Server Room,Computers,2.053,2.053
2026-09-10 15:26:48,Research Wing,Ground,Server Room,Lights,0.285,0.285
2026-09-10 15:26:48,Research Wing,Ground,Server Room,Fans,0.176,0.176
2026-09-10 15:26:48,Research Wing,Ground,Server Room,Server Units,4.628,4.628
2026-09-10 16:26:48,Main Block,Ground,Lab 101,AC,3.841,3.841
2026-09-10 16:26:48,Main Block,Ground,Lab 101,Computers,1.762,1.762
2026-09-10 16:26:48,Main Block,Ground,Lab 101,Lights,0.275,0.275
2026-09-10 16:26:48,Main Block,Ground,Lab 101,Fans,0.531,0.531
2026-09-10 16:26:48,Main Block,Ground,Lab 101,Server Units,3.861,3.861
2026-09-10 16:26:48,Main Block,First,Computer Lab 201,AC,4.711,4.711
2026-09-10 16:26:48,Main Block,First,Computer Lab 201,Computers,2.27,2.27
2026-09-10 16:26:48,Main Block,First,Computer Lab 201,Lights,0.319,0.319
2026-09-10 16:26:48,Main Block,First,Computer Lab 201,Fans,0.216,0.216
2026-09-10 16:26:48,Main Block,First,Computer Lab 201,Server Units,4.606,4.606
2026-09-10 16:26:48,Research Wing,Ground,AI Research Lab,AC,4.589,4.589
2026-09-10 16:26:48,Research Wing,Ground,AI Research Lab,Computers,2.238,2.238
2026-09-10 16:26:48,Research Wing,Ground,AI Research Lab,Lights,0.278,0.278
2026-09-10 16:26:48,Research Wing,Ground,AI Research Lab,Fans,0.221,0.221
2026-09-10 16:26:48,Research Wing,Ground,AI Research Lab,Server Units,4.958,4.958
2026-09-10 16:26:48,Research Wing,Ground,Server Room,AC,4.401,4.401
2026-09-10 16:26:48,Research Wing,Ground,Server Room,Computers,2.162,2.162
2026-09-10 16:26:48,Research Wing,Ground,Server Room,Lights,0.27,0.27
2026-09-10 16:26:48,Research Wing,Ground,Server Room,Fans,0.211,0.211
2026-09-10 16:26:48,Research Wing,Ground,Server Room,Server Units,4.179,4.179
2026-09-10 17:26:48,Main Block,Ground,Lab 101,AC,5.115,5.115
2026-09-10 17:26:48,Main Block,Ground,Lab 101,Computers,1.964,1.964
2026-09-10 17:26:48,Main Block,Ground,Lab 101,Lights,0.339,0.339
2026-09-10 17:26:48,Main Block,Ground,Lab 101,Fans,0.176,0.176
2026-09-10 17:26:48,Main Block,Ground,Lab 101,Server Units,3.93,3.93
2026-09-10 17:26:48,Main Block,First,Computer Lab 201,AC,4.12,4.12
2026-09-10 17:26:48,Main Block,First,Computer Lab 201,Computers,2.248,2.248
2026-09-10 17:26:48,Main Block,First,Computer Lab 201,Lights,0.264,0.264
2026-09-10 17:26:48,Main Block,First,Computer Lab 201,Fans,0.199,0.199
2026-09-10 17:26:48,Main Block,First,Computer Lab 201,Server Units,4.329,4.329
2026-09-10 17:26:48,Research Wing,Ground,AI Research Lab,AC,4.026,4.026
2026-09-10 17:26:48,Research Wing,Ground,AI Research Lab,Computers,2.26,2.26
2026-09-10 17:26:48,Research Wing,Ground,AI Research Lab,Lights,0.279,0.279
2026-09-10 17:26:48,Research Wing,Ground,AI Research Lab,Fans,0.219,0.219
2026-09-10 17:26:48,Research Wing,Ground,AI Research Lab,Server Units,4.42,4.42
2026-09-10 17:26:48,Research Wing,Ground,Server Room,AC,4.487,4.487
2026-09-10 17:26:48,Research Wing,Ground,Server Room,Computers,2.206,2.206
2026-09-10 17:26:48,Research Wing,Ground,Server Room,Lights,0.326,0.326
2026-09-10 17:26:48,Research Wing,Ground,Server Room,Fans,0.166,0.166
2026-09-10 17:26:48,Research Wing,Ground,Server Room,Server Units,4.82,4.82
2026-09-10 18:26:48,Main Block,Ground,Lab 101,AC,4.591,4.591
2026-09-10 18:26:48,Main Block,Ground,Lab 101,Computers,1.915,1.915
2026-09-10 18:26:48,Main Block,Ground,Lab 101,Lights,0.291,0.291
2026-09-10 18:26:48,Main Block,Ground,Lab 101,Fans,0.222,0.222
2026-09-10 18:26:48,Main Block,Ground,Lab 101,Server Units,4.446,4.446
2026-09-10 18:26:48,Main Block,First,Computer Lab 201,AC,3.934,3.934
2026-09-10 18:26:48,Main Block,First,Computer Lab 201,Computers,2.16,2.16
2026-09-10 18:26:48,Main Block,First,Computer Lab 201,Lights,0.271,0.271
2026-09-10 18:26:48,Main Block,First,Computer Lab 201,Fans,0.188,0.188
2026-09-10 18:26:48,Main Block,First,Computer Lab 201,Server Units,4.659,4.659
2026-09-10 18:26:48,Research Wing,Ground,AI Research Lab,AC,4.676,4.676
2026-09-10 18:26:48,Research Wing,Ground,AI Research Lab,Computers,1.751,1.751
2026-09-10 18:26:48,Research Wing,Ground,AI Research Lab,Lights,0.321,0.321
2026-09-10 18:26:48,Research Wing,Ground,AI Research Lab,Fans,0.177,0.177
2026-09-10 18:26:48,Research Wing,Ground,AI Research Lab,Server Units,4.523,4.523
2026-09-10 18:26:48,Research Wing,Ground,Server Room,AC,3.91,3.91
2026-09-10 18:26:48,Research Wing,Ground,Server Room,Computers,1.885,1.885
2026-09-10 18:26:48,Research Wing,Ground,Server Room,Lights,0.33,0.33
2026-09-10 18:26:48,Research Wing,Ground,Server Room,Fans,0.224,0.224
2026-09-10 18:26:48,Research Wing,Ground,Server Room,Server Units,3.814,3.814
2026-09-10 19:26:48,Main Block,Ground,Lab 101,AC,0.25,0.25
2026-09-10 19:26:48,Main Block,Ground,Lab 101,Computers,0.08,0.08
2026-09-10 19:26:48,Main Block,Ground,Lab 101,Lights,0.02,0.02
2026-09-10 19:26:48,Main Block,Ground,Lab 101,Fans,0.015,0.015
2026-09-10 19:26:48,Main Block,Ground,Lab 101,Server Units,4.345,4.345
2026-09-10 19:26:48,Main Block,First,Computer Lab 201,AC,0.25,0.25
2026-09-10 19:26:48,Main Block,First,Computer Lab 201,Computers,0.08,0.08
2026-09-10 19:26:48,Main Block,First,Computer Lab 201,Lights,0.02,0.02
2026-09-10 19:26:48,Main Block,First,Computer Lab 201,Fans,0.015,0.015
2026-09-10 19:26:48,Main Block,First,Computer Lab 201,Server Units,3.789,3.789
2026-09-10 19:26:48,Research Wing,Ground,AI Research Lab,AC,0.25,0.25
2026-09-10 19:26:48,Research Wing,Ground,AI Research Lab,Computers,0.08,0.08
2026-09-10 19:26:48,Research Wing,Ground,AI Research Lab,Lights,0.02,0.02
2026-09-10 19:26:48,Research Wing,Ground,AI Research Lab,Fans,0.015,0.015
2026-09-10 19:26:48,Research Wing,Ground,AI Research Lab,Server Units,4.666,4.666
2026-09-10 19:26:48,Research Wing,Ground,Server Room,AC,0.25,0.25
2026-09-10 19:26:48,Research Wing,Ground,Server Room,Computers,0.08,0.08
2026-09-10 19:26:48,Research Wing,Ground,Server Room,Lights,0.02,0.02
2026-09-10 19:26:48,Research Wing,Ground,Server Room,Fans,0.015,0.015
2026-09-10 19:26:48,Research Wing,Ground,Server Room,Server Units,4.342,4.342
2026-09-10 20:26:48,Main Block,Ground,Lab 101,AC,0.25,0.25
2026-09-10 20:26:48,Main Block,Ground,Lab 101,Computers,0.08,0.08
2026-09-10 20:26:48,Main Block,Ground,Lab 101,Lights,0.02,0.02
2026-09-10 20:26:48,Main Block,Ground,Lab 101,Fans,0.015,0.015
2026-09-10 20:26:48,Main Block,Ground,Lab 101,Server Units,4.795,4.795
2026-09-10 20:26:48,Main Block,First,Computer Lab 201,AC,0.25,0.25
2026-09-10 20:26:48,Main Block,First,Computer Lab 201,Computers,0.08,0.08
2026-09-10 20:26:48,Main Block,First,Computer Lab 201,Lights,0.02,0.02
2026-09-10 20:26:48,Main Block,First,Computer Lab 201,Fans,0.015,0.015
2026-09-10 20:26:48,Main Block,First,Computer Lab 201,Server Units,4.635,4.635
2026-09-10 20:26:48,Research Wing,Ground,AI Research Lab,AC,0.25,0.25
2026-09-10 20:26:48,Research Wing,Ground,AI Research Lab,Computers,0.08,0.08
2026-09-10 20:26:48,Research Wing,Ground,AI Research Lab,Lights,0.02,0.02
2026-09-10 20:26:48,Research Wing,Ground,AI Research Lab,Fans,0.015,0.015
2026-09-10 20:26:48,Research Wing,Ground,AI Research Lab,Server Units,4.787,4.787
2026-09-10 20:26:48,Research Wing,Ground,Server Room,AC,0.25,0.25
2026-09-10 20:26:48,Research Wing,Ground,Server Room,Computers,0.08,0.08
2026-09-10 20:26:48,Research Wing,Ground,Server Room,Lights,0.02,0.02
2026-09-10 20:26:48,Research Wing,Ground,Server Room,Fans,0.015,0.015
2026-09-10 20:26:48,Research Wing,Ground,Server Room,Server Units,4.288,4.288
2026-09-10 21:26:48,Main Block,Ground,Lab 101,AC,0.25,0.25
2026-09-10 21:26:48,Main Block,Ground,Lab 101,Computers,0.08,0.08
2026-09-10 21:26:48,Main Block,Ground,Lab 101,Lights,0.02,0.02
2026-09-10 21:26:48,Main Block,Ground,Lab 101,Fans,0.015,0.015
2026-09-10 21:26:48,Main Block,Ground,Lab 101,Server Units,3.872,3.872
2026-09-10 21:26:48,Main Block,First,Computer Lab 201,AC,0.25,0.25
2026-09-10 21:26:48,Main Block,First,Computer Lab 201,Computers,0.08,0.08
2026-09-10 21:26:48,Main Block,First,Computer Lab 201,Lights,0.06,0.06
2026-09-10 21:26:48,Main Block,First,Computer Lab 201,Fans,0.015,0.015
2026-09-10 21:26:48,Main Block,First,Computer Lab 201,Server Units,3.748,3.748
2026-09-10 21:26:48,Research Wing,Ground,AI Research Lab,AC,0.25,0.25
2026-09-10 21:26:48,Research Wing,Ground,AI Research Lab,Computers,0.08,0.08
2026-09-10 21:26:48,Research Wing,Ground,AI Research Lab,Lights,0.02,0.02
2026-09-10 21:26:48,Research Wing,Ground,AI Research Lab,Fans,0.015,0.015
2026-09-10 21:26:48,Research Wing,Ground,AI Research Lab,Server Units,4.806,4.806
2026-09-10 21:26:48,Research Wing,Ground,Server Room,AC,0.25,0.25
2026-09-10 21:26:48,Research Wing,Ground,Server Room,Computers,0.08,0.08
2026-09-10 21:26:48,Research Wing,Ground,Server Room,Lights,0.02,0.02
2026-09-10 21:26:48,Research Wing,Ground,Server Room,Fans,0.015,0.015
2026-09-10 21:26:48,Research Wing,Ground,Server Room,Server Units,4.284,4.284
2026-09-10 22:26:48,Main Block,Ground,Lab 101,AC,0.25,0.25
2026-09-10 22:26:48,Main Block,Ground,Lab 101,Computers,0.08,0.08
2026-09-10 22:26:48,Main Block,Ground,Lab 101,Lights,0.02,0.02
2026-09-10 22:26:48,Main Block,Ground,Lab 101,Fans,0.015,0.015
2026-09-10 22:26:48,Main Block,Ground,Lab 101,Server Units,4.994,4.994
2026-09-10 22:26:48,Main Block,First,Computer Lab 201,AC,0.25,0.25
2026-09-10 22:26:48,Main Block,First,Computer Lab 201,Computers,0.08,0.08
2026-09-10 22:26:48,Main Block,First,Computer Lab 201,Lights,0.06,0.06
2026-09-10 22:26:48,Main Block,First,Computer Lab 201,Fans,0.015,0.015
2026-09-10 22:26:48,Main Block,First,Computer Lab 201,Server Units,3.895,3.895
2026-09-10 22:26:48,Research Wing,Ground,AI Research Lab,AC,0.25,0.25
2026-09-10 22:26:48,Research Wing,Ground,AI Research Lab,Computers,0.08,0.08
2026-09-10 22:26:48,Research Wing,Ground,AI Research Lab,Lights,0.02,0.02
2026-09-10 22:26:48,Research Wing,Ground,AI Research Lab,Fans,0.015,0.015
2026-09-10 22:26:48,Research Wing,Ground,AI Research Lab,Server Units,4.029,4.029
2026-09-10 22:26:48,Research Wing,Ground,Server Room,AC,0.25,0.25
2026-09-10 22:26:48,Research Wing,Ground,Server Room,Computers,0.08,0.08
2026-09-10 22:26:48,Research Wing,Ground,Server Room,Lights,0.02,0.02
2026-09-10 22:26:48,Research Wing,Ground,Server Room,Fans,0.015,0.015
2026-09-10 22:26:48,Research Wing,Ground,Server Room,Server Units,4.645,4.645
2026-09-10 23:26:48,Main Block,Ground,Lab 101,AC,0.25,0.25
2026-09-10 23:26:48,Main Block,Ground,Lab 101,Computers,0.08,0.08
2026-09-10 23:26:48,Main Block,Ground,Lab 101,Lights,0.02,0.02
2026-09-10 23:26:48,Main Block,Ground,Lab 101,Fans,0.015,0.015
2026-09-10 23:26:48,Main Block,Ground,Lab 101,Server Units,4.591,4.591
2026-09-10 23:26:48,Main Block,First,Computer Lab 201,AC,0.25,0.25
2026-09-10 23:26:48,Main Block,First,Computer Lab 201,Computers,0.08,0.08
2026-09-10 23:26:48,Main Block,First,Computer Lab 201,Lights,0.02,0.02
2026-09-10 23:26:48,Main Block,First,Computer Lab 201,Fans,0.015,0.015
2026-09-10 23:26:48,Main Block,First,Computer Lab 201,Server Units,3.797,3.797
2026-09-10 23:26:48,Research Wing,Ground,AI Research Lab,AC,0.25,0.25
2026-09-10 23:26:48,Research Wing,Ground,AI Research Lab,Computers,0.08,0.08
2026-09-10 23:26:48,Research Wing,Ground,AI Research Lab,Lights,0.02,0.02
2026-09-10 23:26:48,Research Wing,Ground,AI Research Lab,Fans,0.015,0.015
2026-09-10 23:26:48,Research Wing,Ground,AI Research Lab,Server Units,3.893,3.893
2026-09-10 23:26:48,Research Wing,Ground,Server Room,AC,0.25,0.25
2026-09-10 23:26:48,Research Wing,Ground,Server Room,Computers,0.08,0.08
2026-09-10 23:26:48,Research Wing,Ground,Server Room,Lights,0.02,0.02
2026-09-10 23:26:48,Research Wing,Ground,Server Room,Fans,0.015,0.015
2026-09-10 23:26:48,Research Wing,Ground,Server Room,Server Units,4.633,4.633
2026-09-11 00:26:48,Main Block,Ground,Lab 101,AC,0.25,0.25
2026-09-11 00:26:48,Main Block,Ground,Lab 101,Computers,0.08,0.08
2026-09-11 00:26:48,Main Block,Ground,Lab 101,Lights,0.02,0.02
2026-09-11 00:26:48,Main Block,Ground,Lab 101,Fans,0.015,0.015
2026-09-11 00:26:48,Main Block,Ground,Lab 101,Server Units,4.888,4.888
2026-09-11 00:26:48,Main Block,First,Computer Lab 201,AC,0.25,0.25
2026-09-11 00:26:48,Main Block,First,Computer Lab 201,Computers,0.08,0.08
2026-09-11 00:26:48,Main Block,First,Computer Lab 201,Lights,0.02,0.02
2026-09-11 00:26:48,Main Block,First,Computer Lab 201,Fans,0.015,0.015
2026-09-11 00:26:48,Main Block,First,Computer Lab 201,Server Units,3.931,3.931
2026-09-11 00:26:48,Research Wing,Ground,AI Research Lab,AC,0.25,0.25
2026-09-11 00:26:48,Research Wing,Ground,AI Research Lab,Computers,0.08,0.08
2026-09-11 00:26:48,Research Wing,Ground,AI Research Lab,Lights,0.02,0.02
2026-09-11 00:26:48,Research Wing,Ground,AI Research Lab,Fans,0.015,0.015
2026-09-11 00:26:48,Research Wing,Ground,AI Research Lab,Server Units,4.574,4.574
2026-09-11 00:26:48,Research Wing,Ground,Server Room,AC,0.25,0.25
2026-09-11 00:26:48,Research Wing,Ground,Server Room,Computers,0.08,0.08
2026-09-11 00:26:48,Research Wing,Ground,Server Room,Lights,0.02,0.02
2026-09-11 00:26:48,Research Wing,Ground,Server Room,Fans,0.015,0.015
2026-09-11 00:26:48,Research Wing,Ground,Server Room,Server Units,3.92,3.92
2026-09-11 01:26:48,Main Block,Ground,Lab 101,AC,0.25,0.25
2026-09-11 01:26:48,Main Block,Ground,Lab 101,Computers,0.08,0.08
2026-09-11 01:26:48,Main Block,Ground,Lab 101,Lights,0.02,0.02
2026-09-11 01:26:48,Main Block,Ground,Lab 101,Fans,0.015,0.015
2026-09-11 01:26:48,Main Block,Ground,Lab 101,Server Units,4.537,4.537
2026-09-11 01:26:48,Main Block,First,Computer Lab 201,AC,0.25,0.25
2026-09-11 01:26:48,Main Block,First,Computer Lab 201,Computers,0.08,0.08
2026-09-11 01:26:48,Main Block,First,Computer Lab 201,Lights,0.02,0.02
2026-09-11 01:26:48,Main Block,First,Computer Lab 201,Fans,0.015,0.015
2026-09-11 01:26:48,Main Block,First,Computer Lab 201,Server Units,4.869,4.869
2026-09-11 01:26:48,Research Wing,Ground,AI Research Lab,AC,0.25,0.25
2026-09-11 01:26:48,Research Wing,Ground,AI Research Lab,Computers,0.08,0.08
2026-09-11 01:26:48,Research Wing,Ground,AI Research Lab,Lights,0.02,0.02
2026-09-11 01:26:48,Research Wing,Ground,AI Research Lab,Fans,0.015,0.015
2026-09-11 01:26:48,Research Wing,Ground,AI Research Lab,Server Units,4.845,4.845
2026-09-11 01:26:48,Research Wing,Ground,Server Room,AC,0.25,0.25
2026-09-11 01:26:48,Research Wing,Ground,Server Room,Computers,0.08,0.08
2026-09-11 01:26:48,Research Wing,Ground,Server Room,Lights,0.02,0.02
2026-09-11 01:26:48,Research Wing,Ground,Server Room,Fans,0.015,0.015
2026-09-11 01:26:48,Research Wing,Ground,Server Room,Server Units,4.505,4.505
2026-09-11 02:26:48,Main Block,Ground,Lab 101,AC,0.25,0.25
2026-09-11 02:26:48,Main Block,Ground,Lab 101,Computers,0.08,0.08
2026-09-11 02:26:48,Main Block,Ground,Lab 101,Lights,0.02,0.02
2026-09-11 02:26:48,Main Block,Ground,Lab 101,Fans,0.045,0.045
2026-09-11 02:26:48,Main Block,Ground,Lab 101,Server Units,5.034,5.034
2026-09-11 02:26:48,Main Block,First,Computer Lab 201,AC,0.25,0.25
2026-09-11 02:26:48,Main Block,First,Computer Lab 201,Computers,0.08,0.08
2026-09-11 02:26:48,Main Block,First,Computer Lab 201,Lights,0.02,0.02
2026-09-11 02:26:48,Main Block,First,Computer Lab 201,Fans,0.015,0.015
2026-09-11 02:26:48,Main Block,First,Computer Lab 201,Server Units,4.373,4.373
2026-09-11 02:26:48,Research Wing,Ground,AI Research Lab,AC,0.25,0.25
2026-09-11 02:26:48,Research Wing,Ground,AI Research Lab,Computers,0.08,0.08
2026-09-11 02:26:48,Research Wing,Ground,AI Research Lab,Lights,0.02,0.02
2026-09-11 02:26:48,Research Wing,Ground,AI Research Lab,Fans,0.015,0.015
2026-09-11 02:26:48,Research Wing,Ground,AI Research Lab,Server Units,3.756,3.756
2026-09-11 02:26:48,Research Wing,Ground,Server Room,AC,0.25,0.25
2026-09-11 02:26:48,Research Wing,Ground,Server Room,Computers,0.08,0.08
2026-09-11 02:26:48,Research Wing,Ground,Server Room,Lights,0.02,0.02
2026-09-11 02:26:48,Research Wing,Ground,Server Room,Fans,0.015,0.015
2026-09-11 02:26:48,Research Wing,Ground,Server Room,Server Units,3.86,3.86
2026-09-11 03:26:48,Main Block,Ground,Lab 101,AC,0.25,0.25
2026-09-11 03:26:48,Main Block,Ground,Lab 101,Computers,0.08,0.08
2026-09-11 03:26:48,Main Block,Ground,Lab 101,Lights,0.02,0.02
2026-09-11 03:26:48,Main Block,Ground,Lab 101,Fans,0.015,0.015
2026-09-11 03:26:48,Main Block,Ground,Lab 101,Server Units,3.772,3.772
2026-09-11 03:26:48,Main Block,First,Computer Lab 201,AC,0.25,0.25
2026-09-11 03:26:48,Main Block,First,Computer Lab 201,Computers,0.08,0.08
2026-09-11 03:26:48,Main Block,First,Computer Lab 201,Lights,0.02,0.02
2026-09-11 03:26:48,Main Block,First,Computer Lab 201,Fans,0.015,0.015
2026-09-11 03:26:48,Main Block,First,Computer Lab 201,Server Units,4.229,4.229
2026-09-11 03:26:48,Research Wing,Ground,AI Research Lab,AC,0.25,0.25
2026-09-11 03:26:48,Research Wing,Ground,AI Research Lab,Computers,0.08,0.08
2026-09-11 03:26:48,Research Wing,Ground,AI Research Lab,Lights,0.02,0.02
2026-09-11 03:26:48,Research Wing,Ground,AI Research Lab,Fans,0.015,0.015
2026-09-11 03:26:48,Research Wing,Ground,AI Research Lab,Server Units,4.179,4.179
2026-09-11 03:26:48,Research Wing,Ground,Server Room,AC,0.25,0.25
2026-09-11 03:26:48,Research Wing,Ground,Server Room,Computers,0.08,0.08
2026-09-11 03:26:48,Research Wing,Ground,Server Room,Lights,0.02,0.02
2026-09-11 03:26:48,Research Wing,Ground,Server Room,Fans,0.015,0.015
2026-09-11 03:26:48,Research Wing,Ground,Server Room,Server Units,4.789,4.789
2026-09-11 04:26:48,Main Block,Ground,Lab 101,AC,0.25,0.25
2026-09-11 04:26:48,Main Block,Ground,Lab 101,Computers,0.08,0.08
2026-09-11 04:26:48,Main Block,Ground,Lab 101,Lights,0.02,0.02
2026-09-11 04:26:48,Main Block,Ground,Lab 101,Fans,0.015,0.015
2026-09-11 04:26:48,Main Block,Ground,Lab 101,Server Units,4.988,4.988
2026-09-11 04:26:48,Main Block,First,Computer Lab 201,AC,0.25,0.25
2026-09-11 04:26:48,Main Block,First,Computer Lab 201,Computers,0.08,0.08
2026-09-11 04:26:48,Main Block,First,Computer Lab 201,Lights,0.02,0.02
2026-09-11 04:26:48,Main Block,First,Computer Lab 201,Fans,0.015,0.015
2026-09-11 04:26:48,Main Block,First,Computer Lab 201,Server Units,4.223,4.223
2026-09-11 04:26:48,Research Wing,Ground,AI Research Lab,AC,0.25,0.25
2026-09-11 04:26:48,Research Wing,Ground,AI Research Lab,Computers,0.08,0.08
2026-09-11 04:26:48,Research Wing,Ground,AI Research Lab,Lights,0.02,0.02
2026-09-11 04:26:48,Research Wing,Ground,AI Research Lab,Fans,0.015,0.015
2026-09-11 04:26:48,Research Wing,Ground,AI Research Lab,Server Units,5.035,5.035
2026-09-11 04:26:48,Research Wing,Ground,Server Room,AC,0.25,0.25
2026-09-11 04:26:48,Research Wing,Ground,Server Room,Computers,0.08,0.08
2026-09-11 04:26:48,Research Wing,Ground,Server Room,Lights,0.02,0.02
2026-09-11 04:26:48,Research Wing,Ground,Server Room,Fans,0.015,0.015
2026-09-11 04:26:48,Research Wing,Ground,Server Room,Server Units,5.006,5.006
2026-09-11 05:26:48,Main Block,Ground,Lab 101,AC,0.25,0.25
2026-09-11 05:26:48,Main Block,Ground,Lab 101,Computers,0.08,0.08
2026-09-11 05:26:48,Main Block,Ground,Lab 101,Lights,0.02,0.02
2026-09-11 05:26:48,Main Block,Ground,Lab 101,Fans,0.015,0.015
2026-09-11 05:26:48,Main Block,Ground,Lab 101,Server Units,4.638,4.638
2026-09-11 05:26:48,Main Block,First,Computer Lab 201,AC,0.25,0.25
2026-09-11 05:26:48,Main Block,First,Computer Lab 201,Computers,0.08,0.08
2026-09-11 05:26:48,Main Block,First,Computer Lab 201,Lights,0.02,0.02
2026-09-11 05:26:48,Main Block,First,Computer Lab 201,Fans,0.015,0.015
2026-09-11 05:26:48,Main Block,First,Computer Lab 201,Server Units,3.902,3.902
2026-09-11 05:26:48,Research Wing,Ground,AI Research Lab,AC,0.25,0.25
2026-09-11 05:26:48,Research Wing,Ground,AI Research Lab,Computers,0.08,0.08
2026-09-11 05:26:48,Research Wing,Ground,AI Research Lab,Lights,0.02,0.02
2026-09-11 05:26:48,Research Wing,Ground,AI Research Lab,Fans,0.015,0.015
2026-09-11 05:26:48,Research Wing,Ground,AI Research Lab,Server Units,4.796,4.796
2026-09-11 05:26:48,Research Wing,Ground,Server Room,AC,0.25,0.25
2026-09-11 05:26:48,Research Wing,Ground,Server Room,Computers,0.08,0.08
2026-09-11 05:26:48,Research Wing,Ground,Server Room,Lights,0.02,0.02
2026-09-11 05:26:48,Research Wing,Ground,Server Room,Fans,0.015,0.015
2026-09-11 05:26:48,Research Wing,Ground,Server Room,Server Units,4.344,4.344
2026-09-11 06:26:48,Main Block,Ground,Lab 101,AC,0.25,0.25
2026-09-11 06:26:48,Main Block,Ground,Lab 101,Computers,0.08,0.08
2026-09-11 06:26:48,Main Block,Ground,Lab 101,Lights,0.02,0.02
2026-09-11 06:26:48,Main Block,Ground,Lab 101,Fans,0.015,0.015
2026-09-11 06:26:48,Main Block,Ground,Lab 101,Server Units,4.104,4.104
2026-09-11 06:26:48,Main Block,First,Computer Lab 201,AC,0.25,0.25
2026-09-11 06:26:48,Main Block,First,Computer Lab 201,Computers,0.08,0.08
2026-09-11 06:26:48,Main Block,First,Computer Lab 201,Lights,0.02,0.02
2026-09-11 06:26:48,Main Block,First,Computer Lab 201,Fans,0.015,0.015
2026-09-11 06:26:48,Main Block,First,Computer Lab 201,Server Units,4.127,4.127
2026-09-11 06:26:48,Research Wing,Ground,AI Research Lab,AC,0.25,0.25
2026-09-11 06:26:48,Research Wing,Ground,AI Research Lab,Computers,0.08,0.08
2026-09-11 06:26:48,Research Wing,Ground,AI Research Lab,Lights,0.02,0.02
2026-09-11 06:26:48,Research Wing,Ground,AI Research Lab,Fans,0.015,0.015
2026-09-11 06:26:48,Research Wing,Ground,AI Research Lab,Server Units,4.591,4.591
2026-09-11 06:26:48,Research Wing,Ground,Server Room,AC,0.25,0.25
2026-09-11 06:26:48,Research Wing,Ground,Server Room,Computers,0.08,0.08
2026-09-11 06:26:48,Research Wing,Ground,Server Room,Lights,0.02,0.02
2026-09-11 06:26:48,Research Wing,Ground,Server Room,Fans,0.015,0.015
2026-09-11 06:26:48,Research Wing,Ground,Server Room,Server Units,4.591,4.591
2026-09-11 07:26:48,Main Block,Ground,Lab 101,AC,0.25,0.25
2026-09-11 07:26:48,Main Block,Ground,Lab 101,Computers,0.08,0.08
2026-09-11 07:26:48,Main Block,Ground,Lab 101,Lights,0.02,0.02
2026-09-11 07:26:48,Main Block,Ground,Lab 101,Fans,0.015,0.015
2026-09-11 07:26:48,Main Block,Ground,Lab 101,Server Units,4.66,4.66
2026-09-11 07:26:48,Main Block,First,Computer Lab 201,AC,0.25,0.25
2026-09-11 07:26:48,Main Block,First,Computer Lab 201,Computers,0.08,0.08
2026-09-11 07:26:48,Main Block,First,Computer Lab 201,Lights,0.02,0.02
2026-09-11 07:26:48,Main Block,First,Computer Lab 201,Fans,0.015,0.015
2026-09-11 07:26:48,Main Block,First,Computer Lab 201,Server Units,3.967,3.967
2026-09-11 07:26:48,Research Wing,Ground,AI Research Lab,AC,0.25,0.25
2026-09-11 07:26:48,Research Wing,Ground,AI Research Lab,Computers,0.08,0.08
2026-09-11 07:26:48,Research Wing,Ground,AI Research Lab,Lights,0.02,0.02
2026-09-11 07:26:48,Research Wing,Ground,AI Research Lab,Fans,0.015,0.015
2026-09-11 07:26:48,Research Wing,Ground,AI Research Lab,Server Units,4.206,4.206
2026-09-11 07:26:48,Research Wing,Ground,Server Room,AC,0.25,0.25
2026-09-11 07:26:48,Research Wing,Ground,Server Room,Computers,0.08,0.08
2026-09-11 07:26:48,Research Wing,Ground,Server Room,Lights,0.02,0.02
2026-09-11 07:26:48,Research Wing,Ground,Server Room,Fans,0.015,0.015
2026-09-11 07:26:48,Research Wing,Ground,Server Room,Server Units,5.025,5.025
2026-09-11 08:26:48,Main Block,Ground,Lab 101,AC,4.76,4.76
2026-09-11 08:26:48,Main Block,Ground,Lab 101,Computers,1.792,1.792
2026-09-11 08:26:48,Main Block,Ground,Lab 101,Lights,0.259,0.259
2026-09-11 08:26:48,Main Block,Ground,Lab 101,Fans,0.173,0.173
2026-09-11 08:26:48,Main Block,Ground,Lab 101,Server Units,3.984,3.984
2026-09-11 08:26:48,Main Block,First,Computer Lab 201,AC,3.872,3.872
2026-09-11 08:26:48,Main Block,First,Computer Lab 201,Computers,1.906,1.906
2026-09-11 08:26:48,Main Block,First,Computer Lab 201,Lights,0.304,0.304
2026-09-11 08:26:48,Main Block,First,Computer Lab 201,Fans,0.183,0.183
2026-09-11 08:26:48,Main Block,First,Computer Lab 201,Server Units,4.274,4.274
2026-09-11 08:26:48,Research Wing,Ground,AI Research Lab,AC,4.021,4.021
2026-09-11 08:26:48,Research Wing,Ground,AI Research Lab,Computers,5.676,5.676
2026-09-11 08:26:48,Research Wing,Ground,AI Research Lab,Lights,0.321,0.321
2026-09-11 08:26:48,Research Wing,Ground,AI Research Lab,Fans,0.185,0.185
2026-09-11 08:26:48,Research Wing,Ground,AI Research Lab,Server Units,4.366,4.366
2026-09-11 08:26:48,Research Wing,Ground,Server Room,AC,5.099,5.099
2026-09-11 08:26:48,Research Wing,Ground,Server Room,Computers,2.044,2.044
2026-09-11 08:26:48,Research Wing,Ground,Server Room,Lights,0.306,0.306
2026-09-11 08:26:48,Research Wing,Ground,Server Room,Fans,0.192,0.192
2026-09-11 08:26:48,Research Wing,Ground,Server Room,Server Units,4.706,4.706
2026-09-11 09:26:48,Main Block,Ground,Lab 101,AC,4.013,4.013
2026-09-11 09:26:48,Main Block,Ground,Lab 101,Computers,1.885,1.885
2026-09-11 09:26:48,Main Block,Ground,Lab 101,Lights,0.331,0.331
2026-09-11 09:26:48,Main Block,Ground,Lab 101,Fans,0.171,0.171
2026-09-11 09:26:48,Main Block,Ground,Lab 101,Server Units,4.587,4.587
2026-09-11 09:26:48,Main Block,First,Computer Lab 201,AC,4.125,4.125
2026-09-11 09:26:48,Main Block,First,Computer Lab 201,Computers,5.6,5.6
2026-09-11 09:26:48,Main Block,First,Computer Lab 201,Lights,0.303,0.303
2026-09-11 09:26:48,Main Block,First,Computer Lab 201,Fans,0.205,0.205
2026-09-11 09:26:48,Main Block,First,Computer Lab 201,Server Units,4.416,4.416
2026-09-11 09:26:48,Research Wing,Ground,AI Research Lab,AC,4.254,4.254
2026-09-11 09:26:48,Research Wing,Ground,AI Research Lab,Computers,2.266,2.266
2026-09-11 09:26:48,Research Wing,Ground,AI Research Lab,Lights,0.287,0.287
2026-09-11 09:26:48,Research Wing,Ground,AI Research Lab,Fans,0.216,0.216
2026-09-11 09:26:48,Research Wing,Ground,AI Research Lab,Server Units,4.232,4.232
2026-09-11 09:26:48,Research Wing,Ground,Server Room,AC,4.299,4.299
2026-09-11 09:26:48,Research Wing,Ground,Server Room,Computers,2.225,2.225
2026-09-11 09:26:48,Research Wing,Ground,Server Room,Lights,0.321,0.321
2026-09-11 09:26:48,Research Wing,Ground,Server Room,Fans,0.224,0.224
2026-09-11 09:26:48,Research Wing,Ground,Server Room,Server Units,4.121,4.121
2026-09-11 10:26:48,Main Block,Ground,Lab 101,AC,5.135,5.135
2026-09-11 10:26:48,Main Block,Ground,Lab 101,Computers,2.238,2.238
2026-09-11 10:26:48,Main Block,Ground,Lab 101,Lights,0.308,0.308
2026-09-11 10:26:48,Main Block,Ground,Lab 101,Fans,0.178,0.178
2026-09-11 10:26:48,Main Block,Ground,Lab 101,Server Units,4.885,4.885
2026-09-11 10:26:48,Main Block,First,Computer Lab 201,AC,3.914,3.914
2026-09-11 10:26:48,Main Block,First,Computer Lab 201,Computers,2.154,2.154
2026-09-11 10:26:48,Main Block,First,Computer Lab 201,Lights,0.292,0.292
2026-09-11 10:26:48,Main Block,First,Computer Lab 201,Fans,0.19,0.19
2026-09-11 10:26:48,Main Block,First,Computer Lab 201,Server Units,4.678,4.678
2026-09-11 10:26:48,Research Wing,Ground,AI Research Lab,AC,4.01,4.01
2026-09-11 10:26:48,Research Wing,Ground,AI Research Lab,Computers,1.929,1.929
2026-09-11 10:26:48,Research Wing,Ground,AI Research Lab,Lights,0.259,0.259
2026-09-11 10:26:48,Research Wing,Ground,AI Research Lab,Fans,0.215,0.215
2026-09-11 10:26:48,Research Wing,Ground,AI Research Lab,Server Units,4.478,4.478
2026-09-11 10:26:48,Research Wing,Ground,Server Room,AC,11.584,11.584
2026-09-11 10:26:48,Research Wing,Ground,Server Room,Computers,1.858,1.858
2026-09-11 10:26:48,Research Wing,Ground,Server Room,Lights,0.33,0.33
2026-09-11 10:26:48,Research Wing,Ground,Server Room,Fans,0.204,0.204
2026-09-11 10:26:48,Research Wing,Ground,Server Room,Server Units,4.291,4.291
2026-09-11 11:26:48,Main Block,Ground,Lab 101,AC,4.754,4.754
2026-09-11 11:26:48,Main Block,Ground,Lab 101,Computers,1.772,1.772
2026-09-11 11:26:48,Main Block,Ground,Lab 101,Lights,0.344,0.344
2026-09-11 11:26:48,Main Block,Ground,Lab 101,Fans,0.209,0.209
2026-09-11 11:26:48,Main Block,Ground,Lab 101,Server Units,4.487,4.487
2026-09-11 11:26:48,Main Block,First,Computer Lab 201,AC,4.673,4.673
2026-09-11 11:26:48,Main Block,First,Computer Lab 201,Computers,2.117,2.117
2026-09-11 11:26:48,Main Block,First,Computer Lab 201,Lights,0.301,0.301
2026-09-11 11:26:48,Main Block,First,Computer Lab 201,Fans,0.215,0.215
2026-09-11 11:26:48,Main Block,First,Computer Lab 201,Server Units,3.817,3.817
2026-09-11 11:26:48,Research Wing,Ground,AI Research Lab,AC,5.011,5.011
2026-09-11 11:26:48,Research Wing,Ground,AI Research Lab,Computers,1.798,1.798
2026-09-11 11:26:48,Research Wing,Ground,AI Research Lab,Lights,0.293,0.293
2026-09-11 11:26:48,Research Wing,Ground,AI Research Lab,Fans,0.187,0.187
2026-09-11 11:26:48,Research Wing,Ground,AI Research Lab,Server Units,4.439,4.439
2026-09-11 11:26:48,Research Wing,Ground,Server Room,AC,4.519,4.519
2026-09-11 11:26:48,Research Wing,Ground,Server Room,Computers,1.81,1.81
2026-09-11 11:26:48,Research Wing,Ground,Server Room,Lights,0.323,0.323
2026-09-11 11:26:48,Research Wing,Ground,Server Room,Fans,0.217,0.217
2026-09-11 11:26:48,Research Wing,Ground,Server Room,Server Units,4.644,4.644
2026-09-11 12:26:48,Main Block,Ground,Lab 101,AC,4.75,4.75
2026-09-11 12:26:48,Main Block,Ground,Lab 101,Computers,1.758,1.758
2026-09-11 12:26:48,Main Block,Ground,Lab 101,Lights,0.987,0.987
2026-09-11 12:26:48,Main Block,Ground,Lab 101,Fans,0.196,0.196
2026-09-11 12:26:48,Main Block,Ground,Lab 101,Server Units,4.38,4.38
2026-09-11 12:26:48,Main Block,First,Computer Lab 201,AC,5.055,5.055
2026-09-11 12:26:48,Main Block,First,Computer Lab 201,Computers,1.793,1.793
2026-09-11 12:26:48,Main Block,First,Computer Lab 201,Lights,0.272,0.272
2026-09-11 12:26:48,Main Block,First,Computer Lab 201,Fans,0.202,0.202
2026-09-11 12:26:48,Main Block,First,Computer Lab 201,Server Units,4.434,4.434
2026-09-11 12:26:48,Research Wing,Ground,AI Research Lab,AC,4.569,4.569
2026-09-11 12:26:48,Research Wing,Ground,AI Research Lab,Computers,1.768,1.768
2026-09-11 12:26:48,Research Wing,Ground,AI Research Lab,Lights,0.262,0.262
2026-09-11 12:26:48,Research Wing,Ground,AI Research Lab,Fans,0.22,0.22
2026-09-11 12:26:48,Research Wing,Ground,AI Research Lab,Server Units,4.151,4.151
2026-09-11 12:26:48,Research Wing,Ground,Server Room,AC,4.928,4.928
2026-09-11 12:26:48,Research Wing,Ground,Server Room,Computers,2.059,2.059
2026-09-11 12:26:48,Research Wing,Ground,Server Room,Lights,0.286,0.286
2026-09-11 12:26:48,Research Wing,Ground,Server Room,Fans,0.167,0.167
2026-09-11 12:26:48,Research Wing,Ground,Server Room,Server Units,4.034,4.034
2026-09-11 13:26:48,Main Block,Ground,Lab 101,AC,4.017,4.017
2026-09-11 13:26:48,Main Block,Ground,Lab 101,Computers,1.775,1.775
2026-09-11 13:26:48,Main Block,Ground,Lab 101,Lights,0.262,0.262
2026-09-11 13:26:48,Main Block,Ground,Lab 101,Fans,0.212,0.212
2026-09-11 13:26:48,Main Block,Ground,Lab 101,Server Units,4.763,4.763
2026-09-11 13:26:48,Main Block,First,Computer Lab 201,AC,3.882,3.882
2026-09-11 13:26:48,Main Block,First,Computer Lab 201,Computers,2.176,2.176
2026-09-11 13:26:48,Main Block,First,Computer Lab 201,Lights,0.26,0.26
2026-09-11 13:26:48,Main Block,First,Computer Lab 201,Fans,0.181,0.181
2026-09-11 13:26:48,Main Block,First,Computer Lab 201,Server Units,4.621,4.621
2026-09-11 13:26:48,Research Wing,Ground,AI Research Lab,AC,4.881,4.881
2026-09-11 13:26:48,Research Wing,Ground,AI Research Lab,Computers,1.823,1.823
2026-09-11 13:26:48,Research Wing,Ground,AI Research Lab,Lights,0.272,0.272
2026-09-11 13:26:48,Research Wing,Ground,AI Research Lab,Fans,0.171,0.171
2026-09-11 13:26:48,Research Wing,Ground,AI Research Lab,Server Units,4.983,4.983
2026-09-11 13:26:48,Research Wing,Ground,Server Room,AC,4.295,4.295
2026-09-11 13:26:48,Research Wing,Ground,Server Room,Computers,2.0,2.0
2026-09-11 13:26:48,Research Wing,Ground,Server Room,Lights,0.277,0.277
2026-09-11 13:26:48,Research Wing,Ground,Server Room,Fans,0.172,0.172
2026-09-11 13:26:48,Research Wing,Ground,Server Room,Server Units,3.758,3.758
2026-09-11 14:26:48,Main Block,Ground,Lab 101,AC,4.084,4.084
2026-09-11 14:26:48,Main Block,Ground,Lab 101,Computers,2.241,2.241
2026-09-11 14:26:48,Main Block,Ground,Lab 101,Lights,0.343,0.343
2026-09-11 14:26:48,Main Block,Ground,Lab 101,Fans,0.178,0.178
2026-09-11 14:26:48,Main Block,Ground,Lab 101,Server Units,4.674,4.674
2026-09-11 14:26:48,Main Block,First,Computer Lab 201,AC,4.621,4.621
2026-09-11 14:26:48,Main Block,First,Computer Lab 201,Computers,2.275,2.275
2026-09-11 14:26:48,Main Block,First,Computer Lab 201,Lights,0.287,0.287
2026-09-11 14:26:48,Main Block,First,Computer Lab 201,Fans,0.178,0.178
2026-09-11 14:26:48,Main Block,First,Computer Lab 201,Server Units,3.889,3.889
2026-09-11 14:26:48,Research Wing,Ground,AI Research Lab,AC,3.992,3.992
2026-09-11 14:26:48,Research Wing,Ground,AI Research Lab,Computers,1.782,1.782
2026-09-11 14:26:48,Research Wing,Ground,AI Research Lab,Lights,0.318,0.318
2026-09-11 14:26:48,Research Wing,Ground,AI Research Lab,Fans,0.168,0.168
2026-09-11 14:26:48,Research Wing,Ground,AI Research Lab,Server Units,3.893,3.893
2026-09-11 14:26:48,Research Wing,Ground,Server Room,AC,4.636,4.636
2026-09-11 14:26:48,Research Wing,Ground,Server Room,Computers,2.286,2.286
2026-09-11 14:26:48,Research Wing,Ground,Server Room,Lights,0.305,0.305
2026-09-11 14:26:48,Research Wing,Ground,Server Room,Fans,0.216,0.216
2026-09-11 14:26:48,Research Wing,Ground,Server Room,Server Units,3.832,3.832
2026-09-11 15:26:48,Main Block,Ground,Lab 101,AC,4.467,4.467
2026-09-11 15:26:48,Main Block,Ground,Lab 101,Computers,1.808,1.808
2026-09-11 15:26:48,Main Block,Ground,Lab 101,Lights,0.299,0.299
2026-09-11 15:26:48,Main Block,Ground,Lab 101,Fans,0.191,0.191
2026-09-11 15:26:48,Main Block,Ground,Lab 101,Server Units,3.852,3.852
2026-09-11 15:26:48,Main Block,First,Computer Lab 201,AC,4.366,4.366
2026-09-11 15:26:48,Main Block,First,Computer Lab 201,Computers,1.761,1.761
2026-09-11 15:26:48,Main Block,First,Computer Lab 201,Lights,0.343,0.343
2026-09-11 15:26:48,Main Block,First,Computer Lab 201,Fans,0.223,0.223
2026-09-11 15:26:48,Main Block,First,Computer Lab 201,Server Units,4.525,4.525
2026-09-11 15:26:48,Research Wing,Ground,AI Research Lab,AC,3.991,3.991
2026-09-11 15:26:48,Research Wing,Ground,AI Research Lab,Computers,2.135,2.135
2026-09-11 15:26:48,Research Wing,Ground,AI Research Lab,Lights,0.319,0.319
2026-09-11 15:26:48,Research Wing,Ground,AI Research Lab,Fans,0.182,0.182
2026-09-11 15:26:48,Research Wing,Ground,AI Research Lab,Server Units,4.59,4.59
2026-09-11 15:26:48,Research Wing,Ground,Server Room,AC,4.467,4.467
2026-09-11 15:26:48,Research Wing,Ground,Server Room,Computers,1.943,1.943
2026-09-11 15:26:48,Research Wing,Ground,Server Room,Lights,0.28,0.28
2026-09-11 15:26:48,Research Wing,Ground,Server Room,Fans,0.172,0.172
2026-09-11 15:26:48,Research Wing,Ground,Server Room,Server Units,4.396,4.396
2026-09-11 16:26:48,Main Block,Ground,Lab 101,AC,4.007,4.007
2026-09-11 16:26:48,Main Block,Ground,Lab 101,Computers,1.732,1.732
2026-09-11 16:26:48,Main Block,Ground,Lab 101,Lights,0.316,0.316
2026-09-11 16:26:48,Main Block,Ground,Lab 101,Fans,0.188,0.188
2026-09-11 16:26:48,Main Block,Ground,Lab 101,Server Units,3.942,3.942
2026-09-11 16:26:48,Main Block,First,Computer Lab 201,AC,3.955,3.955
2026-09-11 16:26:48,Main Block,First,Computer Lab 201,Computers,2.151,2.151
2026-09-11 16:26:48,Main Block,First,Computer Lab 201,Lights,0.326,0.326
2026-09-11 16:26:48,Main Block,First,Computer Lab 201,Fans,0.204,0.204
2026-09-11 16:26:48,Main Block,First,Computer Lab 201,Server Units,4.085,4.085
2026-09-11 16:26:48,Research Wing,Ground,AI Research Lab,AC,4.986,4.986
2026-09-11 16:26:48,Research Wing,Ground,AI Research Lab,Computers,2.272,2.272
2026-09-11 16:26:48,Research Wing,Ground,AI Research Lab,Lights,0.294,0.294
2026-09-11 16:26:48,Research Wing,Ground,AI Research Lab,Fans,0.188,0.188
2026-09-11 16:26:48,Research Wing,Ground,AI Research Lab,Server Units,4.237,4.237
2026-09-11 16:26:48,Research Wing,Ground,Server Room,AC,3.869,3.869
2026-09-11 16:26:48,Research Wing,Ground,Server Room,Computers,2.216,2.216
2026-09-11 16:26:48,Research Wing,Ground,Server Room,Lights,0.319,0.319
2026-09-11 16:26:48,Research Wing,Ground,Server Room,Fans,0.174,0.174
2026-09-11 16:26:48,Research Wing,Ground,Server Room,Server Units,4.383,4.383
2026-09-11 17:26:48,Main Block,Ground,Lab 101,AC,4.736,4.736
2026-09-11 17:26:48,Main Block,Ground,Lab 101,Computers,2.111,2.111
2026-09-11 17:26:48,Main Block,Ground,Lab 101,Lights,0.298,0.298
2026-09-11 17:26:48,Main Block,Ground,Lab 101,Fans,0.195,0.195
2026-09-11 17:26:48,Main Block,Ground,Lab 101,Server Units,4.393,4.393
2026-09-11 17:26:48,Main Block,First,Computer Lab 201,AC,4.658,4.658
2026-09-11 17:26:48,Main Block,First,Computer Lab 201,Computers,2.287,2.287
2026-09-11 17:26:48,Main Block,First,Computer Lab 201,Lights,0.258,0.258
2026-09-11 17:26:48,Main Block,First,Computer Lab 201,Fans,0.215,0.215
2026-09-11 17:26:48,Main Block,First,Computer Lab 201,Server Units,4.72,4.72
2026-09-11 17:26:48,Research Wing,Ground,AI Research Lab,AC,5.028,5.028
2026-09-11 17:26:48,Research Wing,Ground,AI Research Lab,Computers,1.758,1.758
2026-09-11 17:26:48,Research Wing,Ground,AI Research Lab,Lights,0.287,0.287
2026-09-11 17:26:48,Research Wing,Ground,AI Research Lab,Fans,0.204,0.204
2026-09-11 17:26:48,Research Wing,Ground,AI Research Lab,Server Units,4.595,4.595
2026-09-11 17:26:48,Research Wing,Ground,Server Room,AC,5.054,5.054
2026-09-11 17:26:48,Research Wing,Ground,Server Room,Computers,1.883,1.883
2026-09-11 17:26:48,Research Wing,Ground,Server Room,Lights,0.257,0.257
2026-09-11 17:26:48,Research Wing,Ground,Server Room,Fans,0.193,0.193
2026-09-11 17:26:48,Research Wing,Ground,Server Room,Server Units,4.49,4.49
2026-09-11 18:26:48,Main Block,Ground,Lab 101,AC,4.185,4.185
2026-09-11 18:26:48,Main Block,Ground,Lab 101,Computers,2.053,2.053
2026-09-11 18:26:48,Main Block,Ground,Lab 101,Lights,0.289,0.289
2026-09-11 18:26:48,Main Block,Ground,Lab 101,Fans,0.199,0.199
2026-09-11 18:26:48,Main Block,Ground,Lab 101,Server Units,3.872,3.872
2026-09-11 18:26:48,Main Block,First,Computer Lab 201,AC,4.279,4.279
2026-09-11 18:26:48,Main Block,First,Computer Lab 201,Computers,2.159,2.159
2026-09-11 18:26:48,Main Block,First,Computer Lab 201,Lights,0.31,0.31
2026-09-11 18:26:48,Main Block,First,Computer Lab 201,Fans,0.191,0.191
2026-09-11 18:26:48,Main Block,First,Computer Lab 201,Server Units,4.858,4.858
2026-09-11 18:26:48,Research Wing,Ground,AI Research Lab,AC,4.96,4.96
2026-09-11 18:26:48,Research Wing,Ground,AI Research Lab,Computers,1.872,1.872
2026-09-11 18:26:48,Research Wing,Ground,AI Research Lab,Lights,0.345,0.345
2026-09-11 18:26:48,Research Wing,Ground,AI Research Lab,Fans,0.179,0.179
2026-09-11 18:26:48,Research Wing,Ground,AI Research Lab,Server Units,3.861,3.861
2026-09-11 18:26:48,Research Wing,Ground,Server Room,AC,3.953,3.953
2026-09-11 18:26:48,Research Wing,Ground,Server Room,Computers,1.74,1.74
2026-09-11 18:26:48,Research Wing,Ground,Server Room,Lights,0.298,0.298
2026-09-11 18:26:48,Research Wing,Ground,Server Room,Fans,0.212,0.212
2026-09-11 18:26:48,Research Wing,Ground,Server Room,Server Units,4.138,4.138
2026-09-11 19:26:48,Main Block,Ground,Lab 101,AC,0.25,0.25
2026-09-11 19:26:48,Main Block,Ground,Lab 101,Computers,0.08,0.08
2026-09-11 19:26:48,Main Block,Ground,Lab 101,Lights,0.02,0.02
2026-09-11 19:26:48,Main Block,Ground,Lab 101,Fans,0.015,0.015
2026-09-11 19:26:48,Main Block,Ground,Lab 101,Server Units,4.565,4.565
2026-09-11 19:26:48,Main Block,First,Computer Lab 201,AC,0.25,0.25
2026-09-11 19:26:48,Main Block,First,Computer Lab 201,Computers,0.08,0.08
2026-09-11 19:26:48,Main Block,First,Computer Lab 201,Lights,0.06,0.06
2026-09-11 19:26:48,Main Block,First,Computer Lab 201,Fans,0.015,0.015
2026-09-11 19:26:48,Main Block,First,Computer Lab 201,Server Units,4.879,4.879
2026-09-11 19:26:48,Research Wing,Ground,AI Research Lab,AC,0.25,0.25
2026-09-11 19:26:48,Research Wing,Ground,AI Research Lab,Computers,0.08,0.08
2026-09-11 19:26:48,Research Wing,Ground,AI Research Lab,Lights,0.02,0.02
2026-09-11 19:26:48,Research Wing,Ground,AI Research Lab,Fans,0.015,0.015
2026-09-11 19:26:48,Research Wing,Ground,AI Research Lab,Server Units,4.977,4.977
2026-09-11 19:26:48,Research Wing,Ground,Server Room,AC,0.25,0.25
2026-09-11 19:26:48,Research Wing,Ground,Server Room,Computers,0.08,0.08
2026-09-11 19:26:48,Research Wing,Ground,Server Room,Lights,0.02,0.02
2026-09-11 19:26:48,Research Wing,Ground,Server Room,Fans,0.015,0.015
2026-09-11 19:26:48,Research Wing,Ground,Server Room,Server Units,4.567,4.567
2026-09-11 20:26:48,Main Block,Ground,Lab 101,AC,0.25,0.25
2026-09-11 20:26:48,Main Block,Ground,Lab 101,Computers,0.08,0.08
2026-09-11 20:26:48,Main Block,Ground,Lab 101,Lights,0.02,0.02
2026-09-11 20:26:48,Main Block,Ground,Lab 101,Fans,0.015,0.015
2026-09-11 20:26:48,Main Block,Ground,Lab 101,Server Units,4.136,4.136
2026-09-11 20:26:48,Main Block,First,Computer Lab 201,AC,0.25,0.25
2026-09-11 20:26:48,Main Block,First,Computer Lab 201,Computers,0.08,0.08
2026-09-11 20:26:48,Main Block,First,Computer Lab 201,Lights,0.02,0.02
2026-09-11 20:26:48,Main Block,First,Computer Lab 201,Fans,0.015,0.015
2026-09-11 20:26:48,Main Block,First,Computer Lab 201,Server Units,4.284,4.284
2026-09-11 20:26:48,Research Wing,Ground,AI Research Lab,AC,0.25,0.25
2026-09-11 20:26:48,Research Wing,Ground,AI Research Lab,Computers,0.08,0.08
2026-09-11 20:26:48,Research Wing,Ground,AI Research Lab,Lights,0.02,0.02
2026-09-11 20:26:48,Research Wing,Ground,AI Research Lab,Fans,0.015,0.015
2026-09-11 20:26:48,Research Wing,Ground,AI Research Lab,Server Units,3.89,3.89
2026-09-11 20:26:48,Research Wing,Ground,Server Room,AC,0.25,0.25
2026-09-11 20:26:48,Research Wing,Ground,Server Room,Computers,0.08,0.08
2026-09-11 20:26:48,Research Wing,Ground,Server Room,Lights,0.02,0.02
2026-09-11 20:26:48,Research Wing,Ground,Server Room,Fans,0.015,0.015
2026-09-11 20:26:48,Research Wing,Ground,Server Room,Server Units,4.316,4.316
2026-09-11 21:26:48,Main Block,Ground,Lab 101,AC,0.25,0.25
2026-09-11 21:26:48,Main Block,Ground,Lab 101,Computers,0.08,0.08
2026-09-11 21:26:48,Main Block,Ground,Lab 101,Lights,0.02,0.02
2026-09-11 21:26:48,Main Block,Ground,Lab 101,Fans,0.015,0.015
2026-09-11 21:26:48,Main Block,Ground,Lab 101,Server Units,4.801,4.801
2026-09-11 21:26:48,Main Block,First,Computer Lab 201,AC,0.25,0.25
2026-09-11 21:26:48,Main Block,First,Computer Lab 201,Computers,0.08,0.08
2026-09-11 21:26:48,Main Block,First,Computer Lab 201,Lights,0.02,0.02
2026-09-11 21:26:48,Main Block,First,Computer Lab 201,Fans,0.015,0.015
2026-09-11 21:26:48,Main Block,First,Computer Lab 201,Server Units,3.766,3.766
2026-09-11 21:26:48,Research Wing,Ground,AI Research Lab,AC,0.25,0.25
2026-09-11 21:26:48,Research Wing,Ground,AI Research Lab,Computers,0.08,0.08
2026-09-11 21:26:48,Research Wing,Ground,AI Research Lab,Lights,0.02,0.02
2026-09-11 21:26:48,Research Wing,Ground,AI Research Lab,Fans,0.015,0.015
2026-09-11 21:26:48,Research Wing,Ground,AI Research Lab,Server Units,4.277,4.277
2026-09-11 21:26:48,Research Wing,Ground,Server Room,AC,0.25,0.25
2026-09-11 21:26:48,Research Wing,Ground,Server Room,Computers,0.08,0.08
2026-09-11 21:26:48,Research Wing,Ground,Server Room,Lights,0.02,0.02
2026-09-11 21:26:48,Research Wing,Ground,Server Room,Fans,0.015,0.015
2026-09-11 21:26:48,Research Wing,Ground,Server Room,Server Units,3.926,3.926
2026-09-11 22:26:48,Main Block,Ground,Lab 101,AC,0.25,0.25
2026-09-11 22:26:48,Main Block,Ground,Lab 101,Computers,0.08,0.08
2026-09-11 22:26:48,Main Block,Ground,Lab 101,Lights,0.02,0.02
2026-09-11 22:26:48,Main Block,Ground,Lab 101,Fans,0.015,0.015
2026-09-11 22:26:48,Main Block,Ground,Lab 101,Server Units,4.994,4.994
2026-09-11 22:26:48,Main Block,First,Computer Lab 201,AC,0.25,0.25
2026-09-11 22:26:48,Main Block,First,Computer Lab 201,Computers,0.08,0.08
2026-09-11 22:26:48,Main Block,First,Computer Lab 201,Lights,0.02,0.02
2026-09-11 22:26:48,Main Block,First,Computer Lab 201,Fans,0.015,0.015
2026-09-11 22:26:48,Main Block,First,Computer Lab 201,Server Units,4.805,4.805
2026-09-11 22:26:48,Research Wing,Ground,AI Research Lab,AC,0.25,0.25
2026-09-11 22:26:48,Research Wing,Ground,AI Research Lab,Computers,0.08,0.08
2026-09-11 22:26:48,Research Wing,Ground,AI Research Lab,Lights,0.02,0.02
2026-09-11 22:26:48,Research Wing,Ground,AI Research Lab,Fans,0.015,0.015
2026-09-11 22:26:48,Research Wing,Ground,AI Research Lab,Server Units,4.298,4.298
2026-09-11 22:26:48,Research Wing,Ground,Server Room,AC,0.25,0.25
2026-09-11 22:26:48,Research Wing,Ground,Server Room,Computers,0.08,0.08
2026-09-11 22:26:48,Research Wing,Ground,Server Room,Lights,0.02,0.02
2026-09-11 22:26:48,Research Wing,Ground,Server Room,Fans,0.015,0.015
2026-09-11 22:26:48,Research Wing,Ground,Server Room,Server Units,4.518,4.518
2026-09-11 23:26:48,Main Block,Ground,Lab 101,AC,0.25,0.25
2026-09-11 23:26:48,Main Block,Ground,Lab 101,Computers,0.08,0.08
2026-09-11 23:26:48,Main Block,Ground,Lab 101,Lights,0.02,0.02
2026-09-11 23:26:48,Main Block,Ground,Lab 101,Fans,0.015,0.015
2026-09-11 23:26:48,Main Block,Ground,Lab 101,Server Units,4.641,4.641
2026-09-11 23:26:48,Main Block,First,Computer Lab 201,AC,0.25,0.25
2026-09-11 23:26:48,Main Block,First,Computer Lab 201,Computers,0.08,0.08
2026-09-11 23:26:48,Main Block,First,Computer Lab 201,Lights,0.02,0.02
2026-09-11 23:26:48,Main Block,First,Computer Lab 201,Fans,0.015,0.015
2026-09-11 23:26:48,Main Block,First,Computer Lab 201,Server Units,14.473,14.473
2026-09-11 23:26:48,Research Wing,Ground,AI Research Lab,AC,0.25,0.25
2026-09-11 23:26:48,Research Wing,Ground,AI Research Lab,Computers,0.08,0.08
2026-09-11 23:26:48,Research Wing,Ground,AI Research Lab,Lights,0.02,0.02
2026-09-11 23:26:48,Research Wing,Ground,AI Research Lab,Fans,0.015,0.015
2026-09-11 23:26:48,Research Wing,Ground,AI Research Lab,Server Units,4.982,4.982
2026-09-11 23:26:48,Research Wing,Ground,Server Room,AC,0.25,0.25
2026-09-11 23:26:48,Research Wing,Ground,Server Room,Computers,0.08,0.08
2026-09-11 23:26:48,Research Wing,Ground,Server Room,Lights,0.02,0.02
2026-09-11 23:26:48,Research Wing,Ground,Server Room,Fans,0.015,0.015
2026-09-11 23:26:48,Research Wing,Ground,Server Room,Server Units,5.005,5.005
2026-09-12 00:26:48,Main Block,Ground,Lab 101,AC,0.25,0.25
2026-09-12 00:26:48,Main Block,Ground,Lab 101,Computers,0.08,0.08
2026-09-12 00:26:48,Main Block,Ground,Lab 101,Lights,0.02,0.02
2026-09-12 00:26:48,Main Block,Ground,Lab 101,Fans,0.015,0.015
2026-09-12 00:26:48,Main Block,Ground,Lab 101,Server Units,4.253,4.253
2026-09-12 00:26:48,Main Block,First,Computer Lab 201,AC,0.25,0.25
2026-09-12 00:26:48,Main Block,First,Computer Lab 201,Computers,0.08,0.08
2026-09-12 00:26:48,Main Block,First,Computer Lab 201,Lights,0.02,0.02
2026-09-12 00:26:48,Main Block,First,Computer Lab 201,Fans,0.015,0.015
2026-09-12 00:26:48,Main Block,First,Computer Lab 201,Server Units,4.826,4.826
2026-09-12 00:26:48,Research Wing,Ground,AI Research Lab,AC,0.25,0.25
2026-09-12 00:26:48,Research Wing,Ground,AI Research Lab,Computers,0.08,0.08
2026-09-12 00:26:48,Research Wing,Ground,AI Research Lab,Lights,0.02,0.02
2026-09-12 00:26:48,Research Wing,Ground,AI Research Lab,Fans,0.015,0.015
2026-09-12 00:26:48,Research Wing,Ground,AI Research Lab,Server Units,4.901,4.901
2026-09-12 00:26:48,Research Wing,Ground,Server Room,AC,0.25,0.25
2026-09-12 00:26:48,Research Wing,Ground,Server Room,Computers,0.08,0.08
2026-09-12 00:26:48,Research Wing,Ground,Server Room,Lights,0.02,0.02
2026-09-12 00:26:48,Research Wing,Ground,Server Room,Fans,0.015,0.015
2026-09-12 00:26:48,Research Wing,Ground,Server Room,Server Units,4.981,4.981
2026-09-12 01:26:48,Main Block,Ground,Lab 101,AC,0.25,0.25
2026-09-12 01:26:48,Main Block,Ground,Lab 101,Computers,0.08,0.08
2026-09-12 01:26:48,Main Block,Ground,Lab 101,Lights,0.02,0.02
2026-09-12 01:26:48,Main Block,Ground,Lab 101,Fans,0.015,0.015
2026-09-12 01:26:48,Main Block,Ground,Lab 101,Server Units,4.823,4.823
2026-09-12 01:26:48,Main Block,First,Computer Lab 201,AC,0.25,0.25
2026-09-12 01:26:48,Main Block,First,Computer Lab 201,Computers,0.08,0.08
2026-09-12 01:26:48,Main Block,First,Computer Lab 201,Lights,0.02,0.02
2026-09-12 01:26:48,Main Block,First,Computer Lab 201,Fans,0.015,0.015
2026-09-12 01:26:48,Main Block,First,Computer Lab 201,Server Units,4.814,4.814
2026-09-12 01:26:48,Research Wing,Ground,AI Research Lab,AC,0.25,0.25
2026-09-12 01:26:48,Research Wing,Ground,AI Research Lab,Computers,0.08,0.08
2026-09-12 01:26:48,Research Wing,Ground,AI Research Lab,Lights,0.02,0.02
2026-09-12 01:26:48,Research Wing,Ground,AI Research Lab,Fans,0.015,0.015
2026-09-12 01:26:48,Research Wing,Ground,AI Research Lab,Server Units,4.572,4.572
2026-09-12 01:26:48,Research Wing,Ground,Server Room,AC,0.25,0.25
2026-09-12 01:26:48,Research Wing,Ground,Server Room,Computers,0.08,0.08
2026-09-12 01:26:48,Research Wing,Ground,Server Room,Lights,0.02,0.02
2026-09-12 01:26:48,Research Wing,Ground,Server Room,Fans,0.015,0.015
2026-09-12 01:26:48,Research Wing,Ground,Server Room,Server Units,3.849,3.849
2026-09-12 02:26:48,Main Block,Ground,Lab 101,AC,0.25,0.25
2026-09-12 02:26:48,Main Block,Ground,Lab 101,Computers,0.08,0.08
2026-09-12 02:26:48,Main Block,Ground,Lab 101,Lights,0.02,0.02
2026-09-12 02:26:48,Main Block,Ground,Lab 101,Fans,0.015,0.015
2026-09-12 02:26:48,Main Block,Ground,Lab 101,Server Units,4.858,4.858
2026-09-12 02:26:48,Main Block,First,Computer Lab 201,AC,0.25,0.25
2026-09-12 02:26:48,Main Block,First,Computer Lab 201,Computers,0.08,0.08
2026-09-12 02:26:48,Main Block,First,Computer Lab 201,Lights,0.02,0.02
2026-09-12 02:26:48,Main Block,First,Computer Lab 201,Fans,0.015,0.015
2026-09-12 02:26:48,Main Block,First,Computer Lab 201,Server Units,4.084,4.084
2026-09-12 02:26:48,Research Wing,Ground,AI Research Lab,AC,0.25,0.25
2026-09-12 02:26:48,Research Wing,Ground,AI Research Lab,Computers,0.08,0.08
2026-09-12 02:26:48,Research Wing,Ground,AI Research Lab,Lights,0.02,0.02
2026-09-12 02:26:48,Research Wing,Ground,AI Research Lab,Fans,0.015,0.015
2026-09-12 02:26:48,Research Wing,Ground,AI Research Lab,Server Units,3.98,3.98
2026-09-12 02:26:48,Research Wing,Ground,Server Room,AC,0.25,0.25
2026-09-12 02:26:48,Research Wing,Ground,Server Room,Computers,0.08,0.08
2026-09-12 02:26:48,Research Wing,Ground,Server Room,Lights,0.02,0.02
2026-09-12 02:26:48,Research Wing,Ground,Server Room,Fans,0.015,0.015
2026-09-12 02:26:48,Research Wing,Ground,Server Room,Server Units,4.959,4.959
2026-09-12 03:26:48,Main Block,Ground,Lab 101,AC,0.25,0.25
2026-09-12 03:26:48,Main Block,Ground,Lab 101,Computers,0.08,0.08
2026-09-12 03:26:48,Main Block,Ground,Lab 101,Lights,0.02,0.02
2026-09-12 03:26:48,Main Block,Ground,Lab 101,Fans,0.015,0.015
2026-09-12 03:26:48,Main Block,Ground,Lab 101,Server Units,4.666,4.666
2026-09-12 03:26:48,Main Block,First,Computer Lab 201,AC,0.25,0.25
2026-09-12 03:26:48,Main Block,First,Computer Lab 201,Computers,0.08,0.08
2026-09-12 03:26:48,Main Block,First,Computer Lab 201,Lights,0.02,0.02
2026-09-12 03:26:48,Main Block,First,Computer Lab 201,Fans,0.015,0.015
2026-09-12 03:26:48,Main Block,First,Computer Lab 201,Server Units,4.226,4.226
2026-09-12 03:26:48,Research Wing,Ground,AI Research Lab,AC,0.25,0.25
2026-09-12 03:26:48,Research Wing,Ground,AI Research Lab,Computers,0.08,0.08
2026-09-12 03:26:48,Research Wing,Ground,AI Research Lab,Lights,0.02,0.02
2026-09-12 03:26:48,Research Wing,Ground,AI Research Lab,Fans,0.015,0.015
2026-09-12 03:26:48,Research Wing,Ground,AI Research Lab,Server Units,4.339,4.339
2026-09-12 03:26:48,Research Wing,Ground,Server Room,AC,0.25,0.25
2026-09-12 03:26:48,Research Wing,Ground,Server Room,Computers,0.08,0.08
2026-09-12 03:26:48,Research Wing,Ground,Server Room,Lights,0.02,0.02
2026-09-12 03:26:48,Research Wing,Ground,Server Room,Fans,0.015,0.015
2026-09-12 03:26:48,Research Wing,Ground,Server Room,Server Units,4.772,4.772
2026-09-12 04:26:48,Main Block,Ground,Lab 101,AC,0.25,0.25
2026-09-12 04:26:48,Main Block,Ground,Lab 101,Computers,0.08,0.08
2026-09-12 04:26:48,Main Block,Ground,Lab 101,Lights,0.02,0.02
2026-09-12 04:26:48,Main Block,Ground,Lab 101,Fans,0.015,0.015
2026-09-12 04:26:48,Main Block,Ground,Lab 101,Server Units,5.054,5.054
2026-09-12 04:26:48,Main Block,First,Computer Lab 201,AC,0.25,0.25
2026-09-12 04:26:48,Main Block,First,Computer Lab 201,Computers,0.08,0.08
2026-09-12 04:26:48,Main Block,First,Computer Lab 201,Lights,0.02,0.02
2026-09-12 04:26:48,Main Block,First,Computer Lab 201,Fans,0.015,0.015
2026-09-12 04:26:48,Main Block,First,Computer Lab 201,Server Units,4.123,4.123
2026-09-12 04:26:48,Research Wing,Ground,AI Research Lab,AC,0.25,0.25
2026-09-12 04:26:48,Research Wing,Ground,AI Research Lab,Computers,0.08,0.08
2026-09-12 04:26:48,Research Wing,Ground,AI Research Lab,Lights,0.02,0.02
2026-09-12 04:26:48,Research Wing,Ground,AI Research Lab,Fans,0.015,0.015
2026-09-12 04:26:48,Research Wing,Ground,AI Research Lab,Server Units,13.034,13.034
2026-09-12 04:26:48,Research Wing,Ground,Server Room,AC,0.25,0.25
2026-09-12 04:26:48,Research Wing,Ground,Server Room,Computers,0.08,0.08
2026-09-12 04:26:48,Research Wing,Ground,Server Room,Lights,0.02,0.02
2026-09-12 04:26:48,Research Wing,Ground,Server Room,Fans,0.015,0.015
2026-09-12 04:26:48,Research Wing,Ground,Server Room,Server Units,4.682,4.682
2026-09-12 05:26:48,Main Block,Ground,Lab 101,AC,0.25,0.25
2026-09-12 05:26:48,Main Block,Ground,Lab 101,Computers,0.08,0.08
2026-09-12 05:26:48,Main Block,Ground,Lab 101,Lights,0.02,0.02
2026-09-12 05:26:48,Main Block,Ground,Lab 101,Fans,0.015,0.015
2026-09-12 05:26:48,Main Block,Ground,Lab 101,Server Units,4.179,4.179
2026-09-12 05:26:48,Main Block,First,Computer Lab 201,AC,0.25,0.25
2026-09-12 05:26:48,Main Block,First,Computer Lab 201,Computers,0.08,0.08
2026-09-12 05:26:48,Main Block,First,Computer Lab 201,Lights,0.02,0.02
2026-09-12 05:26:48,Main Block,First,Computer Lab 201,Fans,0.015,0.015
2026-09-12 05:26:48,Main Block,First,Computer Lab 201,Server Units,4.53,4.53
2026-09-12 05:26:48,Research Wing,Ground,AI Research Lab,AC,0.25,0.25
2026-09-12 05:26:48,Research Wing,Ground,AI Research Lab,Computers,0.08,0.08
2026-09-12 05:26:48,Research Wing,Ground,AI Research Lab,Lights,0.02,0.02
2026-09-12 05:26:48,Research Wing,Ground,AI Research Lab,Fans,0.015,0.015
2026-09-12 05:26:48,Research Wing,Ground,AI Research Lab,Server Units,4.261,4.261
2026-09-12 05:26:48,Research Wing,Ground,Server Room,AC,0.25,0.25
2026-09-12 05:26:48,Research Wing,Ground,Server Room,Computers,0.08,0.08
2026-09-12 05:26:48,Research Wing,Ground,Server Room,Lights,0.02,0.02
2026-09-12 05:26:48,Research Wing,Ground,Server Room,Fans,0.015,0.015
2026-09-12 05:26:48,Research Wing,Ground,Server Room,Server Units,4.405,4.405
2026-09-12 06:26:48,Main Block,Ground,Lab 101,AC,0.25,0.25
2026-09-12 06:26:48,Main Block,Ground,Lab 101,Computers,0.08,0.08
2026-09-12 06:26:48,Main Block,Ground,Lab 101,Lights,0.02,0.02
2026-09-12 06:26:48,Main Block,Ground,Lab 101,Fans,0.015,0.015
2026-09-12 06:26:48,Main Block,Ground,Lab 101,Server Units,3.927,3.927
2026-09-12 06:26:48,Main Block,First,Computer Lab 201,AC,0.25,0.25
2026-09-12 06:26:48,Main Block,First,Computer Lab 201,Computers,0.08,0.08
2026-09-12 06:26:48,Main Block,First,Computer Lab 201,Lights,0.02,0.02
2026-09-12 06:26:48,Main Block,First,Computer Lab 201,Fans,0.015,0.015
2026-09-12 06:26:48,Main Block,First,Computer Lab 201,Server Units,4.727,4.727
2026-09-12 06:26:48,Research Wing,Ground,AI Research Lab,AC,0.25,0.25
2026-09-12 06:26:48,Research Wing,Ground,AI Research Lab,Computers,0.08,0.08
2026-09-12 06:26:48,Research Wing,Ground,AI Research Lab,Lights,0.02,0.02
2026-09-12 06:26:48,Research Wing,Ground,AI Research Lab,Fans,0.015,0.015
2026-09-12 06:26:48,Research Wing,Ground,AI Research Lab,Server Units,4.088,4.088
2026-09-12 06:26:48,Research Wing,Ground,Server Room,AC,0.25,0.25
2026-09-12 06:26:48,Research Wing,Ground,Server Room,Computers,0.08,0.08
2026-09-12 06:26:48,Research Wing,Ground,Server Room,Lights,0.02,0.02
2026-09-12 06:26:48,Research Wing,Ground,Server Room,Fans,0.015,0.015
2026-09-12 06:26:48,Research Wing,Ground,Server Room,Server Units,3.94,3.94
2026-09-12 07:26:48,Main Block,Ground,Lab 101,AC,0.25,0.25
2026-09-12 07:26:48,Main Block,Ground,Lab 101,Computers,0.08,0.08
2026-09-12 07:26:48,Main Block,Ground,Lab 101,Lights,0.02,0.02
2026-09-12 07:26:48,Main Block,Ground,Lab 101,Fans,0.015,0.015
2026-09-12 07:26:48,Main Block,Ground,Lab 101,Server Units,4.043,4.043
2026-09-12 07:26:48,Main Block,First,Computer Lab 201,AC,0.25,0.25
2026-09-12 07:26:48,Main Block,First,Computer Lab 201,Computers,0.08,0.08
2026-09-12 07:26:48,Main Block,First,Computer Lab 201,Lights,0.02,0.02
2026-09-12 07:26:48,Main Block,First,Computer Lab 201,Fans,0.015,0.015
2026-09-12 07:26:48,Main Block,First,Computer Lab 201,Server Units,4.964,4.964
2026-09-12 07:26:48,Research Wing,Ground,AI Research Lab,AC,0.25,0.25
2026-09-12 07:26:48,Research Wing,Ground,AI Research Lab,Computers,0.08,0.08
2026-09-12 07:26:48,Research Wing,Ground,AI Research Lab,Lights,0.02,0.02
2026-09-12 07:26:48,Research Wing,Ground,AI Research Lab,Fans,0.015,0.015
2026-09-12 07:26:48,Research Wing,Ground,AI Research Lab,Server Units,4.857,4.857
2026-09-12 07:26:48,Research Wing,Ground,Server Room,AC,0.25,0.25
2026-09-12 07:26:48,Research Wing,Ground,Server Room,Computers,0.08,0.08
2026-09-12 07:26:48,Research Wing,Ground,Server Room,Lights,0.02,0.02
2026-09-12 07:26:48,Research Wing,Ground,Server Room,Fans,0.015,0.015
2026-09-12 07:26:48,Research Wing,Ground,Server Room,Server Units,3.962,3.962
2026-09-12 08:26:48,Main Block,Ground,Lab 101,AC,4.193,4.193
2026-09-12 08:26:48,Main Block,Ground,Lab 101,Computers,2.051,2.051
2026-09-12 08:26:48,Main Block,Ground,Lab 101,Lights,0.342,0.342
2026-09-12 08:26:48,Main Block,Ground,Lab 101,Fans,0.199,0.199
2026-09-12 08:26:48,Main Block,Ground,Lab 101,Server Units,3.841,3.841
2026-09-12 08:26:48,Main Block,First,Computer Lab 201,AC,4.739,4.739
2026-09-12 08:26:48,Main Block,First,Computer Lab 201,Computers,1.716,1.716
2026-09-12 08:26:48,Main Block,First,Computer Lab 201,Lights,0.316,0.316
2026-09-12 08:26:48,Main Block,First,Computer Lab 201,Fans,0.2,0.2
2026-09-12 08:26:48,Main Block,First,Computer Lab 201,Server Units,4.845,4.845
2026-09-12 08:26:48,Research Wing,Ground,AI Research Lab,AC,3.934,3.934
2026-09-12 08:26:48,Research Wing,Ground,AI Research Lab,Computers,2.096,2.096
2026-09-12 08:26:48,Research Wing,Ground,AI Research Lab,Lights,0.341,0.341
2026-09-12 08:26:48,Research Wing,Ground,AI Research Lab,Fans,0.166,0.166
2026-09-12 08:26:48,Research Wing,Ground,AI Research Lab,Server Units,4.606,4.606
2026-09-12 08:26:48,Research Wing,Ground,Server Room,AC,4.264,4.264
2026-09-12 08:26:48,Research Wing,Ground,Server Room,Computers,2.141,2.141
2026-09-12 08:26:48,Research Wing,Ground,Server Room,Lights,0.306,0.306
2026-09-12 08:26:48,Research Wing,Ground,Server Room,Fans,0.169,0.169
2026-09-12 08:26:48,Research Wing,Ground,Server Room,Server Units,4.167,4.167
2026-09-12 09:26:48,Main Block,Ground,Lab 101,AC,3.92,3.92
2026-09-12 09:26:48,Main Block,Ground,Lab 101,Computers,1.929,1.929
2026-09-12 09:26:48,Main Block,Ground,Lab 101,Lights,0.271,0.271
2026-09-12 09:26:48,Main Block,Ground,Lab 101,Fans,0.216,0.216
2026-09-12 09:26:48,Main Block,Ground,Lab 101,Server Units,4.865,4.865
2026-09-12 09:26:48,Main Block,First,Computer Lab 201,AC,4.877,4.877
2026-09-12 09:26:48,Main Block,First,Computer Lab 201,Computers,2.152,2.152
2026-09-12 09:26:48,Main Block,First,Computer Lab 201,Lights,0.266,0.266
2026-09-12 09:26:48,Main Block,First,Computer Lab 201,Fans,0.191,0.191
2026-09-12 09:26:48,Main Block,First,Computer Lab 201,Server Units,4.149,4.149
2026-09-12 09:26:48,Research Wing,Ground,AI Research Lab,AC,4.002,4.002
2026-09-12 09:26:48,Research Wing,Ground,AI Research Lab,Computers,2.199,2.199
2026-09-12 09:26:48,Research Wing,Ground,AI Research Lab,Lights,0.299,0.299
2026-09-12 09:26:48,Research Wing,Ground,AI Research Lab,Fans,0.194,0.194
2026-09-12 09:26:48,Research Wing,Ground,AI Research Lab,Server Units,4.298,4.298
2026-09-12 09:26:48,Research Wing,Ground,Server Room,AC,4.92,4.92
2026-09-12 09:26:48,Research Wing,Ground,Server Room,Computers,1.96,1.96
2026-09-12 09:26:48,Research Wing,Ground,Server Room,Lights,0.259,0.259
2026-09-12 09:26:48,Research Wing,Ground,Server Room,Fans,0.193,0.193
2026-09-12 09:26:48,Research Wing,Ground,Server Room,Server Units,4.646,4.646
2026-09-12 10:26:48,Main Block,Ground,Lab 101,AC,4.494,4.494
2026-09-12 10:26:48,Main Block,Ground,Lab 101,Computers,2.015,2.015
2026-09-12 10:26:48,Main Block,Ground,Lab 101,Lights,0.294,0.294
2026-09-12 10:26:48,Main Block,Ground,Lab 101,Fans,0.194,0.194
2026-09-12 10:26:48,Main Block,Ground,Lab 101,Server Units,3.909,3.909
2026-09-12 10:26:48,Main Block,First,Computer Lab 201,AC,4.961,4.961
2026-09-12 10:26:48,Main Block,First,Computer Lab 201,Computers,1.877,1.877
2026-09-12 10:26:48,Main Block,First,Computer Lab 201,Lights,0.262,0.262
2026-09-12 10:26:48,Main Block,First,Computer Lab 201,Fans,0.172,0.172
2026-09-12 10:26:48,Main Block,First,Computer Lab 201,Server Units,3.865,3.865
2026-09-12 10:26:48,Research Wing,Ground,AI Research Lab,AC,4.592,4.592
2026-09-12 10:26:48,Research Wing,Ground,AI Research Lab,Computers,1.853,1.853
2026-09-12 10:26:48,Research Wing,Ground,AI Research Lab,Lights,0.3,0.3
2026-09-12 10:26:48,Research Wing,Ground,AI Research Lab,Fans,0.204,0.204
2026-09-12 10:26:48,Research Wing,Ground,AI Research Lab,Server Units,3.981,3.981
2026-09-12 10:26:48,Research Wing,Ground,Server Room,AC,3.937,3.937
2026-09-12 10:26:48,Research Wing,Ground,Server Room,Computers,1.879,1.879
2026-09-12 10:26:48,Research Wing,Ground,Server Room,Lights,0.296,0.296
2026-09-12 10:26:48,Research Wing,Ground,Server Room,Fans,0.202,0.202
2026-09-12 10:26:48,Research Wing,Ground,Server Room,Server Units,5.016,5.016
2026-09-12 11:26:48,Main Block,Ground,Lab 101,AC,4.078,4.078
2026-09-12 11:26:48,Main Block,Ground,Lab 101,Computers,2.148,2.148
2026-09-12 11:26:48,Main Block,Ground,Lab 101,Lights,0.333,0.333
2026-09-12 11:26:48,Main Block,Ground,Lab 101,Fans,0.591,0.591
2026-09-12 11:26:48,Main Block,Ground,Lab 101,Server Units,3.894,3.894
2026-09-12 11:26:48,Main Block,First,Computer Lab 201,AC,4.469,4.469
2026-09-12 11:26:48,Main Block,First,Computer Lab 201,Computers,2.221,2.221
2026-09-12 11:26:48,Main Block,First,Computer Lab 201,Lights,0.309,0.309
2026-09-12 11:26:48,Main Block,First,Computer Lab 201,Fans,0.202,0.202
2026-09-12 11:26:48,Main Block,First,Computer Lab 201,Server Units,4.216,4.216
2026-09-12 11:26:48,Research Wing,Ground,AI Research Lab,AC,4.757,4.757
2026-09-12 11:26:48,Research Wing,Ground,AI Research Lab,Computers,1.882,1.882
2026-09-12 11:26:48,Research Wing,Ground,AI Research Lab,Lights,0.256,0.256
2026-09-12 11:26:48,Research Wing,Ground,AI Research Lab,Fans,0.167,0.167
2026-09-12 11:26:48,Research Wing,Ground,AI Research Lab,Server Units,4.874,4.874
2026-09-12 11:26:48,Research Wing,Ground,Server Room,AC,4.701,4.701
2026-09-12 11:26:48,Research Wing,Ground,Server Room,Computers,1.961,1.961
2026-09-12 11:26:48,Research Wing,Ground,Server Room,Lights,0.326,0.326
2026-09-12 11:26:48,Research Wing,Ground,Server Room,Fans,0.183,0.183
2026-09-12 11:26:48,Research Wing,Ground,Server Room,Server Units,13.097,13.097
2026-09-12 12:26:48,Main Block,Ground,Lab 101,AC,4.049,4.049
2026-09-12 12:26:48,Main Block,Ground,Lab 101,Computers,2.122,2.122
2026-09-12 12:26:48,Main Block,Ground,Lab 101,Lights,0.297,0.297
2026-09-12 12:26:48,Main Block,Ground,Lab 101,Fans,0.2,0.2
2026-09-12 12:26:48,Main Block,Ground,Lab 101,Server Units,4.492,4.492
2026-09-12 12:26:48,Main Block,First,Computer Lab 201,AC,11.681,11.681
2026-09-12 12:26:48,Main Block,First,Computer Lab 201,Computers,2.078,2.078
2026-09-12 12:26:48,Main Block,First,Computer Lab 201,Lights,0.343,0.343
2026-09-12 12:26:48,Main Block,First,Computer Lab 201,Fans,0.209,0.209
2026-09-12 12:26:48,Main Block,First,Computer Lab 201,Server Units,4.472,4.472
2026-09-12 12:26:48,Research Wing,Ground,AI Research Lab,AC,4.483,4.483
2026-09-12 12:26:48,Research Wing,Ground,AI Research Lab,Computers,2.055,2.055
2026-09-12 12:26:48,Research Wing,Ground,AI Research Lab,Lights,0.316,0.316
2026-09-12 12:26:48,Research Wing,Ground,AI Research Lab,Fans,0.194,0.194
2026-09-12 12:26:48,Research Wing,Ground,AI Research Lab,Server Units,4.437,4.437
2026-09-12 12:26:48,Research Wing,Ground,Server Room,AC,4.251,4.251
2026-09-12 12:26:48,Research Wing,Ground,Server Room,Computers,2.236,2.236
2026-09-12 12:26:48,Research Wing,Ground,Server Room,Lights,0.298,0.298
2026-09-12 12:26:48,Research Wing,Ground,Server Room,Fans,0.221,0.221
2026-09-12 12:26:48,Research Wing,Ground,Server Room,Server Units,13.982,13.982
2026-09-12 13:26:48,Main Block,Ground,Lab 101,AC,4.214,4.214
2026-09-12 13:26:48,Main Block,Ground,Lab 101,Computers,1.906,1.906
2026-09-12 13:26:48,Main Block,Ground,Lab 101,Lights,0.275,0.275
2026-09-12 13:26:48,Main Block,Ground,Lab 101,Fans,0.186,0.186
2026-09-12 13:26:48,Main Block,Ground,Lab 101,Server Units,4.852,4.852
2026-09-12 13:26:48,Main Block,First,Computer Lab 201,AC,4.002,4.002
2026-09-12 13:26:48,Main Block,First,Computer Lab 201,Computers,2.127,2.127
2026-09-12 13:26:48,Main Block,First,Computer Lab 201,Lights,0.33,0.33
2026-09-12 13:26:48,Main Block,First,Computer Lab 201,Fans,0.209,0.209
2026-09-12 13:26:48,Main Block,First,Computer Lab 201,Server Units,4.796,4.796
2026-09-12 13:26:48,Research Wing,Ground,AI Research Lab,AC,4.664,4.664
2026-09-12 13:26:48,Research Wing,Ground,AI Research Lab,Computers,2.15,2.15
2026-09-12 13:26:48,Research Wing,Ground,AI Research Lab,Lights,0.267,0.267
2026-09-12 13:26:48,Research Wing,Ground,AI Research Lab,Fans,0.201,0.201
2026-09-12 13:26:48,Research Wing,Ground,AI Research Lab,Server Units,4.289,4.289
2026-09-12 13:26:48,Research Wing,Ground,Server Room,AC,4.235,4.235
2026-09-12 13:26:48,Research Wing,Ground,Server Room,Computers,5.185,5.185
2026-09-12 13:26:48,Research Wing,Ground,Server Room,Lights,0.334,0.334
2026-09-12 13:26:48,Research Wing,Ground,Server Room,Fans,0.175,0.175
2026-09-12 13:26:48,Research Wing,Ground,Server Room,Server Units,4.921,4.921
2026-09-12 14:26:48,Main Block,Ground,Lab 101,AC,3.911,3.911
2026-09-12 14:26:48,Main Block,Ground,Lab 101,Computers,2.071,2.071
2026-09-12 14:26:48,Main Block,Ground,Lab 101,Lights,0.275,0.275
2026-09-12 14:26:48,Main Block,Ground,Lab 101,Fans,0.186,0.186
2026-09-12 14:26:48,Main Block,Ground,Lab 101,Server Units,3.802,3.802
2026-09-12 14:26:48,Main Block,First,Computer Lab 201,AC,4.186,4.186
2026-09-12 14:26:48,Main Block,First,Computer Lab 201,Computers,2.114,2.114
2026-09-12 14:26:48,Main Block,First,Computer Lab 201,Lights,0.315,0.315
2026-09-12 14:26:48,Main Block,First,Computer Lab 201,Fans,0.22,0.22
2026-09-12 14:26:48,Main Block,First,Computer Lab 201,Server Units,4.343,4.343
2026-09-12 14:26:48,Research Wing,Ground,AI Research Lab,AC,3.975,3.975
2026-09-12 14:26:48,Research Wing,Ground,AI Research Lab,Computers,2.066,2.066
2026-09-12 14:26:48,Research Wing,Ground,AI Research Lab,Lights,0.34,0.34
2026-09-12 14:26:48,Research Wing,Ground,AI Research Lab,Fans,0.168,0.168
2026-09-12 14:26:48,Research Wing,Ground,AI Research Lab,Server Units,4.572,4.572
2026-09-12 14:26:48,Research Wing,Ground,Server Room,AC,5.055,5.055
2026-09-12 14:26:48,Research Wing,Ground,Server Room,Computers,1.875,1.875
2026-09-12 14:26:48,Research Wing,Ground,Server Room,Lights,0.301,0.301
2026-09-12 14:26:48,Research Wing,Ground,Server Room,Fans,0.172,0.172
2026-09-12 14:26:48,Research Wing,Ground,Server Room,Server Units,4.182,4.182
2026-09-12 15:26:48,Main Block,Ground,Lab 101,AC,4.971,4.971
2026-09-12 15:26:48,Main Block,Ground,Lab 101,Computers,1.949,1.949
2026-09-12 15:26:48,Main Block,Ground,Lab 101,Lights,0.277,0.277
2026-09-12 15:26:48,Main Block,Ground,Lab 101,Fans,0.186,0.186
2026-09-12 15:26:48,Main Block,Ground,Lab 101,Server Units,3.853,3.853
2026-09-12 15:26:48,Main Block,First,Computer Lab 201,AC,4.844,4.844
2026-09-12 15:26:48,Main Block,First,Computer Lab 201,Computers,2.099,2.099
2026-09-12 15:26:48,Main Block,First,Computer Lab 201,Lights,0.323,0.323
2026-09-12 15:26:48,Main Block,First,Computer Lab 201,Fans,0.179,0.179
2026-09-12 15:26:48,Main Block,First,Computer Lab 201,Server Units,4.286,4.286
2026-09-12 15:26:48,Research Wing,Ground,AI Research Lab,AC,4.444,4.444
2026-09-12 15:26:48,Research Wing,Ground,AI Research Lab,Computers,2.177,2.177
2026-09-12 15:26:48,Research Wing,Ground,AI Research Lab,Lights,0.258,0.258
2026-09-12 15:26:48,Research Wing,Ground,AI Research Lab,Fans,0.166,0.166
2026-09-12 15:26:48,Research Wing,Ground,AI Research Lab,Server Units,4.986,4.986
2026-09-12 15:26:48,Research Wing,Ground,Server Room,AC,4.25,4.25
2026-09-12 15:26:48,Research Wing,Ground,Server Room,Computers,1.799,1.799
2026-09-12 15:26:48,Research Wing,Ground,Server Room,Lights,0.323,0.323
2026-09-12 15:26:48,Research Wing,Ground,Server Room,Fans,0.203,0.203
2026-09-12 15:26:48,Research Wing,Ground,Server Room,Server Units,3.816,3.816
2026-09-12 16:26:48,Main Block,Ground,Lab 101,AC,4.788,4.788
2026-09-12 16:26:48,Main Block,Ground,Lab 101,Computers,2.012,2.012
2026-09-12 16:26:48,Main Block,Ground,Lab 101,Lights,0.291,0.291
2026-09-12 16:26:48,Main Block,Ground,Lab 101,Fans,0.198,0.198
2026-09-12 16:26:48,Main Block,Ground,Lab 101,Server Units,4.72,4.72
2026-09-12 16:26:48,Main Block,First,Computer Lab 201,AC,3.836,3.836
2026-09-12 16:26:48,Main Block,First,Computer Lab 201,Computers,2.017,2.017
2026-09-12 16:26:48,Main Block,First,Computer Lab 201,Lights,0.318,0.318
2026-09-12 16:26:48,Main Block,First,Computer Lab 201,Fans,0.178,0.178
2026-09-12 16:26:48,Main Block,First,Computer Lab 201,Server Units,4.781,4.781
2026-09-12 16:26:48,Research Wing,Ground,AI Research Lab,AC,4.767,4.767
2026-09-12 16:26:48,Research Wing,Ground,AI Research Lab,Computers,2.169,2.169
2026-09-12 16:26:48,Research Wing,Ground,AI Research Lab,Lights,0.273,0.273
2026-09-12 16:26:48,Research Wing,Ground,AI Research Lab,Fans,0.168,0.168
2026-09-12 16:26:48,Research Wing,Ground,AI Research Lab,Server Units,4.697,4.697
2026-09-12 16:26:48,Research Wing,Ground,Server Room,AC,3.995,3.995
2026-09-12 16:26:48,Research Wing,Ground,Server Room,Computers,1.87,1.87
2026-09-12 16:26:48,Research Wing,Ground,Server Room,Lights,0.305,0.305
2026-09-12 16:26:48,Research Wing,Ground,Server Room,Fans,0.21,0.21
2026-09-12 16:26:48,Research Wing,Ground,Server Room,Server Units,3.777,3.777
2026-09-12 17:26:48,Main Block,Ground,Lab 101,AC,4.625,4.625
2026-09-12 17:26:48,Main Block,Ground,Lab 101,Computers,2.164,2.164
2026-09-12 17:26:48,Main Block,Ground,Lab 101,Lights,0.344,0.344
2026-09-12 17:26:48,Main Block,Ground,Lab 101,Fans,0.169,0.169
2026-09-12 17:26:48,Main Block,Ground,Lab 101,Server Units,4.568,4.568
2026-09-12 17:26:48,Main Block,First,Computer Lab 201,AC,3.889,3.889
2026-09-12 17:26:48,Main Block,First,Computer Lab 201,Computers,1.775,1.775
2026-09-12 17:26:48,Main Block,First,Computer Lab 201,Lights,0.321,0.321
2026-09-12 17:26:48,Main Block,First,Computer Lab 201,Fans,0.223,0.223
2026-09-12 17:26:48,Main Block,First,Computer Lab 201,Server Units,5.045,5.045
2026-09-12 17:26:48,Research Wing,Ground,AI Research Lab,AC,5.032,5.032
2026-09-12 17:26:48,Research Wing,Ground,AI Research Lab,Computers,2.02,2.02
2026-09-12 17:26:48,Research Wing,Ground,AI Research Lab,Lights,0.287,0.287
2026-09-12 17:26:48,Research Wing,Ground,AI Research Lab,Fans,0.212,0.212
2026-09-12 17:26:48,Research Wing,Ground,AI Research Lab,Server Units,4.628,4.628
2026-09-12 17:26:48,Research Wing,Ground,Server Room,AC,4.527,4.527
2026-09-12 17:26:48,Research Wing,Ground,Server Room,Computers,1.897,1.897
2026-09-12 17:26:48,Research Wing,Ground,Server Room,Lights,0.329,0.329
2026-09-12 17:26:48,Research Wing,Ground,Server Room,Fans,0.171,0.171
2026-09-12 17:26:48,Research Wing,Ground,Server Room,Server Units,4.834,4.834
2026-09-12 18:26:48,Main Block,Ground,Lab 101,AC,3.909,3.909
2026-09-12 18:26:48,Main Block,Ground,Lab 101,Computers,1.986,1.986
2026-09-12 18:26:48,Main Block,Ground,Lab 101,Lights,0.288,0.288
2026-09-12 18:26:48,Main Block,Ground,Lab 101,Fans,0.2,0.2
2026-09-12 18:26:48,Main Block,Ground,Lab 101,Server Units,4.261,4.261
2026-09-12 18:26:48,Main Block,First,Computer Lab 201,AC,4.498,4.498
2026-09-12 18:26:48,Main Block,First,Computer Lab 201,Computers,1.964,1.964
2026-09-12 18:26:48,Main Block,First,Computer Lab 201,Lights,0.299,0.299
2026-09-12 18:26:48,Main Block,First,Computer Lab 201,Fans,0.214,0.214
2026-09-12 18:26:48,Main Block,First,Computer Lab 201,Server Units,3.908,3.908
2026-09-12 18:26:48,Research Wing,Ground,AI Research Lab,AC,4.0,4.0
2026-09-12 18:26:48,Research Wing,Ground,AI Research Lab,Computers,2.218,2.218
2026-09-12 18:26:48,Research Wing,Ground,AI Research Lab,Lights,0.274,0.274
2026-09-12 18:26:48,Research Wing,Ground,AI Research Lab,Fans,0.209,0.209
2026-09-12 18:26:48,Research Wing,Ground,AI Research Lab,Server Units,4.228,4.228
2026-09-12 18:26:48,Research Wing,Ground,Server Room,AC,4.637,4.637
2026-09-12 18:26:48,Research Wing,Ground,Server Room,Computers,1.773,1.773
2026-09-12 18:26:48,Research Wing,Ground,Server Room,Lights,0.259,0.259
2026-09-12 18:26:48,Research Wing,Ground,Server Room,Fans,0.187,0.187
2026-09-12 18:26:48,Research Wing,Ground,Server Room,Server Units,4.14,4.14
2026-09-12 19:26:48,Main Block,Ground,Lab 101,AC,0.25,0.25
2026-09-12 19:26:48,Main Block,Ground,Lab 101,Computers,0.08,0.08
2026-09-12 19:26:48,Main Block,Ground,Lab 101,Lights,0.02,0.02
2026-09-12 19:26:48,Main Block,Ground,Lab 101,Fans,0.015,0.015
2026-09-12 19:26:48,Main Block,Ground,Lab 101,Server Units,4.92,4.92
2026-09-12 19:26:48,Main Block,First,Computer Lab 201,AC,0.25,0.25
2026-09-12 19:26:48,Main Block,First,Computer Lab 201,Computers,0.08,0.08
2026-09-12 19:26:48,Main Block,First,Computer Lab 201,Lights,0.02,0.02
2026-09-12 19:26:48,Main Block,First,Computer Lab 201,Fans,0.015,0.015
2026-09-12 19:26:48,Main Block,First,Computer Lab 201,Server Units,4.2,4.2
2026-09-12 19:26:48,Research Wing,Ground,AI Research Lab,AC,0.25,0.25
2026-09-12 19:26:48,Research Wing,Ground,AI Research Lab,Computers,0.08,0.08
2026-09-12 19:26:48,Research Wing,Ground,AI Research Lab,Lights,0.02,0.02
2026-09-12 19:26:48,Research Wing,Ground,AI Research Lab,Fans,0.015,0.015
2026-09-12 19:26:48,Research Wing,Ground,AI Research Lab,Server Units,4.771,4.771
2026-09-12 19:26:48,Research Wing,Ground,Server Room,AC,0.25,0.25
2026-09-12 19:26:48,Research Wing,Ground,Server Room,Computers,0.08,0.08
2026-09-12 19:26:48,Research Wing,Ground,Server Room,Lights,0.02,0.02
2026-09-12 19:26:48,Research Wing,Ground,Server Room,Fans,0.015,0.015
2026-09-12 19:26:48,Research Wing,Ground,Server Room,Server Units,4.348,4.348
2026-09-12 20:26:48,Main Block,Ground,Lab 101,AC,0.25,0.25
2026-09-12 20:26:48,Main Block,Ground,Lab 101,Computers,0.08,0.08
2026-09-12 20:26:48,Main Block,Ground,Lab 101,Lights,0.02,0.02
2026-09-12 20:26:48,Main Block,Ground,Lab 101,Fans,0.015,0.015
2026-09-12 20:26:48,Main Block,Ground,Lab 101,Server Units,4.617,4.617
2026-09-12 20:26:48,Main Block,First,Computer Lab 201,AC,0.25,0.25
2026-09-12 20:26:48,Main Block,First,Computer Lab 201,Computers,0.08,0.08
2026-09-12 20:26:48,Main Block,First,Computer Lab 201,Lights,0.02,0.02
2026-09-12 20:26:48,Main Block,First,Computer Lab 201,Fans,0.015,0.015
2026-09-12 20:26:48,Main Block,First,Computer Lab 201,Server Units,4.915,4.915
2026-09-12 20:26:48,Research Wing,Ground,AI Research Lab,AC,0.25,0.25
2026-09-12 20:26:48,Research Wing,Ground,AI Research Lab,Computers,0.08,0.08
2026-09-12 20:26:48,Research Wing,Ground,AI Research Lab,Lights,0.02,0.02
2026-09-12 20:26:48,Research Wing,Ground,AI Research Lab,Fans,0.015,0.015
2026-09-12 20:26:48,Research Wing,Ground,AI Research Lab,Server Units,4.791,4.791
2026-09-12 20:26:48,Research Wing,Ground,Server Room,AC,0.25,0.25
2026-09-12 20:26:48,Research Wing,Ground,Server Room,Computers,0.08,0.08
2026-09-12 20:26:48,Research Wing,Ground,Server Room,Lights,0.02,0.02
2026-09-12 20:26:48,Research Wing,Ground,Server Room,Fans,0.015,0.015
2026-09-12 20:26:48,Research Wing,Ground,Server Room,Server Units,4.557,4.557
2026-09-12 21:26:48,Main Block,Ground,Lab 101,AC,0.25,0.25
2026-09-12 21:26:48,Main Block,Ground,Lab 101,Computers,0.08,0.08
2026-09-12 21:26:48,Main Block,Ground,Lab 101,Lights,0.02,0.02
2026-09-12 21:26:48,Main Block,Ground,Lab 101,Fans,0.015,0.015
2026-09-12 21:26:48,Main Block,Ground,Lab 101,Server Units,4.924,4.924
2026-09-12 21:26:48,Main Block,First,Computer Lab 201,AC,0.25,0.25
2026-09-12 21:26:48,Main Block,First,Computer Lab 201,Computers,0.08,0.08
2026-09-12 21:26:48,Main Block,First,Computer Lab 201,Lights,0.06,0.06
2026-09-12 21:26:48,Main Block,First,Computer Lab 201,Fans,0.015,0.015
2026-09-12 21:26:48,Main Block,First,Computer Lab 201,Server Units,4.064,4.064
2026-09-12 21:26:48,Research Wing,Ground,AI Research Lab,AC,0.25,0.25
2026-09-12 21:26:48,Research Wing,Ground,AI Research Lab,Computers,0.08,0.08
2026-09-12 21:26:48,Research Wing,Ground,AI Research Lab,Lights,0.02,0.02
2026-09-12 21:26:48,Research Wing,Ground,AI Research Lab,Fans,0.015,0.015
2026-09-12 21:26:48,Research Wing,Ground,AI Research Lab,Server Units,4.27,4.27
2026-09-12 21:26:48,Research Wing,Ground,Server Room,AC,0.25,0.25
2026-09-12 21:26:48,Research Wing,Ground,Server Room,Computers,0.24,0.24
2026-09-12 21:26:48,Research Wing,Ground,Server Room,Lights,0.02,0.02
2026-09-12 21:26:48,Research Wing,Ground,Server Room,Fans,0.015,0.015
2026-09-12 21:26:48,Research Wing,Ground,Server Room,Server Units,4.875,4.875
2026-09-12 22:26:48,Main Block,Ground,Lab 101,AC,0.25,0.25
2026-09-12 22:26:48,Main Block,Ground,Lab 101,Computers,0.08,0.08
2026-09-12 22:26:48,Main Block,Ground,Lab 101,Lights,0.02,0.02
2026-09-12 22:26:48,Main Block,Ground,Lab 101,Fans,0.015,0.015
2026-09-12 22:26:48,Main Block,Ground,Lab 101,Server Units,3.93,3.93
2026-09-12 22:26:48,Main Block,First,Computer Lab 201,AC,0.25,0.25
2026-09-12 22:26:48,Main Block,First,Computer Lab 201,Computers,0.08,0.08
2026-09-12 22:26:48,Main Block,First,Computer Lab 201,Lights,0.02,0.02
2026-09-12 22:26:48,Main Block,First,Computer Lab 201,Fans,0.015,0.015
2026-09-12 22:26:48,Main Block,First,Computer Lab 201,Server Units,4.551,4.551
2026-09-12 22:26:48,Research Wing,Ground,AI Research Lab,AC,0.25,0.25
2026-09-12 22:26:48,Research Wing,Ground,AI Research Lab,Computers,0.08,0.08
2026-09-12 22:26:48,Research Wing,Ground,AI Research Lab,Lights,0.02,0.02
2026-09-12 22:26:48,Research Wing,Ground,AI Research Lab,Fans,0.015,0.015
2026-09-12 22:26:48,Research Wing,Ground,AI Research Lab,Server Units,4.285,4.285
2026-09-12 22:26:48,Research Wing,Ground,Server Room,AC,0.25,0.25
2026-09-12 22:26:48,Research Wing,Ground,Server Room,Computers,0.08,0.08
2026-09-12 22:26:48,Research Wing,Ground,Server Room,Lights,0.02,0.02
2026-09-12 22:26:48,Research Wing,Ground,Server Room,Fans,0.015,0.015
2026-09-12 22:26:48,Research Wing,Ground,Server Room,Server Units,4.733,4.733
2026-09-12 23:26:48,Main Block,Ground,Lab 101,AC,0.25,0.25
2026-09-12 23:26:48,Main Block,Ground,Lab 101,Computers,0.08,0.08
2026-09-12 23:26:48,Main Block,Ground,Lab 101,Lights,0.02,0.02
2026-09-12 23:26:48,Main Block,Ground,Lab 101,Fans,0.015,0.015
2026-09-12 23:26:48,Main Block,Ground,Lab 101,Server Units,3.82,3.82
2026-09-12 23:26:48,Main Block,First,Computer Lab 201,AC,0.25,0.25
2026-09-12 23:26:48,Main Block,First,Computer Lab 201,Computers,0.08,0.08
2026-09-12 23:26:48,Main Block,First,Computer Lab 201,Lights,0.02,0.02
2026-09-12 23:26:48,Main Block,First,Computer Lab 201,Fans,0.015,0.015
2026-09-12 23:26:48,Main Block,First,Computer Lab 201,Server Units,4.91,4.91
2026-09-12 23:26:48,Research Wing,Ground,AI Research Lab,AC,0.25,0.25
2026-09-12 23:26:48,Research Wing,Ground,AI Research Lab,Computers,0.08,0.08
2026-09-12 23:26:48,Research Wing,Ground,AI Research Lab,Lights,0.02,0.02
2026-09-12 23:26:48,Research Wing,Ground,AI Research Lab,Fans,0.015,0.015
2026-09-12 23:26:48,Research Wing,Ground,AI Research Lab,Server Units,4.776,4.776
2026-09-12 23:26:48,Research Wing,Ground,Server Room,AC,0.25,0.25
2026-09-12 23:26:48,Research Wing,Ground,Server Room,Computers,0.08,0.08
2026-09-12 23:26:48,Research Wing,Ground,Server Room,Lights,0.02,0.02
2026-09-12 23:26:48,Research Wing,Ground,Server Room,Fans,0.015,0.015
2026-09-12 23:26:48,Research Wing,Ground,Server Room,Server Units,5.018,5.018
2026-09-13 00:26:48,Main Block,Ground,Lab 101,AC,0.25,0.25
2026-09-13 00:26:48,Main Block,Ground,Lab 101,Computers,0.08,0.08
2026-09-13 00:26:48,Main Block,Ground,Lab 101,Lights,0.02,0.02
2026-09-13 00:26:48,Main Block,Ground,Lab 101,Fans,0.015,0.015
2026-09-13 00:26:48,Main Block,Ground,Lab 101,Server Units,4.943,4.943
2026-09-13 00:26:48,Main Block,First,Computer Lab 201,AC,0.75,0.75
2026-09-13 00:26:48,Main Block,First,Computer Lab 201,Computers,0.08,0.08
2026-09-13 00:26:48,Main Block,First,Computer Lab 201,Lights,0.02,0.02
2026-09-13 00:26:48,Main Block,First,Computer Lab 201,Fans,0.015,0.015
2026-09-13 00:26:48,Main Block,First,Computer Lab 201,Server Units,15.069,15.069
2026-09-13 00:26:48,Research Wing,Ground,AI Research Lab,AC,0.25,0.25
2026-09-13 00:26:48,Research Wing,Ground,AI Research Lab,Computers,0.08,0.08
2026-09-13 00:26:48,Research Wing,Ground,AI Research Lab,Lights,0.02,0.02
2026-09-13 00:26:48,Research Wing,Ground,AI Research Lab,Fans,0.015,0.015
2026-09-13 00:26:48,Research Wing,Ground,AI Research Lab,Server Units,4.242,4.242
2026-09-13 00:26:48,Research Wing,Ground,Server Room,AC,0.25,0.25
2026-09-13 00:26:48,Research Wing,Ground,Server Room,Computers,0.08,0.08
2026-09-13 00:26:48,Research Wing,Ground,Server Room,Lights,0.02,0.02
2026-09-13 00:26:48,Research Wing,Ground,Server Room,Fans,0.015,0.015
2026-09-13 00:26:48,Research Wing,Ground,Server Room,Server Units,4.716,4.716
2026-09-13 01:26:48,Main Block,Ground,Lab 101,AC,0.25,0.25
2026-09-13 01:26:48,Main Block,Ground,Lab 101,Computers,0.08,0.08
2026-09-13 01:26:48,Main Block,Ground,Lab 101,Lights,0.02,0.02
2026-09-13 01:26:48,Main Block,Ground,Lab 101,Fans,0.015,0.015
2026-09-13 01:26:48,Main Block,Ground,Lab 101,Server Units,4.475,4.475
2026-09-13 01:26:48,Main Block,First,Computer Lab 201,AC,0.25,0.25
2026-09-13 01:26:48,Main Block,First,Computer Lab 201,Computers,0.08,0.08
2026-09-13 01:26:48,Main Block,First,Computer Lab 201,Lights,0.02,0.02
2026-09-13 01:26:48,Main Block,First,Computer Lab 201,Fans,0.015,0.015
2026-09-13 01:26:48,Main Block,First,Computer Lab 201,Server Units,4.64,4.64
2026-09-13 01:26:48,Research Wing,Ground,AI Research Lab,AC,0.25,0.25
2026-09-13 01:26:48,Research Wing,Ground,AI Research Lab,Computers,0.08,0.08
2026-09-13 01:26:48,Research Wing,Ground,AI Research Lab,Lights,0.02,0.02
2026-09-13 01:26:48,Research Wing,Ground,AI Research Lab,Fans,0.015,0.015
2026-09-13 01:26:48,Research Wing,Ground,AI Research Lab,Server Units,5.038,5.038
2026-09-13 01:26:48,Research Wing,Ground,Server Room,AC,0.25,0.25
2026-09-13 01:26:48,Research Wing,Ground,Server Room,Computers,0.08,0.08
2026-09-13 01:26:48,Research Wing,Ground,Server Room,Lights,0.06,0.06
2026-09-13 01:26:48,Research Wing,Ground,Server Room,Fans,0.015,0.015
2026-09-13 01:26:48,Research Wing,Ground,Server Room,Server Units,13.78,13.78
2026-09-13 02:26:48,Main Block,Ground,Lab 101,AC,0.25,0.25
2026-09-13 02:26:48,Main Block,Ground,Lab 101,Computers,0.08,0.08
2026-09-13 02:26:48,Main Block,Ground,Lab 101,Lights,0.02,0.02
2026-09-13 02:26:48,Main Block,Ground,Lab 101,Fans,0.015,0.015
2026-09-13 02:26:48,Main Block,Ground,Lab 101,Server Units,4.922,4.922
2026-09-13 02:26:48,Main Block,First,Computer Lab 201,AC,0.25,0.25
2026-09-13 02:26:48,Main Block,First,Computer Lab 201,Computers,0.08,0.08
2026-09-13 02:26:48,Main Block,First,Computer Lab 201,Lights,0.02,0.02
2026-09-13 02:26:48,Main Block,First,Computer Lab 201,Fans,0.015,0.015
2026-09-13 02:26:48,Main Block,First,Computer Lab 201,Server Units,3.842,3.842
2026-09-13 02:26:48,Research Wing,Ground,AI Research Lab,AC,0.25,0.25
2026-09-13 02:26:48,Research Wing,Ground,AI Research Lab,Computers,0.08,0.08
2026-09-13 02:26:48,Research Wing,Ground,AI Research Lab,Lights,0.02,0.02
2026-09-13 02:26:48,Research Wing,Ground,AI Research Lab,Fans,0.015,0.015
2026-09-13 02:26:48,Research Wing,Ground,AI Research Lab,Server Units,4.813,4.813
2026-09-13 02:26:48,Research Wing,Ground,Server Room,AC,0.25,0.25
2026-09-13 02:26:48,Research Wing,Ground,Server Room,Computers,0.08,0.08
2026-09-13 02:26:48,Research Wing,Ground,Server Room,Lights,0.02,0.02
2026-09-13 02:26:48,Research Wing,Ground,Server Room,Fans,0.015,0.015
2026-09-13 02:26:48,Research Wing,Ground,Server Room,Server Units,3.751,3.751
2026-09-13 03:26:48,Main Block,Ground,Lab 101,AC,0.25,0.25
2026-09-13 03:26:48,Main Block,Ground,Lab 101,Computers,0.08,0.08
2026-09-13 03:26:48,Main Block,Ground,Lab 101,Lights,0.02,0.02
2026-09-13 03:26:48,Main Block,Ground,Lab 101,Fans,0.045,0.045
2026-09-13 03:26:48,Main Block,Ground,Lab 101,Server Units,4.111,4.111
2026-09-13 03:26:48,Main Block,First,Computer Lab 201,AC,0.25,0.25
2026-09-13 03:26:48,Main Block,First,Computer Lab 201,Computers,0.08,0.08
2026-09-13 03:26:48,Main Block,First,Computer Lab 201,Lights,0.02,0.02
2026-09-13 03:26:48,Main Block,First,Computer Lab 201,Fans,0.015,0.015
2026-09-13 03:26:48,Main Block,First,Computer Lab 201,Server Units,4.688,4.688
2026-09-13 03:26:48,Research Wing,Ground,AI Research Lab,AC,0.25,0.25
2026-09-13 03:26:48,Research Wing,Ground,AI Research Lab,Computers,0.08,0.08
2026-09-13 03:26:48,Research Wing,Ground,AI Research Lab,Lights,0.02,0.02
2026-09-13 03:26:48,Research Wing,Ground,AI Research Lab,Fans,0.015,0.015
2026-09-13 03:26:48,Research Wing,Ground,AI Research Lab,Server Units,4.673,4.673
2026-09-13 03:26:48,Research Wing,Ground,Server Room,AC,0.25,0.25
2026-09-13 03:26:48,Research Wing,Ground,Server Room,Computers,0.08,0.08
2026-09-13 03:26:48,Research Wing,Ground,Server Room,Lights,0.02,0.02
2026-09-13 03:26:48,Research Wing,Ground,Server Room,Fans,0.015,0.015
2026-09-13 03:26:48,Research Wing,Ground,Server Room,Server Units,4.491,4.491
2026-09-13 04:26:48,Main Block,Ground,Lab 101,AC,0.25,0.25
2026-09-13 04:26:48,Main Block,Ground,Lab 101,Computers,0.08,0.08
2026-09-13 04:26:48,Main Block,Ground,Lab 101,Lights,0.02,0.02
2026-09-13 04:26:48,Main Block,Ground,Lab 101,Fans,0.015,0.015
2026-09-13 04:26:48,Main Block,Ground,Lab 101,Server Units,4.486,4.486
2026-09-13 04:26:48,Main Block,First,Computer Lab 201,AC,0.25,0.25
2026-09-13 04:26:48,Main Block,First,Computer Lab 201,Computers,0.08,0.08
2026-09-13 04:26:48,Main Block,First,Computer Lab 201,Lights,0.02,0.02
2026-09-13 04:26:48,Main Block,First,Computer Lab 201,Fans,0.015,0.015
2026-09-13 04:26:48,Main Block,First,Computer Lab 201,Server Units,4.041,4.041
2026-09-13 04:26:48,Research Wing,Ground,AI Research Lab,AC,0.25,0.25
2026-09-13 04:26:48,Research Wing,Ground,AI Research Lab,Computers,0.08,0.08
2026-09-13 04:26:48,Research Wing,Ground,AI Research Lab,Lights,0.02,0.02
2026-09-13 04:26:48,Research Wing,Ground,AI Research Lab,Fans,0.015,0.015
2026-09-13 04:26:48,Research Wing,Ground,AI Research Lab,Server Units,4.655,4.655
2026-09-13 04:26:48,Research Wing,Ground,Server Room,AC,0.25,0.25
2026-09-13 04:26:48,Research Wing,Ground,Server Room,Computers,0.08,0.08
2026-09-13 04:26:48,Research Wing,Ground,Server Room,Lights,0.02,0.02
2026-09-13 04:26:48,Research Wing,Ground,Server Room,Fans,0.015,0.015
2026-09-13 04:26:48,Research Wing,Ground,Server Room,Server Units,4.586,4.586
2026-09-13 05:26:48,Main Block,Ground,Lab 101,AC,0.25,0.25
2026-09-13 05:26:48,Main Block,Ground,Lab 101,Computers,0.08,0.08
2026-09-13 05:26:48,Main Block,Ground,Lab 101,Lights,0.02,0.02
2026-09-13 05:26:48,Main Block,Ground,Lab 101,Fans,0.015,0.015
2026-09-13 05:26:48,Main Block,Ground,Lab 101,Server Units,4.102,4.102
2026-09-13 05:26:48,Main Block,First,Computer Lab 201,AC,0.25,0.25
2026-09-13 05:26:48,Main Block,First,Computer Lab 201,Computers,0.08,0.08
2026-09-13 05:26:48,Main Block,First,Computer Lab 201,Lights,0.02,0.02
2026-09-13 05:26:48,Main Block,First,Computer Lab 201,Fans,0.015,0.015
2026-09-13 05:26:48,Main Block,First,Computer Lab 201,Server Units,4.036,4.036
2026-09-13 05:26:48,Research Wing,Ground,AI Research Lab,AC,0.25,0.25
2026-09-13 05:26:48,Research Wing,Ground,AI Research Lab,Computers,0.08,0.08
2026-09-13 05:26:48,Research Wing,Ground,AI Research Lab,Lights,0.06,0.06
2026-09-13 05:26:48,Research Wing,Ground,AI Research Lab,Fans,0.015,0.015
2026-09-13 05:26:48,Research Wing,Ground,AI Research Lab,Server Units,3.848,3.848
2026-09-13 05:26:48,Research Wing,Ground,Server Room,AC,0.25,0.25
2026-09-13 05:26:48,Research Wing,Ground,Server Room,Computers,0.08,0.08
2026-09-13 05:26:48,Research Wing,Ground,Server Room,Lights,0.02,0.02
2026-09-13 05:26:48,Research Wing,Ground,Server Room,Fans,0.015,0.015
2026-09-13 05:26:48,Research Wing,Ground,Server Room,Server Units,3.838,3.838
2026-09-13 06:26:48,Main Block,Ground,Lab 101,AC,0.25,0.25
2026-09-13 06:26:48,Main Block,Ground,Lab 101,Computers,0.08,0.08
2026-09-13 06:26:48,Main Block,Ground,Lab 101,Lights,0.02,0.02
2026-09-13 06:26:48,Main Block,Ground,Lab 101,Fans,0.015,0.015
2026-09-13 06:26:48,Main Block,Ground,Lab 101,Server Units,4.374,4.374
2026-09-13 06:26:48,Main Block,First,Computer Lab 201,AC,0.25,0.25
2026-09-13 06:26:48,Main Block,First,Computer Lab 201,Computers,0.08,0.08
2026-09-13 06:26:48,Main Block,First,Computer Lab 201,Lights,0.02,0.02
2026-09-13 06:26:48,Main Block,First,Computer Lab 201,Fans,0.015,0.015
2026-09-13 06:26:48,Main Block,First,Computer Lab 201,Server Units,3.882,3.882
2026-09-13 06:26:48,Research Wing,Ground,AI Research Lab,AC,0.25,0.25
2026-09-13 06:26:48,Research Wing,Ground,AI Research Lab,Computers,0.08,0.08
2026-09-13 06:26:48,Research Wing,Ground,AI Research Lab,Lights,0.02,0.02
2026-09-13 06:26:48,Research Wing,Ground,AI Research Lab,Fans,0.015,0.015
2026-09-13 06:26:48,Research Wing,Ground,AI Research Lab,Server Units,4.985,4.985
2026-09-13 06:26:48,Research Wing,Ground,Server Room,AC,0.25,0.25
2026-09-13 06:26:48,Research Wing,Ground,Server Room,Computers,0.08,0.08
2026-09-13 06:26:48,Research Wing,Ground,Server Room,Lights,0.02,0.02
2026-09-13 06:26:48,Research Wing,Ground,Server Room,Fans,0.015,0.015
2026-09-13 06:26:48,Research Wing,Ground,Server Room,Server Units,3.853,3.853
2026-09-13 07:26:48,Main Block,Ground,Lab 101,AC,0.25,0.25
2026-09-13 07:26:48,Main Block,Ground,Lab 101,Computers,0.08,0.08
2026-09-13 07:26:48,Main Block,Ground,Lab 101,Lights,0.02,0.02
2026-09-13 07:26:48,Main Block,Ground,Lab 101,Fans,0.015,0.015
2026-09-13 07:26:48,Main Block,Ground,Lab 101,Server Units,3.908,3.908
2026-09-13 07:26:48,Main Block,First,Computer Lab 201,AC,0.25,0.25
2026-09-13 07:26:48,Main Block,First,Computer Lab 201,Computers,0.08,0.08
2026-09-13 07:26:48,Main Block,First,Computer Lab 201,Lights,0.02,0.02
2026-09-13 07:26:48,Main Block,First,Computer Lab 201,Fans,0.015,0.015
2026-09-13 07:26:48,Main Block,First,Computer Lab 201,Server Units,4.634,4.634
2026-09-13 07:26:48,Research Wing,Ground,AI Research Lab,AC,0.25,0.25
2026-09-13 07:26:48,Research Wing,Ground,AI Research Lab,Computers,0.08,0.08
2026-09-13 07:26:48,Research Wing,Ground,AI Research Lab,Lights,0.02,0.02
2026-09-13 07:26:48,Research Wing,Ground,AI Research Lab,Fans,0.015,0.015
2026-09-13 07:26:48,Research Wing,Ground,AI Research Lab,Server Units,4.048,4.048
2026-09-13 07:26:48,Research Wing,Ground,Server Room,AC,0.25,0.25
2026-09-13 07:26:48,Research Wing,Ground,Server Room,Computers,0.24,0.24
2026-09-13 07:26:48,Research Wing,Ground,Server Room,Lights,0.02,0.02
2026-09-13 07:26:48,Research Wing,Ground,Server Room,Fans,0.015,0.015
2026-09-13 07:26:48,Research Wing,Ground,Server Room,Server Units,4.902,4.902
2026-09-13 08:26:48,Main Block,Ground,Lab 101,AC,4.283,4.283
2026-09-13 08:26:48,Main Block,Ground,Lab 101,Computers,2.17,2.17
2026-09-13 08:26:48,Main Block,Ground,Lab 101,Lights,0.285,0.285
2026-09-13 08:26:48,Main Block,Ground,Lab 101,Fans,0.172,0.172
2026-09-13 08:26:48,Main Block,Ground,Lab 101,Server Units,3.829,3.829
2026-09-13 08:26:48,Main Block,First,Computer Lab 201,AC,4.086,4.086
2026-09-13 08:26:48,Main Block,First,Computer Lab 201,Computers,2.082,2.082
2026-09-13 08:26:48,Main Block,First,Computer Lab 201,Lights,0.293,0.293
2026-09-13 08:26:48,Main Block,First,Computer Lab 201,Fans,0.192,0.192
2026-09-13 08:26:48,Main Block,First,Computer Lab 201,Server Units,4.792,4.792
2026-09-13 08:26:48,Research Wing,Ground,AI Research Lab,AC,4.246,4.246
2026-09-13 08:26:48,Research Wing,Ground,AI Research Lab,Computers,2.276,2.276
2026-09-13 08:26:48,Research Wing,Ground,AI Research Lab,Lights,0.283,0.283
2026-09-13 08:26:48,Research Wing,Ground,AI Research Lab,Fans,0.211,0.211
2026-09-13 08:26:48,Research Wing,Ground,AI Research Lab,Server Units,4.147,4.147
2026-09-13 08:26:48,Research Wing,Ground,Server Room,AC,12.969,12.969
2026-09-13 08:26:48,Research Wing,Ground,Server Room,Computers,2.052,2.052
2026-09-13 08:26:48,Research Wing,Ground,Server Room,Lights,0.26,0.26
2026-09-13 08:26:48,Research Wing,Ground,Server Room,Fans,0.215,0.215
2026-09-13 08:26:48,Research Wing,Ground,Server Room,Server Units,4.297,4.297
2026-09-13 09:26:48,Main Block,Ground,Lab 101,AC,4.096,4.096
2026-09-13 09:26:48,Main Block,Ground,Lab 101,Computers,2.171,2.171
2026-09-13 09:26:48,Main Block,Ground,Lab 101,Lights,0.315,0.315
2026-09-13 09:26:48,Main Block,Ground,Lab 101,Fans,0.223,0.223
2026-09-13 09:26:48,Main Block,Ground,Lab 101,Server Units,4.177,4.177
2026-09-13 09:26:48,Main Block,First,Computer Lab 201,AC,5.125,5.125
2026-09-13 09:26:48,Main Block,First,Computer Lab 201,Computers,1.951,1.951
2026-09-13 09:26:48,Main Block,First,Computer Lab 201,Lights,0.296,0.296
2026-09-13 09:26:48,Main Block,First,Computer Lab 201,Fans,0.168,0.168
2026-09-13 09:26:48,Main Block,First,Computer Lab 201,Server Units,3.745,3.745
2026-09-13 09:26:48,Research Wing,Ground,AI Research Lab,AC,4.136,4.136
2026-09-13 09:26:48,Research Wing,Ground,AI Research Lab,Computers,1.843,1.843
2026-09-13 09:26:48,Research Wing,Ground,AI Research Lab,Lights,0.341,0.341
2026-09-13 09:26:48,Research Wing,Ground,AI Research Lab,Fans,0.209,0.209
2026-09-13 09:26:48,Research Wing,Ground,AI Research Lab,Server Units,3.983,3.983
2026-09-13 09:26:48,Research Wing,Ground,Server Room,AC,4.315,4.315
2026-09-13 09:26:48,Research Wing,Ground,Server Room,Computers,1.718,1.718
2026-09-13 09:26:48,Research Wing,Ground,Server Room,Lights,0.281,0.281
2026-09-13 09:26:48,Research Wing,Ground,Server Room,Fans,0.2,0.2
2026-09-13 09:26:48,Research Wing,Ground,Server Room,Server Units,3.798,3.798
2026-09-13 10:26:48,Main Block,Ground,Lab 101,AC,4.092,4.092
2026-09-13 10:26:48,Main Block,Ground,Lab 101,Computers,2.231,2.231
2026-09-13 10:26:48,Main Block,Ground,Lab 101,Lights,0.286,0.286
2026-09-13 10:26:48,Main Block,Ground,Lab 101,Fans,0.529,0.529
2026-09-13 10:26:48,Main Block,Ground,Lab 101,Server Units,4.853,4.853
2026-09-13 10:26:48,Main Block,First,Computer Lab 201,AC,3.853,3.853
2026-09-13 10:26:48,Main Block,First,Computer Lab 201,Computers,1.927,1.927
2026-09-13 10:26:48,Main Block,First,Computer Lab 201,Lights,0.265,0.265
2026-09-13 10:26:48,Main Block,First,Computer Lab 201,Fans,0.184,0.184
2026-09-13 10:26:48,Main Block,First,Computer Lab 201,Server Units,4.809,4.809
2026-09-13 10:26:48,Research Wing,Ground,AI Research Lab,AC,5.096,5.096
2026-09-13 10:26:48,Research Wing,Ground,AI Research Lab,Computers,2.299,2.299
2026-09-13 10:26:48,Research Wing,Ground,AI Research Lab,Lights,0.334,0.334
2026-09-13 10:26:48,Research Wing,Ground,AI Research Lab,Fans,0.174,0.174
2026-09-13 10:26:48,Research Wing,Ground,AI Research Lab,Server Units,4.789,4.789
2026-09-13 10:26:48,Research Wing,Ground,Server Room,AC,4.336,4.336
2026-09-13 10:26:48,Research Wing,Ground,Server Room,Computers,2.06,2.06
2026-09-13 10:26:48,Research Wing,Ground,Server Room,Lights,0.277,0.277
2026-09-13 10:26:48,Research Wing,Ground,Server Room,Fans,0.202,0.202
2026-09-13 10:26:48,Research Wing,Ground,Server Room,Server Units,4.447,4.447
2026-09-13 11:26:48,Main Block,Ground,Lab 101,AC,4.267,4.267
2026-09-13 11:26:48,Main Block,Ground,Lab 101,Computers,2.177,2.177
2026-09-13 11:26:48,Main Block,Ground,Lab 101,Lights,0.332,0.332
2026-09-13 11:26:48,Main Block,Ground,Lab 101,Fans,0.218,0.218
2026-09-13 11:26:48,Main Block,Ground,Lab 101,Server Units,3.847,3.847
2026-09-13 11:26:48,Main Block,First,Computer Lab 201,AC,4.721,4.721
2026-09-13 11:26:48,Main Block,First,Computer Lab 201,Computers,2.005,2.005
2026-09-13 11:26:48,Main Block,First,Computer Lab 201,Lights,0.313,0.313
2026-09-13 11:26:48,Main Block,First,Computer Lab 201,Fans,0.195,0.195
2026-09-13 11:26:48,Main Block,First,Computer Lab 201,Server Units,4.165,4.165
2026-09-13 11:26:48,Research Wing,Ground,AI Research Lab,AC,4.763,4.763
2026-09-13 11:26:48,Research Wing,Ground,AI Research Lab,Computers,1.997,1.997
2026-09-13 11:26:48,Research Wing,Ground,AI Research Lab,Lights,0.291,0.291
2026-09-13 11:26:48,Research Wing,Ground,AI Research Lab,Fans,0.2,0.2
2026-09-13 11:26:48,Research Wing,Ground,AI Research Lab,Server Units,4.03,4.03
2026-09-13 11:26:48,Research Wing,Ground,Server Room,AC,4.99,4.99
2026-09-13 11:26:48,Research Wing,Ground,Server Room,Computers,1.884,1.884
2026-09-13 11:26:48,Research Wing,Ground,Server Room,Lights,0.306,0.306
2026-09-13 11:26:48,Research Wing,Ground,Server Room,Fans,0.188,0.188
2026-09-13 11:26:48,Research Wing,Ground,Server Room,Server Units,3.917,3.917
2026-09-13 12:26:48,Main Block,Ground,Lab 101,AC,4.425,4.425
2026-09-13 12:26:48,Main Block,Ground,Lab 101,Computers,2.05,2.05
2026-09-13 12:26:48,Main Block,Ground,Lab 101,Lights,0.311,0.311
2026-09-13 12:26:48,Main Block,Ground,Lab 101,Fans,0.193,0.193
2026-09-13 12:26:48,Main Block,Ground,Lab 101,Server Units,4.802,4.802
2026-09-13 12:26:48,Main Block,First,Computer Lab 201,AC,4.341,4.341
2026-09-13 12:26:48,Main Block,First,Computer Lab 201,Computers,1.84,1.84
2026-09-13 12:26:48,Main Block,First,Computer Lab 201,Lights,0.287,0.287
2026-09-13 12:26:48,Main Block,First,Computer Lab 201,Fans,0.215,0.215
2026-09-13 12:26:48,Main Block,First,Computer Lab 201,Server Units,4.59,4.59
2026-09-13 12:26:48,Research Wing,Ground,AI Research Lab,AC,5.076,5.076
2026-09-13 12:26:48,Research Wing,Ground,AI Research Lab,Computers,1.743,1.743
2026-09-13 12:26:48,Research Wing,Ground,AI Research Lab,Lights,0.273,0.273
2026-09-13 12:26:48,Research Wing,Ground,AI Research Lab,Fans,0.185,0.185
2026-09-13 12:26:48,Research Wing,Ground,AI Research Lab,Server Units,4.817,4.817
2026-09-13 12:26:48,Research Wing,Ground,Server Room,AC,4.196,4.196
2026-09-13 12:26:48,Research Wing,Ground,Server Room,Computers,2.299,2.299
2026-09-13 12:26:48,Research Wing,Ground,Server Room,Lights,0.323,0.323
2026-09-13 12:26:48,Research Wing,Ground,Server Room,Fans,0.657,0.657
2026-09-13 12:26:48,Research Wing,Ground,Server Room,Server Units,4.135,4.135
2026-09-13 13:26:48,Main Block,Ground,Lab 101,AC,4.882,4.882
2026-09-13 13:26:48,Main Block,Ground,Lab 101,Computers,1.943,1.943
2026-09-13 13:26:48,Main Block,Ground,Lab 101,Lights,0.314,0.314
2026-09-13 13:26:48,Main Block,Ground,Lab 101,Fans,0.196,0.196
2026-09-13 13:26:48,Main Block,Ground,Lab 101,Server Units,3.937,3.937
2026-09-13 13:26:48,Main Block,First,Computer Lab 201,AC,4.131,4.131
2026-09-13 13:26:48,Main Block,First,Computer Lab 201,Computers,1.985,1.985
2026-09-13 13:26:48,Main Block,First,Computer Lab 201,Lights,0.326,0.326
2026-09-13 13:26:48,Main Block,First,Computer Lab 201,Fans,0.208,0.208
2026-09-13 13:26:48,Main Block,First,Computer Lab 201,Server Units,4.785,4.785
2026-09-13 13:26:48,Research Wing,Ground,AI Research Lab,AC,4.079,4.079
2026-09-13 13:26:48,Research Wing,Ground,AI Research Lab,Computers,2.119,2.119
2026-09-13 13:26:48,Research Wing,Ground,AI Research Lab,Lights,0.295,0.295
2026-09-13 13:26:48,Research Wing,Ground,AI Research Lab,Fans,0.188,0.188
2026-09-13 13:26:48,Research Wing,Ground,AI Research Lab,Server Units,3.909,3.909
2026-09-13 13:26:48,Research Wing,Ground,Server Room,AC,3.838,3.838
2026-09-13 13:26:48,Research Wing,Ground,Server Room,Computers,2.201,2.201
2026-09-13 13:26:48,Research Wing,Ground,Server Room,Lights,0.293,0.293
2026-09-13 13:26:48,Research Wing,Ground,Server Room,Fans,0.189,0.189
2026-09-13 13:26:48,Research Wing,Ground,Server Room,Server Units,4.45,4.45
2026-09-13 14:26:48,Main Block,Ground,Lab 101,AC,3.856,3.856
2026-09-13 14:26:48,Main Block,Ground,Lab 101,Computers,2.253,2.253
2026-09-13 14:26:48,Main Block,Ground,Lab 101,Lights,0.341,0.341
2026-09-13 14:26:48,Main Block,Ground,Lab 101,Fans,0.203,0.203
2026-09-13 14:26:48,Main Block,Ground,Lab 101,Server Units,4.542,4.542
2026-09-13 14:26:48,Main Block,First,Computer Lab 201,AC,5.148,5.148
2026-09-13 14:26:48,Main Block,First,Computer Lab 201,Computers,1.934,1.934
2026-09-13 14:26:48,Main Block,First,Computer Lab 201,Lights,0.272,0.272
2026-09-13 14:26:48,Main Block,First,Computer Lab 201,Fans,0.199,0.199
2026-09-13 14:26:48,Main Block,First,Computer Lab 201,Server Units,4.921,4.921
2026-09-13 14:26:48,Research Wing,Ground,AI Research Lab,AC,3.966,3.966
2026-09-13 14:26:48,Research Wing,Ground,AI Research Lab,Computers,1.719,1.719
2026-09-13 14:26:48,Research Wing,Ground,AI Research Lab,Lights,0.299,0.299
2026-09-13 14:26:48,Research Wing,Ground,AI Research Lab,Fans,0.17,0.17
2026-09-13 14:26:48,Research Wing,Ground,AI Research Lab,Server Units,4.115,4.115
2026-09-13 14:26:48,Research Wing,Ground,Server Room,AC,4.715,4.715
2026-09-13 14:26:48,Research Wing,Ground,Server Room,Computers,1.734,1.734
2026-09-13 14:26:48,Research Wing,Ground,Server Room,Lights,0.27,0.27
2026-09-13 14:26:48,Research Wing,Ground,Server Room,Fans,0.19,0.19
2026-09-13 14:26:48,Research Wing,Ground,Server Room,Server Units,3.886,3.886
2026-09-13 15:26:48,Main Block,Ground,Lab 101,AC,4.471,4.471
2026-09-13 15:26:48,Main Block,Ground,Lab 101,Computers,2.273,2.273
2026-09-13 15:26:48,Main Block,Ground,Lab 101,Lights,0.267,0.267
2026-09-13 15:26:48,Main Block,Ground,Lab 101,Fans,0.191,0.191
2026-09-13 15:26:48,Main Block,Ground,Lab 101,Server Units,4.367,4.367
2026-09-13 15:26:48,Main Block,First,Computer Lab 201,AC,5.093,5.093
2026-09-13 15:26:48,Main Block,First,Computer Lab 201,Computers,2.001,2.001
2026-09-13 15:26:48,Main Block,First,Computer Lab 201,Lights,0.839,0.839
2026-09-13 15:26:48,Main Block,First,Computer Lab 201,Fans,0.174,0.174
2026-09-13 15:26:48,Main Block,First,Computer Lab 201,Server Units,4.267,4.267
2026-09-13 15:26:48,Research Wing,Ground,AI Research Lab,AC,4.535,4.535
2026-09-13 15:26:48,Research Wing,Ground,AI Research Lab,Computers,2.228,2.228
2026-09-13 15:26:48,Research Wing,Ground,AI Research Lab,Lights,0.307,0.307
2026-09-13 15:26:48,Research Wing,Ground,AI Research Lab,Fans,0.183,0.183
2026-09-13 15:26:48,Research Wing,Ground,AI Research Lab,Server Units,4.342,4.342
2026-09-13 15:26:48,Research Wing,Ground,Server Room,AC,4.786,4.786
2026-09-13 15:26:48,Research Wing,Ground,Server Room,Computers,2.068,2.068
2026-09-13 15:26:48,Research Wing,Ground,Server Room,Lights,0.271,0.271
2026-09-13 15:26:48,Research Wing,Ground,Server Room,Fans,0.218,0.218
2026-09-13 15:26:48,Research Wing,Ground,Server Room,Server Units,4.344,4.344
2026-09-13 16:26:48,Main Block,Ground,Lab 101,AC,4.073,4.073
2026-09-13 16:26:48,Main Block,Ground,Lab 101,Computers,1.936,1.936
2026-09-13 16:26:48,Main Block,Ground,Lab 101,Lights,0.277,0.277
2026-09-13 16:26:48,Main Block,Ground,Lab 101,Fans,0.182,0.182
2026-09-13 16:26:48,Main Block,Ground,Lab 101,Server Units,4.125,4.125
2026-09-13 16:26:48,Main Block,First,Computer Lab 201,AC,4.767,4.767
2026-09-13 16:26:48,Main Block,First,Computer Lab 201,Computers,1.83,1.83
2026-09-13 16:26:48,Main Block,First,Computer Lab 201,Lights,0.344,0.344
2026-09-13 16:26:48,Main Block,First,Computer Lab 201,Fans,0.224,0.224
2026-09-13 16:26:48,Main Block,First,Computer Lab 201,Server Units,3.879,3.879
2026-09-13 16:26:48,Research Wing,Ground,AI Research Lab,AC,4.265,4.265
2026-09-13 16:26:48,Research Wing,Ground,AI Research Lab,Computers,1.852,1.852
2026-09-13 16:26:48,Research Wing,Ground,AI Research Lab,Lights,0.297,0.297
2026-09-13 16:26:48,Research Wing,Ground,AI Research Lab,Fans,0.206,0.206
2026-09-13 16:26:48,Research Wing,Ground,AI Research Lab,Server Units,4.243,4.243
2026-09-13 16:26:48,Research Wing,Ground,Server Room,AC,4.98,4.98
2026-09-13 16:26:48,Research Wing,Ground,Server Room,Computers,1.706,1.706
2026-09-13 16:26:48,Research Wing,Ground,Server Room,Lights,0.338,0.338
2026-09-13 16:26:48,Research Wing,Ground,Server Room,Fans,0.21,0.21
2026-09-13 16:26:48,Research Wing,Ground,Server Room,Server Units,3.83,3.83
2026-09-13 17:26:48,Main Block,Ground,Lab 101,AC,4.152,4.152
2026-09-13 17:26:48,Main Block,Ground,Lab 101,Computers,1.784,1.784
2026-09-13 17:26:48,Main Block,Ground,Lab 101,Lights,0.331,0.331
2026-09-13 17:26:48,Main Block,Ground,Lab 101,Fans,0.167,0.167
2026-09-13 17:26:48,Main Block,Ground,Lab 101,Server Units,4.128,4.128
2026-09-13 17:26:48,Main Block,First,Computer Lab 201,AC,4.353,4.353
2026-09-13 17:26:48,Main Block,First,Computer Lab 201,Computers,2.158,2.158
2026-09-13 17:26:48,Main Block,First,Computer Lab 201,Lights,0.269,0.269
2026-09-13 17:26:48,Main Block,First,Computer Lab 201,Fans,0.178,0.178
2026-09-13 17:26:48,Main Block,First,Computer Lab 201,Server Units,4.631,4.631
2026-09-13 17:26:48,Research Wing,Ground,AI Research Lab,AC,4.766,4.766
2026-09-13 17:26:48,Research Wing,Ground,AI Research Lab,Computers,2.187,2.187
2026-09-13 17:26:48,Research Wing,Ground,AI Research Lab,Lights,0.319,0.319
2026-09-13 17:26:48,Research Wing,Ground,AI Research Lab,Fans,0.189,0.189
2026-09-13 17:26:48,Research Wing,Ground,AI Research Lab,Server Units,11.428,11.428
2026-09-13 17:26:48,Research Wing,Ground,Server Room,AC,4.868,4.868
2026-09-13 17:26:48,Research Wing,Ground,Server Room,Computers,2.257,2.257
2026-09-13 17:26:48,Research Wing,Ground,Server Room,Lights,0.276,0.276
2026-09-13 17:26:48,Research Wing,Ground,Server Room,Fans,0.19,0.19
2026-09-13 17:26:48,Research Wing,Ground,Server Room,Server Units,4.185,4.185
2026-09-13 18:26:48,Main Block,Ground,Lab 101,AC,4.728,4.728
2026-09-13 18:26:48,Main Block,Ground,Lab 101,Computers,2.229,2.229
2026-09-13 18:26:48,Main Block,Ground,Lab 101,Lights,0.33,0.33
2026-09-13 18:26:48,Main Block,Ground,Lab 101,Fans,0.176,0.176
2026-09-13 18:26:48,Main Block,Ground,Lab 101,Server Units,3.882,3.882
2026-09-13 18:26:48,Main Block,First,Computer Lab 201,AC,4.584,4.584
2026-09-13 18:26:48,Main Block,First,Computer Lab 201,Computers,1.824,1.824
2026-09-13 18:26:48,Main Block,First,Computer Lab 201,Lights,0.34,0.34
2026-09-13 18:26:48,Main Block,First,Computer Lab 201,Fans,0.178,0.178
2026-09-13 18:26:48,Main Block,First,Computer Lab 201,Server Units,3.969,3.969
2026-09-13 18:26:48,Research Wing,Ground,AI Research Lab,AC,4.252,4.252
2026-09-13 18:26:48,Research Wing,Ground,AI Research Lab,Computers,1.975,1.975
2026-09-13 18:26:48,Research Wing,Ground,AI Research Lab,Lights,0.328,0.328
2026-09-13 18:26:48,Research Wing,Ground,AI Research Lab,Fans,0.187,0.187
2026-09-13 18:26:48,Research Wing,Ground,AI Research Lab,Server Units,4.029,4.029
2026-09-13 18:26:48,Research Wing,Ground,Server Room,AC,4.633,4.633
2026-09-13 18:26:48,Research Wing,Ground,Server Room,Computers,1.761,1.761
2026-09-13 18:26:48,Research Wing,Ground,Server Room,Lights,0.344,0.344
2026-09-13 18:26:48,Research Wing,Ground,Server Room,Fans,0.176,0.176
2026-09-13 18:26:48,Research Wing,Ground,Server Room,Server Units,4.532,4.532
2026-09-13 19:26:48,Main Block,Ground,Lab 101,AC,0.25,0.25
2026-09-13 19:26:48,Main Block,Ground,Lab 101,Computers,0.08,0.08
2026-09-13 19:26:48,Main Block,Ground,Lab 101,Lights,0.02,0.02
2026-09-13 19:26:48,Main Block,Ground,Lab 101,Fans,0.015,0.015
2026-09-13 19:26:48,Main Block,Ground,Lab 101,Server Units,4.178,4.178
2026-09-13 19:26:48,Main Block,First,Computer Lab 201,AC,0.25,0.25
2026-09-13 19:26:48,Main Block,First,Computer Lab 201,Computers,0.08,0.08
2026-09-13 19:26:48,Main Block,First,Computer Lab 201,Lights,0.02,0.02
2026-09-13 19:26:48,Main Block,First,Computer Lab 201,Fans,0.015,0.015
2026-09-13 19:26:48,Main Block,First,Computer Lab 201,Server Units,4.182,4.182
2026-09-13 19:26:48,Research Wing,Ground,AI Research Lab,AC,0.25,0.25
2026-09-13 19:26:48,Research Wing,Ground,AI Research Lab,Computers,0.08,0.08
2026-09-13 19:26:48,Research Wing,Ground,AI Research Lab,Lights,0.02,0.02
2026-09-13 19:26:48,Research Wing,Ground,AI Research Lab,Fans,0.015,0.015
2026-09-13 19:26:48,Research Wing,Ground,AI Research Lab,Server Units,4.515,4.515
2026-09-13 19:26:48,Research Wing,Ground,Server Room,AC,0.25,0.25
2026-09-13 19:26:48,Research Wing,Ground,Server Room,Computers,0.08,0.08
2026-09-13 19:26:48,Research Wing,Ground,Server Room,Lights,0.02,0.02
2026-09-13 19:26:48,Research Wing,Ground,Server Room,Fans,0.015,0.015
2026-09-13 19:26:48,Research Wing,Ground,Server Room,Server Units,4.714,4.714
2026-09-13 20:26:48,Main Block,Ground,Lab 101,AC,0.25,0.25
2026-09-13 20:26:48,Main Block,Ground,Lab 101,Computers,0.08,0.08
2026-09-13 20:26:48,Main Block,Ground,Lab 101,Lights,0.02,0.02
2026-09-13 20:26:48,Main Block,Ground,Lab 101,Fans,0.015,0.015
2026-09-13 20:26:48,Main Block,Ground,Lab 101,Server Units,3.94,3.94
2026-09-13 20:26:48,Main Block,First,Computer Lab 201,AC,0.25,0.25
2026-09-13 20:26:48,Main Block,First,Computer Lab 201,Computers,0.08,0.08
2026-09-13 20:26:48,Main Block,First,Computer Lab 201,Lights,0.02,0.02
2026-09-13 20:26:48,Main Block,First,Computer Lab 201,Fans,0.015,0.015
2026-09-13 20:26:48,Main Block,First,Computer Lab 201,Server Units,4.716,4.716
2026-09-13 20:26:48,Research Wing,Ground,AI Research Lab,AC,0.25,0.25
2026-09-13 20:26:48,Research Wing,Ground,AI Research Lab,Computers,0.08,0.08
2026-09-13 20:26:48,Research Wing,Ground,AI Research Lab,Lights,0.02,0.02
2026-09-13 20:26:48,Research Wing,Ground,AI Research Lab,Fans,0.015,0.015
2026-09-13 20:26:48,Research Wing,Ground,AI Research Lab,Server Units,5.03,5.03
2026-09-13 20:26:48,Research Wing,Ground,Server Room,AC,0.25,0.25
2026-09-13 20:26:48,Research Wing,Ground,Server Room,Computers,0.24,0.24
2026-09-13 20:26:48,Research Wing,Ground,Server Room,Lights,0.02,0.02
2026-09-13 20:26:48,Research Wing,Ground,Server Room,Fans,0.015,0.015
2026-09-13 20:26:48,Research Wing,Ground,Server Room,Server Units,4.06,4.06
2026-09-13 21:26:48,Main Block,Ground,Lab 101,AC,0.25,0.25
2026-09-13 21:26:48,Main Block,Ground,Lab 101,Computers,0.08,0.08
2026-09-13 21:26:48,Main Block,Ground,Lab 101,Lights,0.02,0.02
2026-09-13 21:26:48,Main Block,Ground,Lab 101,Fans,0.015,0.015
2026-09-13 21:26:48,Main Block,Ground,Lab 101,Server Units,4.69,4.69
2026-09-13 21:26:48,Main Block,First,Computer Lab 201,AC,0.25,0.25
2026-09-13 21:26:48,Main Block,First,Computer Lab 201,Computers,0.08,0.08
2026-09-13 21:26:48,Main Block,First,Computer Lab 201,Lights,0.02,0.02
2026-09-13 21:26:48,Main Block,First,Computer Lab 201,Fans,0.045,0.045
2026-09-13 21:26:48,Main Block,First,Computer Lab 201,Server Units,4.888,4.888
2026-09-13 21:26:48,Research Wing,Ground,AI Research Lab,AC,0.25,0.25
2026-09-13 21:26:48,Research Wing,Ground,AI Research Lab,Computers,0.08,0.08
2026-09-13 21:26:48,Research Wing,Ground,AI Research Lab,Lights,0.02,0.02
2026-09-13 21:26:48,Research Wing,Ground,AI Research Lab,Fans,0.015,0.015
2026-09-13 21:26:48,Research Wing,Ground,AI Research Lab,Server Units,3.861,3.861
2026-09-13 21:26:48,Research Wing,Ground,Server Room,AC,0.25,0.25
2026-09-13 21:26:48,Research Wing,Ground,Server Room,Computers,0.08,0.08
2026-09-13 21:26:48,Research Wing,Ground,Server Room,Lights,0.02,0.02
2026-09-13 21:26:48,Research Wing,Ground,Server Room,Fans,0.015,0.015
2026-09-13 21:26:48,Research Wing,Ground,Server Room,Server Units,4.697,4.697
2026-09-13 22:26:48,Main Block,Ground,Lab 101,AC,0.25,0.25
2026-09-13 22:26:48,Main Block,Ground,Lab 101,Computers,0.08,0.08
2026-09-13 22:26:48,Main Block,Ground,Lab 101,Lights,0.02,0.02
2026-09-13 22:26:48,Main Block,Ground,Lab 101,Fans,0.015,0.015
2026-09-13 22:26:48,Main Block,Ground,Lab 101,Server Units,4.117,4.117
2026-09-13 22:26:48,Main Block,First,Computer Lab 201,AC,0.25,0.25
2026-09-13 22:26:48,Main Block,First,Computer Lab 201,Computers,0.08,0.08
2026-09-13 22:26:48,Main Block,First,Computer Lab 201,Lights,0.02,0.02
2026-09-13 22:26:48,Main Block,First,Computer Lab 201,Fans,0.015,0.015
2026-09-13 22:26:48,Main Block,First,Computer Lab 201,Server Units,5.024,5.024
2026-09-13 22:26:48,Research Wing,Ground,AI Research Lab,AC,0.25,0.25
2026-09-13 22:26:48,Research Wing,Ground,AI Research Lab,Computers,0.08,0.08
2026-09-13 22:26:48,Research Wing,Ground,AI Research Lab,Lights,0.02,0.02
2026-09-13 22:26:48,Research Wing,Ground,AI Research Lab,Fans,0.015,0.015
2026-09-13 22:26:48,Research Wing,Ground,AI Research Lab,Server Units,4.744,4.744
2026-09-13 22:26:48,Research Wing,Ground,Server Room,AC,0.25,0.25
2026-09-13 22:26:48,Research Wing,Ground,Server Room,Computers,0.24,0.24
2026-09-13 22:26:48,Research Wing,Ground,Server Room,Lights,0.02,0.02
2026-09-13 22:26:48,Research Wing,Ground,Server Room,Fans,0.015,0.015
2026-09-13 22:26:48,Research Wing,Ground,Server Room,Server Units,4.742,4.742
2026-09-13 23:26:48,Main Block,Ground,Lab 101,AC,0.25,0.25
2026-09-13 23:26:48,Main Block,Ground,Lab 101,Computers,0.08,0.08
2026-09-13 23:26:48,Main Block,Ground,Lab 101,Lights,0.02,0.02
2026-09-13 23:26:48,Main Block,Ground,Lab 101,Fans,0.015,0.015
2026-09-13 23:26:48,Main Block,Ground,Lab 101,Server Units,4.352,4.352
2026-09-13 23:26:48,Main Block,First,Computer Lab 201,AC,0.25,0.25
2026-09-13 23:26:48,Main Block,First,Computer Lab 201,Computers,0.08,0.08
2026-09-13 23:26:48,Main Block,First,Computer Lab 201,Lights,0.02,0.02
2026-09-13 23:26:48,Main Block,First,Computer Lab 201,Fans,0.015,0.015
2026-09-13 23:26:48,Main Block,First,Computer Lab 201,Server Units,4.359,4.359
2026-09-13 23:26:48,Research Wing,Ground,AI Research Lab,AC,0.25,0.25
2026-09-13 23:26:48,Research Wing,Ground,AI Research Lab,Computers,0.24,0.24
2026-09-13 23:26:48,Research Wing,Ground,AI Research Lab,Lights,0.02,0.02
2026-09-13 23:26:48,Research Wing,Ground,AI Research Lab,Fans,0.015,0.015
2026-09-13 23:26:48,Research Wing,Ground,AI Research Lab,Server Units,4.389,4.389
2026-09-13 23:26:48,Research Wing,Ground,Server Room,AC,0.25,0.25
2026-09-13 23:26:48,Research Wing,Ground,Server Room,Computers,0.08,0.08
2026-09-13 23:26:48,Research Wing,Ground,Server Room,Lights,0.02,0.02
2026-09-13 23:26:48,Research Wing,Ground,Server Room,Fans,0.015,0.015
2026-09-13 23:26:48,Research Wing,Ground,Server Room,Server Units,4.586,4.586
2026-09-14 00:26:48,Main Block,Ground,Lab 101,AC,0.25,0.25
2026-09-14 00:26:48,Main Block,Ground,Lab 101,Computers,0.08,0.08
2026-09-14 00:26:48,Main Block,Ground,Lab 101,Lights,0.02,0.02
2026-09-14 00:26:48,Main Block,Ground,Lab 101,Fans,0.015,0.015
2026-09-14 00:26:48,Main Block,Ground,Lab 101,Server Units,4.487,4.487
2026-09-14 00:26:48,Main Block,First,Computer Lab 201,AC,0.25,0.25
2026-09-14 00:26:48,Main Block,First,Computer Lab 201,Computers,0.08,0.08
2026-09-14 00:26:48,Main Block,First,Computer Lab 201,Lights,0.02,0.02
2026-09-14 00:26:48,Main Block,First,Computer Lab 201,Fans,0.015,0.015
2026-09-14 00:26:48,Main Block,First,Computer Lab 201,Server Units,4.413,4.413
2026-09-14 00:26:48,Research Wing,Ground,AI Research Lab,AC,0.25,0.25
2026-09-14 00:26:48,Research Wing,Ground,AI Research Lab,Computers,0.08,0.08
2026-09-14 00:26:48,Research Wing,Ground,AI Research Lab,Lights,0.02,0.02
2026-09-14 00:26:48,Research Wing,Ground,AI Research Lab,Fans,0.015,0.015
2026-09-14 00:26:48,Research Wing,Ground,AI Research Lab,Server Units,4.711,4.711
2026-09-14 00:26:48,Research Wing,Ground,Server Room,AC,0.25,0.25
2026-09-14 00:26:48,Research Wing,Ground,Server Room,Computers,0.08,0.08
2026-09-14 00:26:48,Research Wing,Ground,Server Room,Lights,0.02,0.02
2026-09-14 00:26:48,Research Wing,Ground,Server Room,Fans,0.015,0.015
2026-09-14 00:26:48,Research Wing,Ground,Server Room,Server Units,4.661,4.661
2026-09-14 01:26:48,Main Block,Ground,Lab 101,AC,0.25,0.25
2026-09-14 01:26:48,Main Block,Ground,Lab 101,Computers,0.08,0.08
2026-09-14 01:26:48,Main Block,Ground,Lab 101,Lights,0.02,0.02
2026-09-14 01:26:48,Main Block,Ground,Lab 101,Fans,0.015,0.015
2026-09-14 01:26:48,Main Block,Ground,Lab 101,Server Units,4.535,4.535
2026-09-14 01:26:48,Main Block,First,Computer Lab 201,AC,0.25,0.25
2026-09-14 01:26:48,Main Block,First,Computer Lab 201,Computers,0.24,0.24
2026-09-14 01:26:48,Main Block,First,Computer Lab 201,Lights,0.02,0.02
2026-09-14 01:26:48,Main Block,First,Computer Lab 201,Fans,0.015,0.015
2026-09-14 01:26:48,Main Block,First,Computer Lab 201,Server Units,4.95,4.95
2026-09-14 01:26:48,Research Wing,Ground,AI Research Lab,AC,0.25,0.25
2026-09-14 01:26:48,Research Wing,Ground,AI Research Lab,Computers,0.08,0.08
2026-09-14 01:26:48,Research Wing,Ground,AI Research Lab,Lights,0.02,0.02
2026-09-14 01:26:48,Research Wing,Ground,AI Research Lab,Fans,0.015,0.015
2026-09-14 01:26:48,Research Wing,Ground,AI Research Lab,Server Units,4.298,4.298
2026-09-14 01:26:48,Research Wing,Ground,Server Room,AC,0.25,0.25
2026-09-14 01:26:48,Research Wing,Ground,Server Room,Computers,0.08,0.08
2026-09-14 01:26:48,Research Wing,Ground,Server Room,Lights,0.02,0.02
2026-09-14 01:26:48,Research Wing,Ground,Server Room,Fans,0.015,0.015
2026-09-14 01:26:48,Research Wing,Ground,Server Room,Server Units,4.245,4.245
2026-09-14 02:26:48,Main Block,Ground,Lab 101,AC,0.25,0.25
2026-09-14 02:26:48,Main Block,Ground,Lab 101,Computers,0.08,0.08
2026-09-14 02:26:48,Main Block,Ground,Lab 101,Lights,0.02,0.02
2026-09-14 02:26:48,Main Block,Ground,Lab 101,Fans,0.015,0.015
2026-09-14 02:26:48,Main Block,Ground,Lab 101,Server Units,4.58,4.58
2026-09-14 02:26:48,Main Block,First,Computer Lab 201,AC,0.25,0.25
2026-09-14 02:26:48,Main Block,First,Computer Lab 201,Computers,0.08,0.08
2026-09-14 02:26:48,Main Block,First,Computer Lab 201,Lights,0.02,0.02
2026-09-14 02:26:48,Main Block,First,Computer Lab 201,Fans,0.015,0.015
2026-09-14 02:26:48,Main Block,First,Computer Lab 201,Server Units,4.265,4.265
2026-09-14 02:26:48,Research Wing,Ground,AI Research Lab,AC,0.25,0.25
2026-09-14 02:26:48,Research Wing,Ground,AI Research Lab,Computers,0.08,0.08
2026-09-14 02:26:48,Research Wing,Ground,AI Research Lab,Lights,0.06,0.06
2026-09-14 02:26:48,Research Wing,Ground,AI Research Lab,Fans,0.015,0.015
2026-09-14 02:26:48,Research Wing,Ground,AI Research Lab,Server Units,4.659,4.659
2026-09-14 02:26:48,Research Wing,Ground,Server Room,AC,0.25,0.25
2026-09-14 02:26:48,Research Wing,Ground,Server Room,Computers,0.08,0.08
2026-09-14 02:26:48,Research Wing,Ground,Server Room,Lights,0.02,0.02
2026-09-14 02:26:48,Research Wing,Ground,Server Room,Fans,0.015,0.015
2026-09-14 02:26:48,Research Wing,Ground,Server Room,Server Units,4.669,4.669
2026-09-14 03:26:48,Main Block,Ground,Lab 101,AC,0.25,0.25
2026-09-14 03:26:48,Main Block,Ground,Lab 101,Computers,0.08,0.08
2026-09-14 03:26:48,Main Block,Ground,Lab 101,Lights,0.02,0.02
2026-09-14 03:26:48,Main Block,Ground,Lab 101,Fans,0.015,0.015
2026-09-14 03:26:48,Main Block,Ground,Lab 101,Server Units,3.985,3.985
2026-09-14 03:26:48,Main Block,First,Computer Lab 201,AC,0.25,0.25
2026-09-14 03:26:48,Main Block,First,Computer Lab 201,Computers,0.08,0.08
2026-09-14 03:26:48,Main Block,First,Computer Lab 201,Lights,0.02,0.02
2026-09-14 03:26:48,Main Block,First,Computer Lab 201,Fans,0.015,0.015
2026-09-14 03:26:48,Main Block,First,Computer Lab 201,Server Units,4.28,4.28
2026-09-14 03:26:48,Research Wing,Ground,AI Research Lab,AC,0.25,0.25
2026-09-14 03:26:48,Research Wing,Ground,AI Research Lab,Computers,0.08,0.08
2026-09-14 03:26:48,Research Wing,Ground,AI Research Lab,Lights,0.02,0.02
2026-09-14 03:26:48,Research Wing,Ground,AI Research Lab,Fans,0.015,0.015
2026-09-14 03:26:48,Research Wing,Ground,AI Research Lab,Server Units,4.239,4.239
2026-09-14 03:26:48,Research Wing,Ground,Server Room,AC,0.25,0.25
2026-09-14 03:26:48,Research Wing,Ground,Server Room,Computers,0.08,0.08
2026-09-14 03:26:48,Research Wing,Ground,Server Room,Lights,0.02,0.02
2026-09-14 03:26:48,Research Wing,Ground,Server Room,Fans,0.015,0.015
2026-09-14 03:26:48,Research Wing,Ground,Server Room,Server Units,3.873,3.873
2026-09-14 04:26:48,Main Block,Ground,Lab 101,AC,0.25,0.25
2026-09-14 04:26:48,Main Block,Ground,Lab 101,Computers,0.24,0.24
2026-09-14 04:26:48,Main Block,Ground,Lab 101,Lights,0.02,0.02
2026-09-14 04:26:48,Main Block,Ground,Lab 101,Fans,0.015,0.015
2026-09-14 04:26:48,Main Block,Ground,Lab 101,Server Units,3.868,3.868
2026-09-14 04:26:48,Main Block,First,Computer Lab 201,AC,0.75,0.75
2026-09-14 04:26:48,Main Block,First,Computer Lab 201,Computers,0.08,0.08
2026-09-14 04:26:48,Main Block,First,Computer Lab 201,Lights,0.02,0.02
2026-09-14 04:26:48,Main Block,First,Computer Lab 201,Fans,0.015,0.015
2026-09-14 04:26:48,Main Block,First,Computer Lab 201,Server Units,4.97,4.97
2026-09-14 04:26:48,Research Wing,Ground,AI Research Lab,AC,0.25,0.25
2026-09-14 04:26:48,Research Wing,Ground,AI Research Lab,Computers,0.08,0.08
2026-09-14 04:26:48,Research Wing,Ground,AI Research Lab,Lights,0.02,0.02
2026-09-14 04:26:48,Research Wing,Ground,AI Research Lab,Fans,0.015,0.015
2026-09-14 04:26:48,Research Wing,Ground,AI Research Lab,Server Units,5.059,5.059
2026-09-14 04:26:48,Research Wing,Ground,Server Room,AC,0.25,0.25
2026-09-14 04:26:48,Research Wing,Ground,Server Room,Computers,0.08,0.08
2026-09-14 04:26:48,Research Wing,Ground,Server Room,Lights,0.02,0.02
2026-09-14 04:26:48,Research Wing,Ground,Server Room,Fans,0.015,0.015
2026-09-14 04:26:48,Research Wing,Ground,Server Room,Server Units,4.21,4.21
2026-09-14 05:26:48,Main Block,Ground,Lab 101,AC,0.25,0.25
2026-09-14 05:26:48,Main Block,Ground,Lab 101,Computers,0.08,0.08
2026-09-14 05:26:48,Main Block,Ground,Lab 101,Lights,0.02,0.02
2026-09-14 05:26:48,Main Block,Ground,Lab 101,Fans,0.015,0.015
2026-09-14 05:26:48,Main Block,Ground,Lab 101,Server Units,4.912,4.912
2026-09-14 05:26:48,Main Block,First,Computer Lab 201,AC,0.25,0.25
2026-09-14 05:26:48,Main Block,First,Computer Lab 201,Computers,0.08,0.08
2026-09-14 05:26:48,Main Block,First,Computer Lab 201,Lights,0.02,0.02
2026-09-14 05:26:48,Main Block,First,Computer Lab 201,Fans,0.015,0.015
2026-09-14 05:26:48,Main Block,First,Computer Lab 201,Server Units,4.816,4.816
2026-09-14 05:26:48,Research Wing,Ground,AI Research Lab,AC,0.25,0.25
2026-09-14 05:26:48,Research Wing,Ground,AI Research Lab,Computers,0.08,0.08
2026-09-14 05:26:48,Research Wing,Ground,AI Research Lab,Lights,0.02,0.02
2026-09-14 05:26:48,Research Wing,Ground,AI Research Lab,Fans,0.015,0.015
2026-09-14 05:26:48,Research Wing,Ground,AI Research Lab,Server Units,3.988,3.988
2026-09-14 05:26:48,Research Wing,Ground,Server Room,AC,0.25,0.25
2026-09-14 05:26:48,Research Wing,Ground,Server Room,Computers,0.08,0.08
2026-09-14 05:26:48,Research Wing,Ground,Server Room,Lights,0.06,0.06
2026-09-14 05:26:48,Research Wing,Ground,Server Room,Fans,0.015,0.015
2026-09-14 05:26:48,Research Wing,Ground,Server Room,Server Units,3.8,3.8
2026-09-14 06:26:48,Main Block,Ground,Lab 101,AC,0.25,0.25
2026-09-14 06:26:48,Main Block,Ground,Lab 101,Computers,0.08,0.08
2026-09-14 06:26:48,Main Block,Ground,Lab 101,Lights,0.02,0.02
2026-09-14 06:26:48,Main Block,Ground,Lab 101,Fans,0.015,0.015
2026-09-14 06:26:48,Main Block,Ground,Lab 101,Server Units,4.549,4.549
2026-09-14 06:26:48,Main Block,First,Computer Lab 201,AC,0.25,0.25
2026-09-14 06:26:48,Main Block,First,Computer Lab 201,Computers,0.08,0.08
2026-09-14 06:26:48,Main Block,First,Computer Lab 201,Lights,0.02,0.02
2026-09-14 06:26:48,Main Block,First,Computer Lab 201,Fans,0.015,0.015
2026-09-14 06:26:48,Main Block,First,Computer Lab 201,Server Units,4.871,4.871
2026-09-14 06:26:48,Research Wing,Ground,AI Research Lab,AC,0.25,0.25
2026-09-14 06:26:48,Research Wing,Ground,AI Research Lab,Computers,0.08,0.08
2026-09-14 06:26:48,Research Wing,Ground,AI Research Lab,Lights,0.02,0.02
2026-09-14 06:26:48,Research Wing,Ground,AI Research Lab,Fans,0.015,0.015
2026-09-14 06:26:48,Research Wing,Ground,AI Research Lab,Server Units,4.426,4.426
2026-09-14 06:26:48,Research Wing,Ground,Server Room,AC,0.25,0.25
2026-09-14 06:26:48,Research Wing,Ground,Server Room,Computers,0.08,0.08
2026-09-14 06:26:48,Research Wing,Ground,Server Room,Lights,0.02,0.02
2026-09-14 06:26:48,Research Wing,Ground,Server Room,Fans,0.015,0.015
2026-09-14 06:26:48,Research Wing,Ground,Server Room,Server Units,4.138,4.138
2026-09-14 07:26:48,Main Block,Ground,Lab 101,AC,0.25,0.25
2026-09-14 07:26:48,Main Block,Ground,Lab 101,Computers,0.08,0.08
2026-09-14 07:26:48,Main Block,Ground,Lab 101,Lights,0.02,0.02
2026-09-14 07:26:48,Main Block,Ground,Lab 101,Fans,0.015,0.015
2026-09-14 07:26:48,Main Block,Ground,Lab 101,Server Units,3.893,3.893
2026-09-14 07:26:48,Main Block,First,Computer Lab 201,AC,0.25,0.25
2026-09-14 07:26:48,Main Block,First,Computer Lab 201,Computers,0.08,0.08
2026-09-14 07:26:48,Main Block,First,Computer Lab 201,Lights,0.02,0.02
2026-09-14 07:26:48,Main Block,First,Computer Lab 201,Fans,0.015,0.015
2026-09-14 07:26:48,Main Block,First,Computer Lab 201,Server Units,3.858,3.858
2026-09-14 07:26:48,Research Wing,Ground,AI Research Lab,AC,0.25,0.25
2026-09-14 07:26:48,Research Wing,Ground,AI Research Lab,Computers,0.08,0.08
2026-09-14 07:26:48,Research Wing,Ground,AI Research Lab,Lights,0.02,0.02
2026-09-14 07:26:48,Research Wing,Ground,AI Research Lab,Fans,0.015,0.015
2026-09-14 07:26:48,Research Wing,Ground,AI Research Lab,Server Units,4.752,4.752
2026-09-14 07:26:48,Research Wing,Ground,Server Room,AC,0.25,0.25
2026-09-14 07:26:48,Research Wing,Ground,Server Room,Computers,0.08,0.08
2026-09-14 07:26:48,Research Wing,Ground,Server Room,Lights,0.02,0.02
2026-09-14 07:26:48,Research Wing,Ground,Server Room,Fans,0.015,0.015
2026-09-14 07:26:48,Research Wing,Ground,Server Room,Server Units,3.919,3.919
2026-09-14 08:26:48,Main Block,Ground,Lab 101,AC,4.804,4.804
2026-09-14 08:26:48,Main Block,Ground,Lab 101,Computers,2.115,2.115
2026-09-14 08:26:48,Main Block,Ground,Lab 101,Lights,0.339,0.339
2026-09-14 08:26:48,Main Block,Ground,Lab 101,Fans,0.201,0.201
2026-09-14 08:26:48,Main Block,Ground,Lab 101,Server Units,4.238,4.238
2026-09-14 08:26:48,Main Block,First,Computer Lab 201,AC,4.819,4.819
2026-09-14 08:26:48,Main Block,First,Computer Lab 201,Computers,2.085,2.085
2026-09-14 08:26:48,Main Block,First,Computer Lab 201,Lights,0.332,0.332
2026-09-14 08:26:48,Main Block,First,Computer Lab 201,Fans,0.179,0.179
2026-09-14 08:26:48,Main Block,First,Computer Lab 201,Server Units,3.856,3.856
2026-09-14 08:26:48,Research Wing,Ground,AI Research Lab,AC,4.825,4.825
2026-09-14 08:26:48,Research Wing,Ground,AI Research Lab,Computers,2.147,2.147
2026-09-14 08:26:48,Research Wing,Ground,AI Research Lab,Lights,0.288,0.288
2026-09-14 08:26:48,Research Wing,Ground,AI Research Lab,Fans,0.222,0.222
2026-09-14 08:26:48,Research Wing,Ground,AI Research Lab,Server Units,3.742,3.742
2026-09-14 08:26:48,Research Wing,Ground,Server Room,AC,4.548,4.548
2026-09-14 08:26:48,Research Wing,Ground,Server Room,Computers,2.288,2.288
2026-09-14 08:26:48,Research Wing,Ground,Server Room,Lights,0.288,0.288
2026-09-14 08:26:48,Research Wing,Ground,Server Room,Fans,0.212,0.212
2026-09-14 08:26:48,Research Wing,Ground,Server Room,Server Units,4.534,4.534
2026-09-14 09:26:48,Main Block,Ground,Lab 101,AC,4.359,4.359
2026-09-14 09:26:48,Main Block,Ground,Lab 101,Computers,1.976,1.976
2026-09-14 09:26:48,Main Block,Ground,Lab 101,Lights,0.34,0.34
2026-09-14 09:26:48,Main Block,Ground,Lab 101,Fans,0.195,0.195
2026-09-14 09:26:48,Main Block,Ground,Lab 101,Server Units,4.534,4.534
2026-09-14 09:26:48,Main Block,First,Computer Lab 201,AC,4.723,4.723
2026-09-14 09:26:48,Main Block,First,Computer Lab 201,Computers,2.122,2.122
2026-09-14 09:26:48,Main Block,First,Computer Lab 201,Lights,0.283,0.283
2026-09-14 09:26:48,Main Block,First,Computer Lab 201,Fans,0.173,0.173
2026-09-14 09:26:48,Main Block,First,Computer Lab 201,Server Units,4.673,4.673
2026-09-14 09:26:48,Research Wing,Ground,AI Research Lab,AC,4.944,4.944
2026-09-14 09:26:48,Research Wing,Ground,AI Research Lab,Computers,2.122,2.122
2026-09-14 09:26:48,Research Wing,Ground,AI Research Lab,Lights,0.343,0.343
2026-09-14 09:26:48,Research Wing,Ground,AI Research Lab,Fans,0.214,0.214
2026-09-14 09:26:48,Research Wing,Ground,AI Research Lab,Server Units,4.707,4.707
2026-09-14 09:26:48,Research Wing,Ground,Server Room,AC,4.771,4.771
2026-09-14 09:26:48,Research Wing,Ground,Server Room,Computers,2.219,2.219
2026-09-14 09:26:48,Research Wing,Ground,Server Room,Lights,0.299,0.299
2026-09-14 09:26:48,Research Wing,Ground,Server Room,Fans,0.223,0.223
2026-09-14 09:26:48,Research Wing,Ground,Server Room,Server Units,4.86,4.86
2026-09-14 10:26:48,Main Block,Ground,Lab 101,AC,4.565,4.565
2026-09-14 10:26:48,Main Block,Ground,Lab 101,Computers,2.107,2.107
2026-09-14 10:26:48,Main Block,Ground,Lab 101,Lights,0.323,0.323
2026-09-14 10:26:48,Main Block,Ground,Lab 101,Fans,0.197,0.197
2026-09-14 10:26:48,Main Block,Ground,Lab 101,Server Units,4.659,4.659
2026-09-14 10:26:48,Main Block,First,Computer Lab 201,AC,4.981,4.981
2026-09-14 10:26:48,Main Block,First,Computer Lab 201,Computers,1.779,1.779
2026-09-14 10:26:48,Main Block,First,Computer Lab 201,Lights,0.307,0.307
2026-09-14 10:26:48,Main Block,First,Computer Lab 201,Fans,0.215,0.215
2026-09-14 10:26:48,Main Block,First,Computer Lab 201,Server Units,4.344,4.344
2026-09-14 10:26:48,Research Wing,Ground,AI Research Lab,AC,4.011,4.011
2026-09-14 10:26:48,Research Wing,Ground,AI Research Lab,Computers,1.875,1.875
2026-09-14 10:26:48,Research Wing,Ground,AI Research Lab,Lights,0.275,0.275
2026-09-14 10:26:48,Research Wing,Ground,AI Research Lab,Fans,0.626,0.626
2026-09-14 10:26:48,Research Wing,Ground,AI Research Lab,Server Units,4.698,4.698
2026-09-14 10:26:48,Research Wing,Ground,Server Room,AC,4.741,4.741
2026-09-14 10:26:48,Research Wing,Ground,Server Room,Computers,1.789,1.789
2026-09-14 10:26:48,Research Wing,Ground,Server Room,Lights,0.293,0.293
2026-09-14 10:26:48,Research Wing,Ground,Server Room,Fans,0.22,0.22
2026-09-14 10:26:48,Research Wing,Ground,Server Room,Server Units,5.026,5.026
2026-09-14 11:26:48,Main Block,Ground,Lab 101,AC,3.896,3.896
2026-09-14 11:26:48,Main Block,Ground,Lab 101,Computers,2.09,2.09
2026-09-14 11:26:48,Main Block,Ground,Lab 101,Lights,0.342,0.342
2026-09-14 11:26:48,Main Block,Ground,Lab 101,Fans,0.189,0.189
2026-09-14 11:26:48,Main Block,Ground,Lab 101,Server Units,4.058,4.058
2026-09-14 11:26:48,Main Block,First,Computer Lab 201,AC,4.754,4.754
2026-09-14 11:26:48,Main Block,First,Computer Lab 201,Computers,2.092,2.092
2026-09-14 11:26:48,Main Block,First,Computer Lab 201,Lights,0.317,0.317
2026-09-14 11:26:48,Main Block,First,Computer Lab 201,Fans,0.204,0.204
2026-09-14 11:26:48,Main Block,First,Computer Lab 201,Server Units,4.882,4.882
2026-09-14 11:26:48,Research Wing,Ground,AI Research Lab,AC,4.197,4.197
2026-09-14 11:26:48,Research Wing,Ground,AI Research Lab,Computers,1.92,1.92
2026-09-14 11:26:48,Research Wing,Ground,AI Research Lab,Lights,0.262,0.262
2026-09-14 11:26:48,Research Wing,Ground,AI Research Lab,Fans,0.205,0.205
2026-09-14 11:26:48,Research Wing,Ground,AI Research Lab,Server Units,3.77,3.77
2026-09-14 11:26:48,Research Wing,Ground,Server Room,AC,4.598,4.598
2026-09-14 11:26:48,Research Wing,Ground,Server Room,Computers,2.147,2.147
2026-09-14 11:26:48,Research Wing,Ground,Server Room,Lights,0.271,0.271
2026-09-14 11:26:48,Research Wing,Ground,Server Room,Fans,0.203,0.203
2026-09-14 11:26:48,Research Wing,Ground,Server Room,Server Units,4.494,4.494
2026-09-14 12:26:48,Main Block,Ground,Lab 101,AC,3.911,3.911
2026-09-14 12:26:48,Main Block,Ground,Lab 101,Computers,2.177,2.177
2026-09-14 12:26:48,Main Block,Ground,Lab 101,Lights,0.984,0.984
2026-09-14 12:26:48,Main Block,Ground,Lab 101,Fans,0.198,0.198
2026-09-14 12:26:48,Main Block,Ground,Lab 101,Server Units,4.812,4.812
2026-09-14 12:26:48,Main Block,First,Computer Lab 201,AC,4.526,4.526
2026-09-14 12:26:48,Main Block,First,Computer Lab 201,Computers,2.128,2.128
2026-09-14 12:26:48,Main Block,First,Computer Lab 201,Lights,0.266,0.266
2026-09-14 12:26:48,Main Block,First,Computer Lab 201,Fans,0.222,0.222
2026-09-14 12:26:48,Main Block,First,Computer Lab 201,Server Units,3.978,3.978
2026-09-14 12:26:48,Research Wing,Ground,AI Research Lab,AC,4.068,4.068
2026-09-14 12:26:48,Research Wing,Ground,AI Research Lab,Computers,2.18,2.18
2026-09-14 12:26:48,Research Wing,Ground,AI Research Lab,Lights,0.267,0.267
2026-09-14 12:26:48,Research Wing,Ground,AI Research Lab,Fans,0.175,0.175
2026-09-14 12:26:48,Research Wing,Ground,AI Research Lab,Server Units,4.864,4.864
2026-09-14 12:26:48,Research Wing,Ground,Server Room,AC,5.148,5.148
2026-09-14 12:26:48,Research Wing,Ground,Server Room,Computers,1.918,1.918
2026-09-14 12:26:48,Research Wing,Ground,Server Room,Lights,0.293,0.293
2026-09-14 12:26:48,Research Wing,Ground,Server Room,Fans,0.166,0.166
2026-09-14 12:26:48,Research Wing,Ground,Server Room,Server Units,4.989,4.989
2026-09-14 13:26:48,Main Block,Ground,Lab 101,AC,4.882,4.882
2026-09-14 13:26:48,Main Block,Ground,Lab 101,Computers,1.967,1.967
2026-09-14 13:26:48,Main Block,Ground,Lab 101,Lights,0.318,0.318
2026-09-14 13:26:48,Main Block,Ground,Lab 101,Fans,0.223,0.223
2026-09-14 13:26:48,Main Block,Ground,Lab 101,Server Units,4.45,4.45
2026-09-14 13:26:48,Main Block,First,Computer Lab 201,AC,3.959,3.959
2026-09-14 13:26:48,Main Block,First,Computer Lab 201,Computers,1.842,1.842
2026-09-14 13:26:48,Main Block,First,Computer Lab 201,Lights,0.282,0.282
2026-09-14 13:26:48,Main Block,First,Computer Lab 201,Fans,0.222,0.222
2026-09-14 13:26:48,Main Block,First,Computer Lab 201,Server Units,4.025,4.025
2026-09-14 13:26:48,Research Wing,Ground,AI Research Lab,AC,3.998,3.998
2026-09-14 13:26:48,Research Wing,Ground,AI Research Lab,Computers,1.745,1.745
2026-09-14 13:26:48,Research Wing,Ground,AI Research Lab,Lights,0.289,0.289
2026-09-14 13:26:48,Research Wing,Ground,AI Research Lab,Fans,0.189,0.189
2026-09-14 13:26:48,Research Wing,Ground,AI Research Lab,Server Units,4.076,4.076
2026-09-14 13:26:48,Research Wing,Ground,Server Room,AC,4.763,4.763
2026-09-14 13:26:48,Research Wing,Ground,Server Room,Computers,1.742,1.742
2026-09-14 13:26:48,Research Wing,Ground,Server Room,Lights,0.345,0.345
2026-09-14 13:26:48,Research Wing,Ground,Server Room,Fans,0.177,0.177
2026-09-14 13:26:48,Research Wing,Ground,Server Room,Server Units,4.608,4.608
2026-09-14 14:26:48,Main Block,Ground,Lab 101,AC,4.642,4.642
2026-09-14 14:26:48,Main Block,Ground,Lab 101,Computers,1.792,1.792
2026-09-14 14:26:48,Main Block,Ground,Lab 101,Lights,0.294,0.294
2026-09-14 14:26:48,Main Block,Ground,Lab 101,Fans,0.201,0.201
2026-09-14 14:26:48,Main Block,Ground,Lab 101,Server Units,3.905,3.905
2026-09-14 14:26:48,Main Block,First,Computer Lab 201,AC,4.565,4.565
2026-09-14 14:26:48,Main Block,First,Computer Lab 201,Computers,2.084,2.084
2026-09-14 14:26:48,Main Block,First,Computer Lab 201,Lights,0.285,0.285
2026-09-14 14:26:48,Main Block,First,Computer Lab 201,Fans,0.217,0.217
2026-09-14 14:26:48,Main Block,First,Computer Lab 201,Server Units,3.753,3.753
2026-09-14 14:26:48,Research Wing,Ground,AI Research Lab,AC,5.133,5.133
2026-09-14 14:26:48,Research Wing,Ground,AI Research Lab,Computers,1.763,1.763
2026-09-14 14:26:48,Research Wing,Ground,AI Research Lab,Lights,0.271,0.271
2026-09-14 14:26:48,Research Wing,Ground,AI Research Lab,Fans,0.184,0.184
2026-09-14 14:26:48,Research Wing,Ground,AI Research Lab,Server Units,4.386,4.386
2026-09-14 14:26:48,Research Wing,Ground,Server Room,AC,4.771,4.771
2026-09-14 14:26:48,Research Wing,Ground,Server Room,Computers,2.031,2.031
2026-09-14 14:26:48,Research Wing,Ground,Server Room,Lights,0.336,0.336
2026-09-14 14:26:48,Research Wing,Ground,Server Room,Fans,0.221,0.221
2026-09-14 14:26:48,Research Wing,Ground,Server Room,Server Units,4.196,4.196
2026-09-14 15:26:48,Main Block,Ground,Lab 101,AC,5.132,5.132
2026-09-14 15:26:48,Main Block,Ground,Lab 101,Computers,2.057,2.057
2026-09-14 15:26:48,Main Block,Ground,Lab 101,Lights,0.298,0.298
2026-09-14 15:26:48,Main Block,Ground,Lab 101,Fans,0.166,0.166
2026-09-14 15:26:48,Main Block,Ground,Lab 101,Server Units,3.945,3.945
2026-09-14 15:26:48,Main Block,First,Computer Lab 201,AC,4.336,4.336
2026-09-14 15:26:48,Main Block,First,Computer Lab 201,Computers,1.732,1.732
2026-09-14 15:26:48,Main Block,First,Computer Lab 201,Lights,0.343,0.343
2026-09-14 15:26:48,Main Block,First,Computer Lab 201,Fans,0.18,0.18
2026-09-14 15:26:48,Main Block,First,Computer Lab 201,Server Units,4.673,4.673
2026-09-14 15:26:48,Research Wing,Ground,AI Research Lab,AC,5.156,5.156
2026-09-14 15:26:48,Research Wing,Ground,AI Research Lab,Computers,2.001,2.001
2026-09-14 15:26:48,Research Wing,Ground,AI Research Lab,Lights,0.293,0.293
2026-09-14 15:26:48,Research Wing,Ground,AI Research Lab,Fans,0.217,0.217
2026-09-14 15:26:48,Research Wing,Ground,AI Research Lab,Server Units,4.143,4.143
2026-09-14 15:26:48,Research Wing,Ground,Server Room,AC,5.104,5.104
2026-09-14 15:26:48,Research Wing,Ground,Server Room,Computers,1.888,1.888
2026-09-14 15:26:48,Research Wing,Ground,Server Room,Lights,0.262,0.262
2026-09-14 15:26:48,Research Wing,Ground,Server Room,Fans,0.221,0.221
2026-09-14 15:26:48,Research Wing,Ground,Server Room,Server Units,3.816,3.816
2026-09-14 16:26:48,Main Block,Ground,Lab 101,AC,4.573,4.573
2026-09-14 16:26:48,Main Block,Ground,Lab 101,Computers,2.225,2.225
2026-09-14 16:26:48,Main Block,Ground,Lab 101,Lights,0.293,0.293
2026-09-14 16:26:48,Main Block,Ground,Lab 101,Fans,0.209,0.209
2026-09-14 16:26:48,Main Block,Ground,Lab 101,Server Units,4.42,4.42
2026-09-14 16:26:48,Main Block,First,Computer Lab 201,AC,5.024,5.024
2026-09-14 16:26:48,Main Block,First,Computer Lab 201,Computers,1.943,1.943
2026-09-14 16:26:48,Main Block,First,Computer Lab 201,Lights,0.337,0.337
2026-09-14 16:26:48,Main Block,First,Computer Lab 201,Fans,0.208,0.208
2026-09-14 16:26:48,Main Block,First,Computer Lab 201,Server Units,4.73,4.73
2026-09-14 16:26:48,Research Wing,Ground,AI Research Lab,AC,4.823,4.823
2026-09-14 16:26:48,Research Wing,Ground,AI Research Lab,Computers,2.194,2.194
2026-09-14 16:26:48,Research Wing,Ground,AI Research Lab,Lights,0.303,0.303
2026-09-14 16:26:48,Research Wing,Ground,AI Research Lab,Fans,0.201,0.201
2026-09-14 16:26:48,Research Wing,Ground,AI Research Lab,Server Units,4.63,4.63
2026-09-14 16:26:48,Research Wing,Ground,Server Room,AC,4.532,4.532
2026-09-14 16:26:48,Research Wing,Ground,Server Room,Computers,1.745,1.745
2026-09-14 16:26:48,Research Wing,Ground,Server Room,Lights,0.301,0.301
2026-09-14 16:26:48,Research Wing,Ground,Server Room,Fans,0.19,0.19
2026-09-14 16:26:48,Research Wing,Ground,Server Room,Server Units,4.233,4.233
2026-09-14 17:26:48,Main Block,Ground,Lab 101,AC,5.059,5.059
2026-09-14 17:26:48,Main Block,Ground,Lab 101,Computers,2.023,2.023
2026-09-14 17:26:48,Main Block,Ground,Lab 101,Lights,0.266,0.266
2026-09-14 17:26:48,Main Block,Ground,Lab 101,Fans,0.183,0.183
2026-09-14 17:26:48,Main Block,Ground,Lab 101,Server Units,4.714,4.714
2026-09-14 17:26:48,Main Block,First,Computer Lab 201,AC,4.119,4.119
2026-09-14 17:26:48,Main Block,First,Computer Lab 201,Computers,2.26,2.26
2026-09-14 17:26:48,Main Block,First,Computer Lab 201,Lights,0.329,0.329
2026-09-14 17:26:48,Main Block,First,Computer Lab 201,Fans,0.193,0.193
2026-09-14 17:26:48,Main Block,First,Computer Lab 201,Server Units,4.385,4.385
2026-09-14 17:26:48,Research Wing,Ground,AI Research Lab,AC,4.656,4.656
2026-09-14 17:26:48,Research Wing,Ground,AI Research Lab,Computers,5.737,5.737
2026-09-14 17:26:48,Research Wing,Ground,AI Research Lab,Lights,0.335,0.335
2026-09-14 17:26:48,Research Wing,Ground,AI Research Lab,Fans,0.186,0.186
2026-09-14 17:26:48,Research Wing,Ground,AI Research Lab,Server Units,4.39,4.39
2026-09-14 17:26:48,Research Wing,Ground,Server Room,AC,4.519,4.519
2026-09-14 17:26:48,Research Wing,Ground,Server Room,Computers,1.774,1.774
2026-09-14 17:26:48,Research Wing,Ground,Server Room,Lights,0.269,0.269
2026-09-14 17:26:48,Research Wing,Ground,Server Room,Fans,0.179,0.179
2026-09-14 17:26:48,Research Wing,Ground,Server Room,Server Units,4.135,4.135
2026-09-14 18:26:48,Main Block,Ground,Lab 101,AC,4.071,4.071
2026-09-14 18:26:48,Main Block,Ground,Lab 101,Computers,1.765,1.765
2026-09-14 18:26:48,Main Block,Ground,Lab 101,Lights,0.331,0.331
2026-09-14 18:26:48,Main Block,Ground,Lab 101,Fans,0.186,0.186
2026-09-14 18:26:48,Main Block,Ground,Lab 101,Server Units,4.214,4.214
2026-09-14 18:26:48,Main Block,First,Computer Lab 201,AC,4.093,4.093
2026-09-14 18:26:48,Main Block,First,Computer Lab 201,Computers,1.724,1.724
2026-09-14 18:26:48,Main Block,First,Computer Lab 201,Lights,0.322,0.322
2026-09-14 18:26:48,Main Block,First,Computer Lab 201,Fans,0.175,0.175
2026-09-14 18:26:48,Main Block,First,Computer Lab 201,Server Units,4.373,4.373
2026-09-14 18:26:48,Research Wing,Ground,AI Research Lab,AC,4.184,4.184
2026-09-14 18:26:48,Research Wing,Ground,AI Research Lab,Computers,2.03,2.03
2026-09-14 18:26:48,Research Wing,Ground,AI Research Lab,Lights,0.319,0.319
2026-09-14 18:26:48,Research Wing,Ground,AI Research Lab,Fans,0.21,0.21
2026-09-14 18:26:48,Research Wing,Ground,AI Research Lab,Server Units,4.402,4.402
2026-09-14 18:26:48,Research Wing,Ground,Server Room,AC,4.963,4.963
2026-09-14 18:26:48,Research Wing,Ground,Server Room,Computers,1.766,1.766
2026-09-14 18:26:48,Research Wing,Ground,Server Room,Lights,0.257,0.257
2026-09-14 18:26:48,Research Wing,Ground,Server Room,Fans,0.195,0.195
2026-09-14 18:26:48,Research Wing,Ground,Server Room,Server Units,4.052,4.052
2026-09-14 19:26:48,Main Block,Ground,Lab 101,AC,0.25,0.25
2026-09-14 19:26:48,Main Block,Ground,Lab 101,Computers,0.08,0.08
2026-09-14 19:26:48,Main Block,Ground,Lab 101,Lights,0.02,0.02
2026-09-14 19:26:48,Main Block,Ground,Lab 101,Fans,0.015,0.015
2026-09-14 19:26:48,Main Block,Ground,Lab 101,Server Units,4.122,4.122
2026-09-14 19:26:48,Main Block,First,Computer Lab 201,AC,0.25,0.25
2026-09-14 19:26:48,Main Block,First,Computer Lab 201,Computers,0.08,0.08
2026-09-14 19:26:48,Main Block,First,Computer Lab 201,Lights,0.02,0.02
2026-09-14 19:26:48,Main Block,First,Computer Lab 201,Fans,0.015,0.015
2026-09-14 19:26:48,Main Block,First,Computer Lab 201,Server Units,4.069,4.069
2026-09-14 19:26:48,Research Wing,Ground,AI Research Lab,AC,0.25,0.25
2026-09-14 19:26:48,Research Wing,Ground,AI Research Lab,Computers,0.08,0.08
2026-09-14 19:26:48,Research Wing,Ground,AI Research Lab,Lights,0.02,0.02
2026-09-14 19:26:48,Research Wing,Ground,AI Research Lab,Fans,0.015,0.015
2026-09-14 19:26:48,Research Wing,Ground,AI Research Lab,Server Units,4.002,4.002
2026-09-14 19:26:48,Research Wing,Ground,Server Room,AC,0.25,0.25
2026-09-14 19:26:48,Research Wing,Ground,Server Room,Computers,0.08,0.08
2026-09-14 19:26:48,Research Wing,Ground,Server Room,Lights,0.02,0.02
2026-09-14 19:26:48,Research Wing,Ground,Server Room,Fans,0.015,0.015
2026-09-14 19:26:48,Research Wing,Ground,Server Room,Server Units,5.05,5.05
2026-09-14 20:26:48,Main Block,Ground,Lab 101,AC,0.25,0.25
2026-09-14 20:26:48,Main Block,Ground,Lab 101,Computers,0.08,0.08
2026-09-14 20:26:48,Main Block,Ground,Lab 101,Lights,0.02,0.02
2026-09-14 20:26:48,Main Block,Ground,Lab 101,Fans,0.015,0.015
2026-09-14 20:26:48,Main Block,Ground,Lab 101,Server Units,5.047,5.047
2026-09-14 20:26:48,Main Block,First,Computer Lab 201,AC,0.25,0.25
2026-09-14 20:26:48,Main Block,First,Computer Lab 201,Computers,0.08,0.08
2026-09-14 20:26:48,Main Block,First,Computer Lab 201,Lights,0.02,0.02
2026-09-14 20:26:48,Main Block,First,Computer Lab 201,Fans,0.015,0.015
2026-09-14 20:26:48,Main Block,First,Computer Lab 201,Server Units,4.278,4.278
2026-09-14 20:26:48,Research Wing,Ground,AI Research Lab,AC,0.25,0.25
2026-09-14 20:26:48,Research Wing,Ground,AI Research Lab,Computers,0.08,0.08
2026-09-14 20:26:48,Research Wing,Ground,AI Research Lab,Lights,0.02,0.02
2026-09-14 20:26:48,Research Wing,Ground,AI Research Lab,Fans,0.015,0.015
2026-09-14 20:26:48,Research Wing,Ground,AI Research Lab,Server Units,4.413,4.413
2026-09-14 20:26:48,Research Wing,Ground,Server Room,AC,0.25,0.25
2026-09-14 20:26:48,Research Wing,Ground,Server Room,Computers,0.08,0.08
2026-09-14 20:26:48,Research Wing,Ground,Server Room,Lights,0.02,0.02
2026-09-14 20:26:48,Research Wing,Ground,Server Room,Fans,0.015,0.015
2026-09-14 20:26:48,Research Wing,Ground,Server Room,Server Units,4.292,4.292
2026-09-14 21:26:48,Main Block,Ground,Lab 101,AC,0.25,0.25
2026-09-14 21:26:48,Main Block,Ground,Lab 101,Computers,0.08,0.08
2026-09-14 21:26:48,Main Block,Ground,Lab 101,Lights,0.02,0.02
2026-09-14 21:26:48,Main Block,Ground,Lab 101,Fans,0.015,0.015
2026-09-14 21:26:48,Main Block,Ground,Lab 101,Server Units,4.02,4.02
2026-09-14 21:26:48,Main Block,First,Computer Lab 201,AC,0.25,0.25
2026-09-14 21:26:48,Main Block,First,Computer Lab 201,Computers,0.08,0.08
2026-09-14 21:26:48,Main Block,First,Computer Lab 201,Lights,0.02,0.02
2026-09-14 21:26:48,Main Block,First,Computer Lab 201,Fans,0.015,0.015
2026-09-14 21:26:48,Main Block,First,Computer Lab 201,Server Units,4.22,4.22
2026-09-14 21:26:48,Research Wing,Ground,AI Research Lab,AC,0.25,0.25
2026-09-14 21:26:48,Research Wing,Ground,AI Research Lab,Computers,0.24,0.24
2026-09-14 21:26:48,Research Wing,Ground,AI Research Lab,Lights,0.02,0.02
2026-09-14 21:26:48,Research Wing,Ground,AI Research Lab,Fans,0.015,0.015
2026-09-14 21:26:48,Research Wing,Ground,AI Research Lab,Server Units,4.177,4.177
2026-09-14 21:26:48,Research Wing,Ground,Server Room,AC,0.25,0.25
2026-09-14 21:26:48,Research Wing,Ground,Server Room,Computers,0.08,0.08
2026-09-14 21:26:48,Research Wing,Ground,Server Room,Lights,0.02,0.02
2026-09-14 21:26:48,Research Wing,Ground,Server Room,Fans,0.015,0.015
2026-09-14 21:26:48,Research Wing,Ground,Server Room,Server Units,4.598,4.598
2026-09-14 22:26:48,Main Block,Ground,Lab 101,AC,0.25,0.25
2026-09-14 22:26:48,Main Block,Ground,Lab 101,Computers,0.08,0.08
2026-09-14 22:26:48,Main Block,Ground,Lab 101,Lights,0.02,0.02
2026-09-14 22:26:48,Main Block,Ground,Lab 101,Fans,0.015,0.015
2026-09-14 22:26:48,Main Block,Ground,Lab 101,Server Units,3.899,3.899
2026-09-14 22:26:48,Main Block,First,Computer Lab 201,AC,0.25,0.25
2026-09-14 22:26:48,Main Block,First,Computer Lab 201,Computers,0.08,0.08
2026-09-14 22:26:48,Main Block,First,Computer Lab 201,Lights,0.02,0.02
2026-09-14 22:26:48,Main Block,First,Computer Lab 201,Fans,0.015,0.015
2026-09-14 22:26:48,Main Block,First,Computer Lab 201,Server Units,4.962,4.962
2026-09-14 22:26:48,Research Wing,Ground,AI Research Lab,AC,0.25,0.25
2026-09-14 22:26:48,Research Wing,Ground,AI Research Lab,Computers,0.08,0.08
2026-09-14 22:26:48,Research Wing,Ground,AI Research Lab,Lights,0.02,0.02
2026-09-14 22:26:48,Research Wing,Ground,AI Research Lab,Fans,0.015,0.015
2026-09-14 22:26:48,Research Wing,Ground,AI Research Lab,Server Units,4.007,4.007
2026-09-14 22:26:48,Research Wing,Ground,Server Room,AC,0.25,0.25
2026-09-14 22:26:48,Research Wing,Ground,Server Room,Computers,0.08,0.08
2026-09-14 22:26:48,Research Wing,Ground,Server Room,Lights,0.02,0.02
2026-09-14 22:26:48,Research Wing,Ground,Server Room,Fans,0.015,0.015
2026-09-14 22:26:48,Research Wing,Ground,Server Room,Server Units,4.898,4.898
2026-09-14 23:26:48,Main Block,Ground,Lab 101,AC,0.25,0.25
2026-09-14 23:26:48,Main Block,Ground,Lab 101,Computers,0.08,0.08
2026-09-14 23:26:48,Main Block,Ground,Lab 101,Lights,0.02,0.02
2026-09-14 23:26:48,Main Block,Ground,Lab 101,Fans,0.015,0.015
2026-09-14 23:26:48,Main Block,Ground,Lab 101,Server Units,4.687,4.687
2026-09-14 23:26:48,Main Block,First,Computer Lab 201,AC,0.25,0.25
2026-09-14 23:26:48,Main Block,First,Computer Lab 201,Computers,0.08,0.08
2026-09-14 23:26:48,Main Block,First,Computer Lab 201,Lights,0.02,0.02
2026-09-14 23:26:48,Main Block,First,Computer Lab 201,Fans,0.015,0.015
2026-09-14 23:26:48,Main Block,First,Computer Lab 201,Server Units,3.769,3.769
2026-09-14 23:26:48,Research Wing,Ground,AI Research Lab,AC,0.25,0.25
2026-09-14 23:26:48,Research Wing,Ground,AI Research Lab,Computers,0.08,0.08
2026-09-14 23:26:48,Research Wing,Ground,AI Research Lab,Lights,0.02,0.02
2026-09-14 23:26:48,Research Wing,Ground,AI Research Lab,Fans,0.015,0.015
2026-09-14 23:26:48,Research Wing,Ground,AI Research Lab,Server Units,4.789,4.789
2026-09-14 23:26:48,Research Wing,Ground,Server Room,AC,0.25,0.25
2026-09-14 23:26:48,Research Wing,Ground,Server Room,Computers,0.08,0.08
2026-09-14 23:26:48,Research Wing,Ground,Server Room,Lights,0.02,0.02
2026-09-14 23:26:48,Research Wing,Ground,Server Room,Fans,0.015,0.015
2026-09-14 23:26:48,Research Wing,Ground,Server Room,Server Units,5.022,5.022
2026-09-15 00:26:48,Main Block,Ground,Lab 101,AC,0.25,0.25
2026-09-15 00:26:48,Main Block,Ground,Lab 101,Computers,0.08,0.08
2026-09-15 00:26:48,Main Block,Ground,Lab 101,Lights,0.02,0.02
2026-09-15 00:26:48,Main Block,Ground,Lab 101,Fans,0.015,0.015
2026-09-15 00:26:48,Main Block,Ground,Lab 101,Server Units,4.098,4.098
2026-09-15 00:26:48,Main Block,First,Computer Lab 201,AC,0.25,0.25
2026-09-15 00:26:48,Main Block,First,Computer Lab 201,Computers,0.08,0.08
2026-09-15 00:26:48,Main Block,First,Computer Lab 201,Lights,0.02,0.02
2026-09-15 00:26:48,Main Block,First,Computer Lab 201,Fans,0.015,0.015
2026-09-15 00:26:48,Main Block,First,Computer Lab 201,Server Units,4.784,4.784
2026-09-15 00:26:48,Research Wing,Ground,AI Research Lab,AC,0.25,0.25
2026-09-15 00:26:48,Research Wing,Ground,AI Research Lab,Computers,0.08,0.08
2026-09-15 00:26:48,Research Wing,Ground,AI Research Lab,Lights,0.02,0.02
2026-09-15 00:26:48,Research Wing,Ground,AI Research Lab,Fans,0.015,0.015
2026-09-15 00:26:48,Research Wing,Ground,AI Research Lab,Server Units,4.675,4.675
2026-09-15 00:26:48,Research Wing,Ground,Server Room,AC,0.25,0.25
2026-09-15 00:26:48,Research Wing,Ground,Server Room,Computers,0.08,0.08
2026-09-15 00:26:48,Research Wing,Ground,Server Room,Lights,0.02,0.02
2026-09-15 00:26:48,Research Wing,Ground,Server Room,Fans,0.015,0.015
2026-09-15 00:26:48,Research Wing,Ground,Server Room,Server Units,3.936,3.936
2026-09-15 01:26:48,Main Block,Ground,Lab 101,AC,0.25,0.25
2026-09-15 01:26:48,Main Block,Ground,Lab 101,Computers,0.08,0.08
2026-09-15 01:26:48,Main Block,Ground,Lab 101,Lights,0.02,0.02
2026-09-15 01:26:48,Main Block,Ground,Lab 101,Fans,0.015,0.015
2026-09-15 01:26:48,Main Block,Ground,Lab 101,Server Units,4.069,4.069
2026-09-15 01:26:48,Main Block,First,Computer Lab 201,AC,0.25,0.25
2026-09-15 01:26:48,Main Block,First,Computer Lab 201,Computers,0.24,0.24
2026-09-15 01:26:48,Main Block,First,Computer Lab 201,Lights,0.02,0.02
2026-09-15 01:26:48,Main Block,First,Computer Lab 201,Fans,0.015,0.015
2026-09-15 01:26:48,Main Block,First,Computer Lab 201,Server Units,4.227,4.227
2026-09-15 01:26:48,Research Wing,Ground,AI Research Lab,AC,0.25,0.25
2026-09-15 01:26:48,Research Wing,Ground,AI Research Lab,Computers,0.08,0.08
2026-09-15 01:26:48,Research Wing,Ground,AI Research Lab,Lights,0.02,0.02
2026-09-15 01:26:48,Research Wing,Ground,AI Research Lab,Fans,0.015,0.015
2026-09-15 01:26:48,Research Wing,Ground,AI Research Lab,Server Units,4.547,4.547
2026-09-15 01:26:48,Research Wing,Ground,Server Room,AC,0.25,0.25
2026-09-15 01:26:48,Research Wing,Ground,Server Room,Computers,0.08,0.08
2026-09-15 01:26:48,Research Wing,Ground,Server Room,Lights,0.02,0.02
2026-09-15 01:26:48,Research Wing,Ground,Server Room,Fans,0.015,0.015
2026-09-15 01:26:48,Research Wing,Ground,Server Room,Server Units,5.014,5.014
2026-09-15 02:26:48,Main Block,Ground,Lab 101,AC,0.25,0.25
2026-09-15 02:26:48,Main Block,Ground,Lab 101,Computers,0.08,0.08
2026-09-15 02:26:48,Main Block,Ground,Lab 101,Lights,0.02,0.02
2026-09-15 02:26:48,Main Block,Ground,Lab 101,Fans,0.015,0.015
2026-09-15 02:26:48,Main Block,Ground,Lab 101,Server Units,4.77,4.77
2026-09-15 02:26:48,Main Block,First,Computer Lab 201,AC,0.25,0.25
2026-09-15 02:26:48,Main Block,First,Computer Lab 201,Computers,0.08,0.08
2026-09-15 02:26:48,Main Block,First,Computer Lab 201,Lights,0.02,0.02
2026-09-15 02:26:48,Main Block,First,Computer Lab 201,Fans,0.015,0.015
2026-09-15 02:26:48,Main Block,First,Computer Lab 201,Server Units,4.577,4.577
2026-09-15 02:26:48,Research Wing,Ground,AI Research Lab,AC,0.25,0.25
2026-09-15 02:26:48,Research Wing,Ground,AI Research Lab,Computers,0.08,0.08
2026-09-15 02:26:48,Research Wing,Ground,AI Research Lab,Lights,0.02,0.02
2026-09-15 02:26:48,Research Wing,Ground,AI Research Lab,Fans,0.015,0.015
2026-09-15 02:26:48,Research Wing,Ground,AI Research Lab,Server Units,4.806,4.806
2026-09-15 02:26:48,Research Wing,Ground,Server Room,AC,0.25,0.25
2026-09-15 02:26:48,Research Wing,Ground,Server Room,Computers,0.08,0.08
2026-09-15 02:26:48,Research Wing,Ground,Server Room,Lights,0.02,0.02
2026-09-15 02:26:48,Research Wing,Ground,Server Room,Fans,0.015,0.015
2026-09-15 02:26:48,Research Wing,Ground,Server Room,Server Units,4.931,4.931
2026-09-15 03:26:48,Main Block,Ground,Lab 101,AC,0.25,0.25
2026-09-15 03:26:48,Main Block,Ground,Lab 101,Computers,0.08,0.08
2026-09-15 03:26:48,Main Block,Ground,Lab 101,Lights,0.02,0.02
2026-09-15 03:26:48,Main Block,Ground,Lab 101,Fans,0.015,0.015
2026-09-15 03:26:48,Main Block,Ground,Lab 101,Server Units,4.387,4.387
2026-09-15 03:26:48,Main Block,First,Computer Lab 201,AC,0.25,0.25
2026-09-15 03:26:48,Main Block,First,Computer Lab 201,Computers,0.24,0.24
2026-09-15 03:26:48,Main Block,First,Computer Lab 201,Lights,0.02,0.02
2026-09-15 03:26:48,Main Block,First,Computer Lab 201,Fans,0.015,0.015
2026-09-15 03:26:48,Main Block,First,Computer Lab 201,Server Units,4.26,4.26
2026-09-15 03:26:48,Research Wing,Ground,AI Research Lab,AC,0.25,0.25
2026-09-15 03:26:48,Research Wing,Ground,AI Research Lab,Computers,0.08,0.08
2026-09-15 03:26:48,Research Wing,Ground,AI Research Lab,Lights,0.02,0.02
2026-09-15 03:26:48,Research Wing,Ground,AI Research Lab,Fans,0.015,0.015
2026-09-15 03:26:48,Research Wing,Ground,AI Research Lab,Server Units,5.021,5.021
2026-09-15 03:26:48,Research Wing,Ground,Server Room,AC,0.25,0.25
2026-09-15 03:26:48,Research Wing,Ground,Server Room,Computers,0.08,0.08
2026-09-15 03:26:48,Research Wing,Ground,Server Room,Lights,0.02,0.02
2026-09-15 03:26:48,Research Wing,Ground,Server Room,Fans,0.015,0.015
2026-09-15 03:26:48,Research Wing,Ground,Server Room,Server Units,12.716,12.716
2026-09-15 04:26:48,Main Block,Ground,Lab 101,AC,0.25,0.25
2026-09-15 04:26:48,Main Block,Ground,Lab 101,Computers,0.08,0.08
2026-09-15 04:26:48,Main Block,Ground,Lab 101,Lights,0.02,0.02
2026-09-15 04:26:48,Main Block,Ground,Lab 101,Fans,0.015,0.015
2026-09-15 04:26:48,Main Block,Ground,Lab 101,Server Units,4.068,4.068
2026-09-15 04:26:48,Main Block,First,Computer Lab 201,AC,0.25,0.25
2026-09-15 04:26:48,Main Block,First,Computer Lab 201,Computers,0.08,0.08
2026-09-15 04:26:48,Main Block,First,Computer Lab 201,Lights,0.06,0.06
2026-09-15 04:26:48,Main Block,First,Computer Lab 201,Fans,0.015,0.015
2026-09-15 04:26:48,Main Block,First,Computer Lab 201,Server Units,5.004,5.004
2026-09-15 04:26:48,Research Wing,Ground,AI Research Lab,AC,0.25,0.25
2026-09-15 04:26:48,Research Wing,Ground,AI Research Lab,Computers,0.08,0.08
2026-09-15 04:26:48,Research Wing,Ground,AI Research Lab,Lights,0.02,0.02
2026-09-15 04:26:48,Research Wing,Ground,AI Research Lab,Fans,0.015,0.015
2026-09-15 04:26:48,Research Wing,Ground,AI Research Lab,Server Units,4.374,4.374
2026-09-15 04:26:48,Research Wing,Ground,Server Room,AC,0.25,0.25
2026-09-15 04:26:48,Research Wing,Ground,Server Room,Computers,0.08,0.08
2026-09-15 04:26:48,Research Wing,Ground,Server Room,Lights,0.02,0.02
2026-09-15 04:26:48,Research Wing,Ground,Server Room,Fans,0.015,0.015
2026-09-15 04:26:48,Research Wing,Ground,Server Room,Server Units,3.814,3.814
2026-09-15 05:26:48,Main Block,Ground,Lab 101,AC,0.25,0.25
2026-09-15 05:26:48,Main Block,Ground,Lab 101,Computers,0.08,0.08
2026-09-15 05:26:48,Main Block,Ground,Lab 101,Lights,0.02,0.02
2026-09-15 05:26:48,Main Block,Ground,Lab 101,Fans,0.015,0.015
2026-09-15 05:26:48,Main Block,Ground,Lab 101,Server Units,4.132,4.132
2026-09-15 05:26:48,Main Block,First,Computer Lab 201,AC,0.25,0.25
2026-09-15 05:26:48,Main Block,First,Computer Lab 201,Computers,0.08,0.08
2026-09-15 05:26:48,Main Block,First,Computer Lab 201,Lights,0.02,0.02
2026-09-15 05:26:48,Main Block,First,Computer Lab 201,Fans,0.045,0.045
2026-09-15 05:26:48,Main Block,First,Computer Lab 201,Server Units,4.304,4.304
2026-09-15 05:26:48,Research Wing,Ground,AI Research Lab,AC,0.25,0.25
2026-09-15 05:26:48,Research Wing,Ground,AI Research Lab,Computers,0.08,0.08
2026-09-15 05:26:48,Research Wing,Ground,AI Research Lab,Lights,0.02,0.02
2026-09-15 05:26:48,Research Wing,Ground,AI Research Lab,Fans,0.015,0.015
2026-09-15 05:26:48,Research Wing,Ground,AI Research Lab,Server Units,4.907,4.907
2026-09-15 05:26:48,Research Wing,Ground,Server Room,AC,0.25,0.25
2026-09-15 05:26:48,Research Wing,Ground,Server Room,Computers,0.08,0.08
2026-09-15 05:26:48,Research Wing,Ground,Server Room,Lights,0.02,0.02
2026-09-15 05:26:48,Research Wing,Ground,Server Room,Fans,0.015,0.015
2026-09-15 05:26:48,Research Wing,Ground,Server Room,Server Units,5.002,5.002
2026-09-15 06:26:48,Main Block,Ground,Lab 101,AC,0.25,0.25
2026-09-15 06:26:48,Main Block,Ground,Lab 101,Computers,0.08,0.08
2026-09-15 06:26:48,Main Block,Ground,Lab 101,Lights,0.02,0.02
2026-09-15 06:26:48,Main Block,Ground,Lab 101,Fans,0.015,0.015
2026-09-15 06:26:48,Main Block,Ground,Lab 101,Server Units,4.922,4.922
2026-09-15 06:26:48,Main Block,First,Computer Lab 201,AC,0.25,0.25
2026-09-15 06:26:48,Main Block,First,Computer Lab 201,Computers,0.08,0.08
2026-09-15 06:26:48,Main Block,First,Computer Lab 201,Lights,0.02,0.02
2026-09-15 06:26:48,Main Block,First,Computer Lab 201,Fans,0.015,0.015
2026-09-15 06:26:48,Main Block,First,Computer Lab 201,Server Units,3.938,3.938
2026-09-15 06:26:48,Research Wing,Ground,AI Research Lab,AC,0.25,0.25
2026-09-15 06:26:48,Research Wing,Ground,AI Research Lab,Computers,0.08,0.08
2026-09-15 06:26:48,Research Wing,Ground,AI Research Lab,Lights,0.02,0.02
2026-09-15 06:26:48,Research Wing,Ground,AI Research Lab,Fans,0.015,0.015
2026-09-15 06:26:48,Research Wing,Ground,AI Research Lab,Server Units,4.949,4.949
2026-09-15 06:26:48,Research Wing,Ground,Server Room,AC,0.25,0.25
2026-09-15 06:26:48,Research Wing,Ground,Server Room,Computers,0.08,0.08
2026-09-15 06:26:48,Research Wing,Ground,Server Room,Lights,0.02,0.02
2026-09-15 06:26:48,Research Wing,Ground,Server Room,Fans,0.015,0.015
2026-09-15 06:26:48,Research Wing,Ground,Server Room,Server Units,3.743,3.743
2026-09-15 07:26:48,Main Block,Ground,Lab 101,AC,0.25,0.25
2026-09-15 07:26:48,Main Block,Ground,Lab 101,Computers,0.08,0.08
2026-09-15 07:26:48,Main Block,Ground,Lab 101,Lights,0.02,0.02
2026-09-15 07:26:48,Main Block,Ground,Lab 101,Fans,0.015,0.015
2026-09-15 07:26:48,Main Block,Ground,Lab 101,Server Units,4.692,4.692
2026-09-15 07:26:48,Main Block,First,Computer Lab 201,AC,0.25,0.25
2026-09-15 07:26:48,Main Block,First,Computer Lab 201,Computers,0.08,0.08
2026-09-15 07:26:48,Main Block,First,Computer Lab 201,Lights,0.02,0.02
2026-09-15 07:26:48,Main Block,First,Computer Lab 201,Fans,0.015,0.015
2026-09-15 07:26:48,Main Block,First,Computer Lab 201,Server Units,4.108,4.108
2026-09-15 07:26:48,Research Wing,Ground,AI Research Lab,AC,0.25,0.25
2026-09-15 07:26:48,Research Wing,Ground,AI Research Lab,Computers,0.08,0.08
2026-09-15 07:26:48,Research Wing,Ground,AI Research Lab,Lights,0.02,0.02
2026-09-15 07:26:48,Research Wing,Ground,AI Research Lab,Fans,0.015,0.015
2026-09-15 07:26:48,Research Wing,Ground,AI Research Lab,Server Units,4.299,4.299
2026-09-15 07:26:48,Research Wing,Ground,Server Room,AC,0.25,0.25
2026-09-15 07:26:48,Research Wing,Ground,Server Room,Computers,0.08,0.08
2026-09-15 07:26:48,Research Wing,Ground,Server Room,Lights,0.02,0.02
2026-09-15 07:26:48,Research Wing,Ground,Server Room,Fans,0.015,0.015
2026-09-15 07:26:48,Research Wing,Ground,Server Room,Server Units,4.603,4.603
2026-09-15 08:26:48,Main Block,Ground,Lab 101,AC,4.39,4.39
2026-09-15 08:26:48,Main Block,Ground,Lab 101,Computers,2.02,2.02
2026-09-15 08:26:48,Main Block,Ground,Lab 101,Lights,0.329,0.329
2026-09-15 08:26:48,Main Block,Ground,Lab 101,Fans,0.2,0.2
2026-09-15 08:26:48,Main Block,Ground,Lab 101,Server Units,4.503,4.503
2026-09-15 08:26:48,Main Block,First,Computer Lab 201,AC,4.835,4.835
2026-09-15 08:26:48,Main Block,First,Computer Lab 201,Computers,5.523,5.523
2026-09-15 08:26:48,Main Block,First,Computer Lab 201,Lights,1.033,1.033
2026-09-15 08:26:48,Main Block,First,Computer Lab 201,Fans,0.198,0.198
2026-09-15 08:26:48,Main Block,First,Computer Lab 201,Server Units,4.956,4.956
2026-09-15 08:26:48,Research Wing,Ground,AI Research Lab,AC,4.297,4.297
2026-09-15 08:26:48,Research Wing,Ground,AI Research Lab,Computers,2.22,2.22
2026-09-15 08:26:48,Research Wing,Ground,AI Research Lab,Lights,0.282,0.282
2026-09-15 08:26:48,Research Wing,Ground,AI Research Lab,Fans,0.216,0.216
2026-09-15 08:26:48,Research Wing,Ground,AI Research Lab,Server Units,4.945,4.945
2026-09-15 08:26:48,Research Wing,Ground,Server Room,AC,4.943,4.943
2026-09-15 08:26:48,Research Wing,Ground,Server Room,Computers,1.783,1.783
2026-09-15 08:26:48,Research Wing,Ground,Server Room,Lights,0.318,0.318
2026-09-15 08:26:48,Research Wing,Ground,Server Room,Fans,0.167,0.167
2026-09-15 08:26:48,Research Wing,Ground,Server Room,Server Units,4.231,4.231
2026-09-15 09:26:48,Main Block,Ground,Lab 101,AC,4.72,4.72
2026-09-15 09:26:48,Main Block,Ground,Lab 101,Computers,2.202,2.202
2026-09-15 09:26:48,Main Block,Ground,Lab 101,Lights,0.258,0.258
2026-09-15 09:26:48,Main Block,Ground,Lab 101,Fans,0.17,0.17
2026-09-15 09:26:48,Main Block,Ground,Lab 101,Server Units,4.491,4.491
2026-09-15 09:26:48,Main Block,First,Computer Lab 201,AC,4.027,4.027
2026-09-15 09:26:48,Main Block,First,Computer Lab 201,Computers,2.146,2.146
2026-09-15 09:26:48,Main Block,First,Computer Lab 201,Lights,0.318,0.318
2026-09-15 09:26:48,Main Block,First,Computer Lab 201,Fans,0.19,0.19
2026-09-15 09:26:48,Main Block,First,Computer Lab 201,Server Units,4.771,4.771
2026-09-15 09:26:48,Research Wing,Ground,AI Research Lab,AC,4.212,4.212
2026-09-15 09:26:48,Research Wing,Ground,AI Research Lab,Computers,2.229,2.229
2026-09-15 09:26:48,Research Wing,Ground,AI Research Lab,Lights,0.323,0.323
2026-09-15 09:26:48,Research Wing,Ground,AI Research Lab,Fans,0.166,0.166
2026-09-15 09:26:48,Research Wing,Ground,AI Research Lab,Server Units,4.637,4.637
2026-09-15 09:26:48,Research Wing,Ground,Server Room,AC,4.573,4.573
2026-09-15 09:26:48,Research Wing,Ground,Server Room,Computers,2.251,2.251
2026-09-15 09:26:48,Research Wing,Ground,Server Room,Lights,0.319,0.319
2026-09-15 09:26:48,Research Wing,Ground,Server Room,Fans,0.175,0.175
2026-09-15 09:26:48,Research Wing,Ground,Server Room,Server Units,4.428,4.428
2026-09-15 10:26:48,Main Block,Ground,Lab 101,AC,3.994,3.994
2026-09-15 10:26:48,Main Block,Ground,Lab 101,Computers,2.071,2.071
2026-09-15 10:26:48,Main Block,Ground,Lab 101,Lights,0.272,0.272
2026-09-15 10:26:48,Main Block,Ground,Lab 101,Fans,0.198,0.198
2026-09-15 10:26:48,Main Block,Ground,Lab 101,Server Units,4.818,4.818
2026-09-15 10:26:48,Main Block,First,Computer Lab 201,AC,4.248,4.248
2026-09-15 10:26:48,Main Block,First,Computer Lab 201,Computers,2.196,2.196
2026-09-15 10:26:48,Main Block,First,Computer Lab 201,Lights,0.327,0.327
2026-09-15 10:26:48,Main Block,First,Computer Lab 201,Fans,0.177,0.177
2026-09-15 10:26:48,Main Block,First,Computer Lab 201,Server Units,3.843,3.843
2026-09-15 10:26:48,Research Wing,Ground,AI Research Lab,AC,4.968,4.968
2026-09-15 10:26:48,Research Wing,Ground,AI Research Lab,Computers,1.869,1.869
2026-09-15 10:26:48,Research Wing,Ground,AI Research Lab,Lights,0.261,0.261
2026-09-15 10:26:48,Research Wing,Ground,AI Research Lab,Fans,0.21,0.21
2026-09-15 10:26:48,Research Wing,Ground,AI Research Lab,Server Units,4.468,4.468
2026-09-15 10:26:48,Research Wing,Ground,Server Room,AC,3.869,3.869
2026-09-15 10:26:48,Research Wing,Ground,Server Room,Computers,2.286,2.286
2026-09-15 10:26:48,Research Wing,Ground,Server Room,Lights,0.306,0.306
2026-09-15 10:26:48,Research Wing,Ground,Server Room,Fans,0.168,0.168
2026-09-15 10:26:48,Research Wing,Ground,Server Room,Server Units,14.956,14.956
2026-09-15 11:26:48,Main Block,Ground,Lab 101,AC,4.306,4.306
2026-09-15 11:26:48,Main Block,Ground,Lab 101,Computers,1.939,1.939
2026-09-15 11:26:48,Main Block,Ground,Lab 101,Lights,0.323,0.323
2026-09-15 11:26:48,Main Block,Ground,Lab 101,Fans,0.223,0.223
2026-09-15 11:26:48,Main Block,Ground,Lab 101,Server Units,3.869,3.869
2026-09-15 11:26:48,Main Block,First,Computer Lab 201,AC,4.826,4.826
2026-09-15 11:26:48,Main Block,First,Computer Lab 201,Computers,2.184,2.184
2026-09-15 11:26:48,Main Block,First,Computer Lab 201,Lights,0.308,0.308
2026-09-15 11:26:48,Main Block,First,Computer Lab 201,Fans,0.2,0.2
2026-09-15 11:26:48,Main Block,First,Computer Lab 201,Server Units,4.123,4.123
2026-09-15 11:26:48,Research Wing,Ground,AI Research Lab,AC,4.45,4.45
2026-09-15 11:26:48,Research Wing,Ground,AI Research Lab,Computers,1.756,1.756
2026-09-15 11:26:48,Research Wing,Ground,AI Research Lab,Lights,0.335,0.335
2026-09-15 11:26:48,Research Wing,Ground,AI Research Lab,Fans,0.204,0.204
2026-09-15 11:26:48,Research Wing,Ground,AI Research Lab,Server Units,3.953,3.953
2026-09-15 11:26:48,Research Wing,Ground,Server Room,AC,4.522,4.522
2026-09-15 11:26:48,Research Wing,Ground,Server Room,Computers,2.091,2.091
2026-09-15 11:26:48,Research Wing,Ground,Server Room,Lights,0.286,0.286
2026-09-15 11:26:48,Research Wing,Ground,Server Room,Fans,0.186,0.186
2026-09-15 11:26:48,Research Wing,Ground,Server Room,Server Units,4.87,4.87
2026-09-15 12:26:48,Main Block,Ground,Lab 101,AC,5.027,5.027
2026-09-15 12:26:48,Main Block,Ground,Lab 101,Computers,1.933,1.933
2026-09-15 12:26:48,Main Block,Ground,Lab 101,Lights,0.31,0.31
2026-09-15 12:26:48,Main Block,Ground,Lab 101,Fans,0.175,0.175
2026-09-15 12:26:48,Main Block,Ground,Lab 101,Server Units,4.397,4.397
2026-09-15 12:26:48,Main Block,First,Computer Lab 201,AC,4.018,4.018
2026-09-15 12:26:48,Main Block,First,Computer Lab 201,Computers,2.028,2.028
2026-09-15 12:26:48,Main Block,First,Computer Lab 201,Lights,0.325,0.325
2026-09-15 12:26:48,Main Block,First,Computer Lab 201,Fans,0.171,0.171
2026-09-15 12:26:48,Main Block,First,Computer Lab 201,Server Units,4.973,4.973
2026-09-15 12:26:48,Research Wing,Ground,AI Research Lab,AC,4.203,4.203
2026-09-15 12:26:48,Research Wing,Ground,AI Research Lab,Computers,1.754,1.754
2026-09-15 12:26:48,Research Wing,Ground,AI Research Lab,Lights,0.324,0.324
2026-09-15 12:26:48,Research Wing,Ground,AI Research Lab,Fans,0.193,0.193
2026-09-15 12:26:48,Research Wing,Ground,AI Research Lab,Server Units,4.897,4.897
2026-09-15 12:26:48,Research Wing,Ground,Server Room,AC,4.015,4.015
2026-09-15 12:26:48,Research Wing,Ground,Server Room,Computers,2.041,2.041
2026-09-15 12:26:48,Research Wing,Ground,Server Room,Lights,0.332,0.332
2026-09-15 12:26:48,Research Wing,Ground,Server Room,Fans,0.216,0.216
2026-09-15 12:26:48,Research Wing,Ground,Server Room,Server Units,3.91,3.91
2026-09-15 13:26:48,Main Block,Ground,Lab 101,AC,4.966,4.966
2026-09-15 13:26:48,Main Block,Ground,Lab 101,Computers,1.924,1.924
2026-09-15 13:26:48,Main Block,Ground,Lab 101,Lights,0.301,0.301
2026-09-15 13:26:48,Main Block,Ground,Lab 101,Fans,0.217,0.217
2026-09-15 13:26:48,Main Block,Ground,Lab 101,Server Units,4.559,4.559
2026-09-15 13:26:48,Main Block,First,Computer Lab 201,AC,4.825,4.825
2026-09-15 13:26:48,Main Block,First,Computer Lab 201,Computers,6.578,6.578
2026-09-15 13:26:48,Main Block,First,Computer Lab 201,Lights,0.332,0.332
2026-09-15 13:26:48,Main Block,First,Computer Lab 201,Fans,0.175,0.175
2026-09-15 13:26:48,Main Block,First,Computer Lab 201,Server Units,3.836,3.836
2026-09-15 13:26:48,Research Wing,Ground,AI Research Lab,AC,4.449,4.449
2026-09-15 13:26:48,Research Wing,Ground,AI Research Lab,Computers,1.98,1.98
2026-09-15 13:26:48,Research Wing,Ground,AI Research Lab,Lights,0.336,0.336
2026-09-15 13:26:48,Research Wing,Ground,AI Research Lab,Fans,0.171,0.171
2026-09-15 13:26:48,Research Wing,Ground,AI Research Lab,Server Units,4.951,4.951
2026-09-15 13:26:48,Research Wing,Ground,Server Room,AC,4.862,4.862
2026-09-15 13:26:48,Research Wing,Ground,Server Room,Computers,1.897,1.897
2026-09-15 13:26:48,Research Wing,Ground,Server Room,Lights,0.345,0.345
2026-09-15 13:26:48,Research Wing,Ground,Server Room,Fans,0.207,0.207
2026-09-15 13:26:48,Research Wing,Ground,Server Room,Server Units,4.107,4.107
2026-09-15 14:26:48,Main Block,Ground,Lab 101,AC,4.035,4.035
2026-09-15 14:26:48,Main Block,Ground,Lab 101,Computers,2.084,2.084
2026-09-15 14:26:48,Main Block,Ground,Lab 101,Lights,0.258,0.258
2026-09-15 14:26:48,Main Block,Ground,Lab 101,Fans,0.188,0.188
2026-09-15 14:26:48,Main Block,Ground,Lab 101,Server Units,4.217,4.217
2026-09-15 14:26:48,Main Block,First,Computer Lab 201,AC,4.464,4.464
2026-09-15 14:26:48,Main Block,First,Computer Lab 201,Computers,2.221,2.221
2026-09-15 14:26:48,Main Block,First,Computer Lab 201,Lights,0.317,0.317
2026-09-15 14:26:48,Main Block,First,Computer Lab 201,Fans,0.203,0.203
2026-09-15 14:26:48,Main Block,First,Computer Lab 201,Server Units,3.831,3.831
2026-09-15 14:26:48,Research Wing,Ground,AI Research Lab,AC,4.228,4.228
2026-09-15 14:26:48,Research Wing,Ground,AI Research Lab,Computers,2.223,2.223
2026-09-15 14:26:48,Research Wing,Ground,AI Research Lab,Lights,0.315,0.315
2026-09-15 14:26:48,Research Wing,Ground,AI Research Lab,Fans,0.214,0.214
2026-09-15 14:26:48,Research Wing,Ground,AI Research Lab,Server Units,4.93,4.93
2026-09-15 14:26:48,Research Wing,Ground,Server Room,AC,4.842,4.842
2026-09-15 14:26:48,Research Wing,Ground,Server Room,Computers,1.91,1.91
2026-09-15 14:26:48,Research Wing,Ground,Server Room,Lights,0.298,0.298
2026-09-15 14:26:48,Research Wing,Ground,Server Room,Fans,0.175,0.175
2026-09-15 14:26:48,Research Wing,Ground,Server Room,Server Units,4.208,4.208
2026-09-15 15:26:48,Main Block,Ground,Lab 101,AC,13.051,13.051
2026-09-15 15:26:48,Main Block,Ground,Lab 101,Computers,2.17,2.17
2026-09-15 15:26:48,Main Block,Ground,Lab 101,Lights,0.262,0.262
2026-09-15 15:26:48,Main Block,Ground,Lab 101,Fans,0.202,0.202
2026-09-15 15:26:48,Main Block,Ground,Lab 101,Server Units,5.042,5.042
2026-09-15 15:26:48,Main Block,First,Computer Lab 201,AC,4.828,4.828
2026-09-15 15:26:48,Main Block,First,Computer Lab 201,Computers,1.89,1.89
2026-09-15 15:26:48,Main Block,First,Computer Lab 201,Lights,0.296,0.296
2026-09-15 15:26:48,Main Block,First,Computer Lab 201,Fans,0.216,0.216
2026-09-15 15:26:48,Main Block,First,Computer Lab 201,Server Units,5.02,5.02
2026-09-15 15:26:48,Research Wing,Ground,AI Research Lab,AC,13.584,13.584
2026-09-15 15:26:48,Research Wing,Ground,AI Research Lab,Computers,1.97,1.97
2026-09-15 15:26:48,Research Wing,Ground,AI Research Lab,Lights,0.266,0.266
2026-09-15 15:26:48,Research Wing,Ground,AI Research Lab,Fans,0.222,0.222
2026-09-15 15:26:48,Research Wing,Ground,AI Research Lab,Server Units,4.029,4.029
2026-09-15 15:26:48,Research Wing,Ground,Server Room,AC,4.392,4.392
2026-09-15 15:26:48,Research Wing,Ground,Server Room,Computers,1.8,1.8
2026-09-15 15:26:48,Research Wing,Ground,Server Room,Lights,0.286,0.286
2026-09-15 15:26:48,Research Wing,Ground,Server Room,Fans,0.223,0.223
2026-09-15 15:26:48,Research Wing,Ground,Server Room,Server Units,3.759,3.759
2026-09-15 16:26:48,Main Block,Ground,Lab 101,AC,3.847,3.847
2026-09-15 16:26:48,Main Block,Ground,Lab 101,Computers,2.001,2.001
2026-09-15 16:26:48,Main Block,Ground,Lab 101,Lights,0.318,0.318
2026-09-15 16:26:48,Main Block,Ground,Lab 101,Fans,0.192,0.192
2026-09-15 16:26:48,Main Block,Ground,Lab 101,Server Units,4.205,4.205
2026-09-15 16:26:48,Main Block,First,Computer Lab 201,AC,4.531,4.531
2026-09-15 16:26:48,Main Block,First,Computer Lab 201,Computers,1.768,1.768
2026-09-15 16:26:48,Main Block,First,Computer Lab 201,Lights,0.294,0.294
2026-09-15 16:26:48,Main Block,First,Computer Lab 201,Fans,0.201,0.201
2026-09-15 16:26:48,Main Block,First,Computer Lab 201,Server Units,4.244,4.244
2026-09-15 16:26:48,Research Wing,Ground,AI Research Lab,AC,4.755,4.755
2026-09-15 16:26:48,Research Wing,Ground,AI Research Lab,Computers,1.87,1.87
2026-09-15 16:26:48,Research Wing,Ground,AI Research Lab,Lights,0.338,0.338
2026-09-15 16:26:48,Research Wing,Ground,AI Research Lab,Fans,0.224,0.224
2026-09-15 16:26:48,Research Wing,Ground,AI Research Lab,Server Units,3.877,3.877
2026-09-15 16:26:48,Research Wing,Ground,Server Room,AC,4.657,4.657
2026-09-15 16:26:48,Research Wing,Ground,Server Room,Computers,1.998,1.998
2026-09-15 16:26:48,Research Wing,Ground,Server Room,Lights,0.338,0.338
2026-09-15 16:26:48,Research Wing,Ground,Server Room,Fans,0.192,0.192
2026-09-15 16:26:48,Research Wing,Ground,Server Room,Server Units,3.783,3.783
2026-09-15 17:26:48,Main Block,Ground,Lab 101,AC,4.393,4.393
2026-09-15 17:26:48,Main Block,Ground,Lab 101,Computers,1.973,1.973
2026-09-15 17:26:48,Main Block,Ground,Lab 101,Lights,0.273,0.273
2026-09-15 17:26:48,Main Block,Ground,Lab 101,Fans,0.173,0.173
2026-09-15 17:26:48,Main Block,Ground,Lab 101,Server Units,4.947,4.947
2026-09-15 17:26:48,Main Block,First,Computer Lab 201,AC,4.933,4.933
2026-09-15 17:26:48,Main Block,First,Computer Lab 201,Computers,6.434,6.434
2026-09-15 17:26:48,Main Block,First,Computer Lab 201,Lights,0.289,0.289
2026-09-15 17:26:48,Main Block,First,Computer Lab 201,Fans,0.182,0.182
2026-09-15 17:26:48,Main Block,First,Computer Lab 201,Server Units,4.089,4.089
2026-09-15 17:26:48,Research Wing,Ground,AI Research Lab,AC,4.898,4.898
2026-09-15 17:26:48,Research Wing,Ground,AI Research Lab,Computers,1.845,1.845
2026-09-15 17:26:48,Research Wing,Ground,AI Research Lab,Lights,0.877,0.877
2026-09-15 17:26:48,Research Wing,Ground,AI Research Lab,Fans,0.175,0.175
2026-09-15 17:26:48,Research Wing,Ground,AI Research Lab,Server Units,4.818,4.818
2026-09-15 17:26:48,Research Wing,Ground,Server Room,AC,4.635,4.635
2026-09-15 17:26:48,Research Wing,Ground,Server Room,Computers,2.275,2.275
2026-09-15 17:26:48,Research Wing,Ground,Server Room,Lights,0.277,0.277
2026-09-15 17:26:48,Research Wing,Ground,Server Room,Fans,0.177,0.177
2026-09-15 17:26:48,Research Wing,Ground,Server Room,Server Units,4.834,4.834
2026-09-15 18:26:48,Main Block,Ground,Lab 101,AC,4.605,4.605
2026-09-15 18:26:48,Main Block,Ground,Lab 101,Computers,2.082,2.082
2026-09-15 18:26:48,Main Block,Ground,Lab 101,Lights,0.271,0.271
2026-09-15 18:26:48,Main Block,Ground,Lab 101,Fans,0.196,0.196
2026-09-15 18:26:48,Main Block,Ground,Lab 101,Server Units,3.871,3.871
2026-09-15 18:26:48,Main Block,First,Computer Lab 201,AC,4.506,4.506
2026-09-15 18:26:48,Main Block,First,Computer Lab 201,Computers,2.171,2.171
2026-09-15 18:26:48,Main Block,First,Computer Lab 201,Lights,0.311,0.311
2026-09-15 18:26:48,Main Block,First,Computer Lab 201,Fans,0.198,0.198
2026-09-15 18:26:48,Main Block,First,Computer Lab 201,Server Units,4.009,4.009
2026-09-15 18:26:48,Research Wing,Ground,AI Research Lab,AC,4.416,4.416
2026-09-15 18:26:48,Research Wing,Ground,AI Research Lab,Computers,2.056,2.056
2026-09-15 18:26:48,Research Wing,Ground,AI Research Lab,Lights,0.319,0.319
2026-09-15 18:26:48,Research Wing,Ground,AI Research Lab,Fans,0.17,0.17
2026-09-15 18:26:48,Research Wing,Ground,AI Research Lab,Server Units,4.72,4.72
2026-09-15 18:26:48,Research Wing,Ground,Server Room,AC,4.438,4.438
2026-09-15 18:26:48,Research Wing,Ground,Server Room,Computers,1.915,1.915
2026-09-15 18:26:48,Research Wing,Ground,Server Room,Lights,0.336,0.336
2026-09-15 18:26:48,Research Wing,Ground,Server Room,Fans,0.197,0.197
2026-09-15 18:26:48,Research Wing,Ground,Server Room,Server Units,4.77,4.77
2026-09-15 19:26:48,Main Block,Ground,Lab 101,AC,0.25,0.25
2026-09-15 19:26:48,Main Block,Ground,Lab 101,Computers,0.08,0.08
2026-09-15 19:26:48,Main Block,Ground,Lab 101,Lights,0.02,0.02
2026-09-15 19:26:48,Main Block,Ground,Lab 101,Fans,0.015,0.015
2026-09-15 19:26:48,Main Block,Ground,Lab 101,Server Units,4.568,4.568
2026-09-15 19:26:48,Main Block,First,Computer Lab 201,AC,0.25,0.25
2026-09-15 19:26:48,Main Block,First,Computer Lab 201,Computers,0.08,0.08
2026-09-15 19:26:48,Main Block,First,Computer Lab 201,Lights,0.02,0.02
2026-09-15 19:26:48,Main Block,First,Computer Lab 201,Fans,0.015,0.015
2026-09-15 19:26:48,Main Block,First,Computer Lab 201,Server Units,3.881,3.881
2026-09-15 19:26:48,Research Wing,Ground,AI Research Lab,AC,0.25,0.25
2026-09-15 19:26:48,Research Wing,Ground,AI Research Lab,Computers,0.08,0.08
2026-09-15 19:26:48,Research Wing,Ground,AI Research Lab,Lights,0.02,0.02
2026-09-15 19:26:48,Research Wing,Ground,AI Research Lab,Fans,0.015,0.015
2026-09-15 19:26:48,Research Wing,Ground,AI Research Lab,Server Units,4.847,4.847
2026-09-15 19:26:48,Research Wing,Ground,Server Room,AC,0.25,0.25
2026-09-15 19:26:48,Research Wing,Ground,Server Room,Computers,0.24,0.24
2026-09-15 19:26:48,Research Wing,Ground,Server Room,Lights,0.02,0.02
2026-09-15 19:26:48,Research Wing,Ground,Server Room,Fans,0.015,0.015
2026-09-15 19:26:48,Research Wing,Ground,Server Room,Server Units,3.841,3.841
2026-09-15 20:26:48,Main Block,Ground,Lab 101,AC,0.25,0.25
2026-09-15 20:26:48,Main Block,Ground,Lab 101,Computers,0.08,0.08
2026-09-15 20:26:48,Main Block,Ground,Lab 101,Lights,0.02,0.02
2026-09-15 20:26:48,Main Block,Ground,Lab 101,Fans,0.015,0.015
2026-09-15 20:26:48,Main Block,Ground,Lab 101,Server Units,11.932,11.932
2026-09-15 20:26:48,Main Block,First,Computer Lab 201,AC,0.25,0.25
2026-09-15 20:26:48,Main Block,First,Computer Lab 201,Computers,0.08,0.08
2026-09-15 20:26:48,Main Block,First,Computer Lab 201,Lights,0.02,0.02
2026-09-15 20:26:48,Main Block,First,Computer Lab 201,Fans,0.015,0.015
2026-09-15 20:26:48,Main Block,First,Computer Lab 201,Server Units,5.028,5.028
2026-09-15 20:26:48,Research Wing,Ground,AI Research Lab,AC,0.25,0.25
2026-09-15 20:26:48,Research Wing,Ground,AI Research Lab,Computers,0.08,0.08
2026-09-15 20:26:48,Research Wing,Ground,AI Research Lab,Lights,0.02,0.02
2026-09-15 20:26:48,Research Wing,Ground,AI Research Lab,Fans,0.015,0.015
2026-09-15 20:26:48,Research Wing,Ground,AI Research Lab,Server Units,4.719,4.719
2026-09-15 20:26:48,Research Wing,Ground,Server Room,AC,0.25,0.25
2026-09-15 20:26:48,Research Wing,Ground,Server Room,Computers,0.08,0.08
2026-09-15 20:26:48,Research Wing,Ground,Server Room,Lights,0.06,0.06
2026-09-15 20:26:48,Research Wing,Ground,Server Room,Fans,0.015,0.015
2026-09-15 20:26:48,Research Wing,Ground,Server Room,Server Units,3.941,3.941
2026-09-15 21:26:48,Main Block,Ground,Lab 101,AC,0.25,0.25
2026-09-15 21:26:48,Main Block,Ground,Lab 101,Computers,0.08,0.08
2026-09-15 21:26:48,Main Block,Ground,Lab 101,Lights,0.02,0.02
2026-09-15 21:26:48,Main Block,Ground,Lab 101,Fans,0.015,0.015
2026-09-15 21:26:48,Main Block,Ground,Lab 101,Server Units,4.701,4.701
2026-09-15 21:26:48,Main Block,First,Computer Lab 201,AC,0.25,0.25
2026-09-15 21:26:48,Main Block,First,Computer Lab 201,Computers,0.08,0.08
2026-09-15 21:26:48,Main Block,First,Computer Lab 201,Lights,0.02,0.02
2026-09-15 21:26:48,Main Block,First,Computer Lab 201,Fans,0.015,0.015
2026-09-15 21:26:48,Main Block,First,Computer Lab 201,Server Units,4.468,4.468
2026-09-15 21:26:48,Research Wing,Ground,AI Research Lab,AC,0.25,0.25
2026-09-15 21:26:48,Research Wing,Ground,AI Research Lab,Computers,0.08,0.08
2026-09-15 21:26:48,Research Wing,Ground,AI Research Lab,Lights,0.02,0.02
2026-09-15 21:26:48,Research Wing,Ground,AI Research Lab,Fans,0.015,0.015
2026-09-15 21:26:48,Research Wing,Ground,AI Research Lab,Server Units,3.995,3.995
2026-09-15 21:26:48,Research Wing,Ground,Server Room,AC,0.25,0.25
2026-09-15 21:26:48,Research Wing,Ground,Server Room,Computers,0.08,0.08
2026-09-15 21:26:48,Research Wing,Ground,Server Room,Lights,0.02,0.02
2026-09-15 21:26:48,Research Wing,Ground,Server Room,Fans,0.015,0.015
2026-09-15 21:26:48,Research Wing,Ground,Server Room,Server Units,4.51,4.51
2026-09-15 22:26:48,Main Block,Ground,Lab 101,AC,0.25,0.25
2026-09-15 22:26:48,Main Block,Ground,Lab 101,Computers,0.08,0.08
2026-09-15 22:26:48,Main Block,Ground,Lab 101,Lights,0.02,0.02
2026-09-15 22:26:48,Main Block,Ground,Lab 101,Fans,0.015,0.015
2026-09-15 22:26:48,Main Block,Ground,Lab 101,Server Units,4.905,4.905
2026-09-15 22:26:48,Main Block,First,Computer Lab 201,AC,0.25,0.25
2026-09-15 22:26:48,Main Block,First,Computer Lab 201,Computers,0.08,0.08
2026-09-15 22:26:48,Main Block,First,Computer Lab 201,Lights,0.02,0.02
2026-09-15 22:26:48,Main Block,First,Computer Lab 201,Fans,0.015,0.015
2026-09-15 22:26:48,Main Block,First,Computer Lab 201,Server Units,4.307,4.307
2026-09-15 22:26:48,Research Wing,Ground,AI Research Lab,AC,0.25,0.25
2026-09-15 22:26:48,Research Wing,Ground,AI Research Lab,Computers,0.08,0.08
2026-09-15 22:26:48,Research Wing,Ground,AI Research Lab,Lights,0.02,0.02
2026-09-15 22:26:48,Research Wing,Ground,AI Research Lab,Fans,0.015,0.015
2026-09-15 22:26:48,Research Wing,Ground,AI Research Lab,Server Units,3.785,3.785
2026-09-15 22:26:48,Research Wing,Ground,Server Room,AC,0.25,0.25
2026-09-15 22:26:48,Research Wing,Ground,Server Room,Computers,0.08,0.08
2026-09-15 22:26:48,Research Wing,Ground,Server Room,Lights,0.02,0.02
2026-09-15 22:26:48,Research Wing,Ground,Server Room,Fans,0.015,0.015
2026-09-15 22:26:48,Research Wing,Ground,Server Room,Server Units,5.014,5.014
2026-09-15 23:26:48,Main Block,Ground,Lab 101,AC,0.25,0.25
2026-09-15 23:26:48,Main Block,Ground,Lab 101,Computers,0.08,0.08
2026-09-15 23:26:48,Main Block,Ground,Lab 101,Lights,0.02,0.02
2026-09-15 23:26:48,Main Block,Ground,Lab 101,Fans,0.015,0.015
2026-09-15 23:26:48,Main Block,Ground,Lab 101,Server Units,4.212,4.212
2026-09-15 23:26:48,Main Block,First,Computer Lab 201,AC,0.25,0.25
2026-09-15 23:26:48,Main Block,First,Computer Lab 201,Computers,0.08,0.08
2026-09-15 23:26:48,Main Block,First,Computer Lab 201,Lights,0.02,0.02
2026-09-15 23:26:48,Main Block,First,Computer Lab 201,Fans,0.015,0.015
2026-09-15 23:26:48,Main Block,First,Computer Lab 201,Server Units,12.482,12.482
2026-09-15 23:26:48,Research Wing,Ground,AI Research Lab,AC,0.25,0.25
2026-09-15 23:26:48,Research Wing,Ground,AI Research Lab,Computers,0.08,0.08
2026-09-15 23:26:48,Research Wing,Ground,AI Research Lab,Lights,0.02,0.02
2026-09-15 23:26:48,Research Wing,Ground,AI Research Lab,Fans,0.015,0.015
2026-09-15 23:26:48,Research Wing,Ground,AI Research Lab,Server Units,4.481,4.481
2026-09-15 23:26:48,Research Wing,Ground,Server Room,AC,0.25,0.25
2026-09-15 23:26:48,Research Wing,Ground,Server Room,Computers,0.08,0.08
2026-09-15 23:26:48,Research Wing,Ground,Server Room,Lights,0.02,0.02
2026-09-15 23:26:48,Research Wing,Ground,Server Room,Fans,0.015,0.015
2026-09-15 23:26:48,Research Wing,Ground,Server Room,Server Units,4.542,4.542
2026-09-16 00:26:48,Main Block,Ground,Lab 101,AC,0.25,0.25
2026-09-16 00:26:48,Main Block,Ground,Lab 101,Computers,0.08,0.08
2026-09-16 00:26:48,Main Block,Ground,Lab 101,Lights,0.02,0.02
2026-09-16 00:26:48,Main Block,Ground,Lab 101,Fans,0.015,0.015
2026-09-16 00:26:48,Main Block,Ground,Lab 101,Server Units,4.738,4.738
2026-09-16 00:26:48,Main Block,First,Computer Lab 201,AC,0.25,0.25
2026-09-16 00:26:48,Main Block,First,Computer Lab 201,Computers,0.08,0.08
2026-09-16 00:26:48,Main Block,First,Computer Lab 201,Lights,0.02,0.02
2026-09-16 00:26:48,Main Block,First,Computer Lab 201,Fans,0.015,0.015
2026-09-16 00:26:48,Main Block,First,Computer Lab 201,Server Units,5.047,5.047
2026-09-16 00:26:48,Research Wing,Ground,AI Research Lab,AC,0.25,0.25
2026-09-16 00:26:48,Research Wing,Ground,AI Research Lab,Computers,0.08,0.08
2026-09-16 00:26:48,Research Wing,Ground,AI Research Lab,Lights,0.02,0.02
2026-09-16 00:26:48,Research Wing,Ground,AI Research Lab,Fans,0.015,0.015
2026-09-16 00:26:48,Research Wing,Ground,AI Research Lab,Server Units,4.501,4.501
2026-09-16 00:26:48,Research Wing,Ground,Server Room,AC,0.25,0.25
2026-09-16 00:26:48,Research Wing,Ground,Server Room,Computers,0.08,0.08
2026-09-16 00:26:48,Research Wing,Ground,Server Room,Lights,0.02,0.02
2026-09-16 00:26:48,Research Wing,Ground,Server Room,Fans,0.015,0.015
2026-09-16 00:26:48,Research Wing,Ground,Server Room,Server Units,4.115,4.115
2026-09-16 01:26:48,Main Block,Ground,Lab 101,AC,0.25,0.25
2026-09-16 01:26:48,Main Block,Ground,Lab 101,Computers,0.08,0.08
2026-09-16 01:26:48,Main Block,Ground,Lab 101,Lights,0.02,0.02
2026-09-16 01:26:48,Main Block,Ground,Lab 101,Fans,0.015,0.015
2026-09-16 01:26:48,Main Block,Ground,Lab 101,Server Units,4.591,4.591
2026-09-16 01:26:48,Main Block,First,Computer Lab 201,AC,0.25,0.25
2026-09-16 01:26:48,Main Block,First,Computer Lab 201,Computers,0.08,0.08
2026-09-16 01:26:48,Main Block,First,Computer Lab 201,Lights,0.02,0.02
2026-09-16 01:26:48,Main Block,First,Computer Lab 201,Fans,0.015,0.015
2026-09-16 01:26:48,Main Block,First,Computer Lab 201,Server Units,4.735,4.735
2026-09-16 01:26:48,Research Wing,Ground,AI Research Lab,AC,0.25,0.25
2026-09-16 01:26:48,Research Wing,Ground,AI Research Lab,Computers,0.08,0.08
2026-09-16 01:26:48,Research Wing,Ground,AI Research Lab,Lights,0.02,0.02
2026-09-16 01:26:48,Research Wing,Ground,AI Research Lab,Fans,0.015,0.015
2026-09-16 01:26:48,Research Wing,Ground,AI Research Lab,Server Units,4.659,4.659
2026-09-16 01:26:48,Research Wing,Ground,Server Room,AC,0.25,0.25
2026-09-16 01:26:48,Research Wing,Ground,Server Room,Computers,0.08,0.08
2026-09-16 01:26:48,Research Wing,Ground,Server Room,Lights,0.02,0.02
2026-09-16 01:26:48,Research Wing,Ground,Server Room,Fans,0.015,0.015
2026-09-16 01:26:48,Research Wing,Ground,Server Room,Server Units,4.556,4.556
2026-09-16 02:26:48,Main Block,Ground,Lab 101,AC,0.25,0.25
2026-09-16 02:26:48,Main Block,Ground,Lab 101,Computers,0.24,0.24
2026-09-16 02:26:48,Main Block,Ground,Lab 101,Lights,0.02,0.02
2026-09-16 02:26:48,Main Block,Ground,Lab 101,Fans,0.015,0.015
2026-09-16 02:26:48,Main Block,Ground,Lab 101,Server Units,4.648,4.648
2026-09-16 02:26:48,Main Block,First,Computer Lab 201,AC,0.25,0.25
2026-09-16 02:26:48,Main Block,First,Computer Lab 201,Computers,0.08,0.08
2026-09-16 02:26:48,Main Block,First,Computer Lab 201,Lights,0.02,0.02
2026-09-16 02:26:48,Main Block,First,Computer Lab 201,Fans,0.015,0.015
2026-09-16 02:26:48,Main Block,First,Computer Lab 201,Server Units,4.932,4.932
2026-09-16 02:26:48,Research Wing,Ground,AI Research Lab,AC,0.25,0.25
2026-09-16 02:26:48,Research Wing,Ground,AI Research Lab,Computers,0.08,0.08
2026-09-16 02:26:48,Research Wing,Ground,AI Research Lab,Lights,0.02,0.02
2026-09-16 02:26:48,Research Wing,Ground,AI Research Lab,Fans,0.015,0.015
2026-09-16 02:26:48,Research Wing,Ground,AI Research Lab,Server Units,3.886,3.886
2026-09-16 02:26:48,Research Wing,Ground,Server Room,AC,0.25,0.25
2026-09-16 02:26:48,Research Wing,Ground,Server Room,Computers,0.08,0.08
2026-09-16 02:26:48,Research Wing,Ground,Server Room,Lights,0.02,0.02
2026-09-16 02:26:48,Research Wing,Ground,Server Room,Fans,0.015,0.015
2026-09-16 02:26:48,Research Wing,Ground,Server Room,Server Units,4.096,4.096
2026-09-16 03:26:48,Main Block,Ground,Lab 101,AC,0.25,0.25
2026-09-16 03:26:48,Main Block,Ground,Lab 101,Computers,0.08,0.08
2026-09-16 03:26:48,Main Block,Ground,Lab 101,Lights,0.02,0.02
2026-09-16 03:26:48,Main Block,Ground,Lab 101,Fans,0.015,0.015
2026-09-16 03:26:48,Main Block,Ground,Lab 101,Server Units,4.734,4.734
2026-09-16 03:26:48,Main Block,First,Computer Lab 201,AC,0.25,0.25
2026-09-16 03:26:48,Main Block,First,Computer Lab 201,Computers,0.08,0.08
2026-09-16 03:26:48,Main Block,First,Computer Lab 201,Lights,0.02,0.02
2026-09-16 03:26:48,Main Block,First,Computer Lab 201,Fans,0.015,0.015
2026-09-16 03:26:48,Main Block,First,Computer Lab 201,Server Units,4.436,4.436
2026-09-16 03:26:48,Research Wing,Ground,AI Research Lab,AC,0.25,0.25
2026-09-16 03:26:48,Research Wing,Ground,AI Research Lab,Computers,0.08,0.08
2026-09-16 03:26:48,Research Wing,Ground,AI Research Lab,Lights,0.02,0.02
2026-09-16 03:26:48,Research Wing,Ground,AI Research Lab,Fans,0.015,0.015
2026-09-16 03:26:48,Research Wing,Ground,AI Research Lab,Server Units,4.038,4.038
2026-09-16 03:26:48,Research Wing,Ground,Server Room,AC,0.25,0.25
2026-09-16 03:26:48,Research Wing,Ground,Server Room,Computers,0.08,0.08
2026-09-16 03:26:48,Research Wing,Ground,Server Room,Lights,0.02,0.02
2026-09-16 03:26:48,Research Wing,Ground,Server Room,Fans,0.015,0.015
2026-09-16 03:26:48,Research Wing,Ground,Server Room,Server Units,4.611,4.611
2026-09-16 04:26:48,Main Block,Ground,Lab 101,AC,0.25,0.25
2026-09-16 04:26:48,Main Block,Ground,Lab 101,Computers,0.08,0.08
2026-09-16 04:26:48,Main Block,Ground,Lab 101,Lights,0.02,0.02
2026-09-16 04:26:48,Main Block,Ground,Lab 101,Fans,0.015,0.015
2026-09-16 04:26:48,Main Block,Ground,Lab 101,Server Units,3.757,3.757
2026-09-16 04:26:48,Main Block,First,Computer Lab 201,AC,0.25,0.25
2026-09-16 04:26:48,Main Block,First,Computer Lab 201,Computers,0.08,0.08
2026-09-16 04:26:48,Main Block,First,Computer Lab 201,Lights,0.02,0.02
2026-09-16 04:26:48,Main Block,First,Computer Lab 201,Fans,0.015,0.015
2026-09-16 04:26:48,Main Block,First,Computer Lab 201,Server Units,4.519,4.519
2026-09-16 04:26:48,Research Wing,Ground,AI Research Lab,AC,0.25,0.25
2026-09-16 04:26:48,Research Wing,Ground,AI Research Lab,Computers,0.08,0.08
2026-09-16 04:26:48,Research Wing,Ground,AI Research Lab,Lights,0.02,0.02
2026-09-16 04:26:48,Research Wing,Ground,AI Research Lab,Fans,0.015,0.015
2026-09-16 04:26:48,Research Wing,Ground,AI Research Lab,Server Units,3.943,3.943
2026-09-16 04:26:48,Research Wing,Ground,Server Room,AC,0.25,0.25
2026-09-16 04:26:48,Research Wing,Ground,Server Room,Computers,0.08,0.08
2026-09-16 04:26:48,Research Wing,Ground,Server Room,Lights,0.02,0.02
2026-09-16 04:26:48,Research Wing,Ground,Server Room,Fans,0.015,0.015
2026-09-16 04:26:48,Research Wing,Ground,Server Room,Server Units,4.886,4.886
2026-09-16 05:26:48,Main Block,Ground,Lab 101,AC,0.25,0.25
2026-09-16 05:26:48,Main Block,Ground,Lab 101,Computers,0.08,0.08
2026-09-16 05:26:48,Main Block,Ground,Lab 101,Lights,0.02,0.02
2026-09-16 05:26:48,Main Block,Ground,Lab 101,Fans,0.015,0.015
2026-09-16 05:26:48,Main Block,Ground,Lab 101,Server Units,4.145,4.145
2026-09-16 05:26:48,Main Block,First,Computer Lab 201,AC,0.25,0.25
2026-09-16 05:26:48,Main Block,First,Computer Lab 201,Computers,0.08,0.08
2026-09-16 05:26:48,Main Block,First,Computer Lab 201,Lights,0.02,0.02
2026-09-16 05:26:48,Main Block,First,Computer Lab 201,Fans,0.015,0.015
2026-09-16 05:26:48,Main Block,First,Computer Lab 201,Server Units,4.058,4.058
2026-09-16 05:26:48,Research Wing,Ground,AI Research Lab,AC,0.25,0.25
2026-09-16 05:26:48,Research Wing,Ground,AI Research Lab,Computers,0.08,0.08
2026-09-16 05:26:48,Research Wing,Ground,AI Research Lab,Lights,0.02,0.02
2026-09-16 05:26:48,Research Wing,Ground,AI Research Lab,Fans,0.015,0.015
2026-09-16 05:26:48,Research Wing,Ground,AI Research Lab,Server Units,4.091,4.091
2026-09-16 05:26:48,Research Wing,Ground,Server Room,AC,0.25,0.25
2026-09-16 05:26:48,Research Wing,Ground,Server Room,Computers,0.08,0.08
2026-09-16 05:26:48,Research Wing,Ground,Server Room,Lights,0.02,0.02
2026-09-16 05:26:48,Research Wing,Ground,Server Room,Fans,0.015,0.015
2026-09-16 05:26:48,Research Wing,Ground,Server Room,Server Units,4.41,4.41
2026-09-16 06:26:48,Main Block,Ground,Lab 101,AC,0.25,0.25
2026-09-16 06:26:48,Main Block,Ground,Lab 101,Computers,0.08,0.08
2026-09-16 06:26:48,Main Block,Ground,Lab 101,Lights,0.02,0.02
2026-09-16 06:26:48,Main Block,Ground,Lab 101,Fans,0.015,0.015
2026-09-16 06:26:48,Main Block,Ground,Lab 101,Server Units,4.298,4.298
2026-09-16 06:26:48,Main Block,First,Computer Lab 201,AC,0.25,0.25
2026-09-16 06:26:48,Main Block,First,Computer Lab 201,Computers,0.08,0.08
2026-09-16 06:26:48,Main Block,First,Computer Lab 201,Lights,0.02,0.02
2026-09-16 06:26:48,Main Block,First,Computer Lab 201,Fans,0.015,0.015
2026-09-16 06:26:48,Main Block,First,Computer Lab 201,Server Units,4.312,4.312
2026-09-16 06:26:48,Research Wing,Ground,AI Research Lab,AC,0.25,0.25
2026-09-16 06:26:48,Research Wing,Ground,AI Research Lab,Computers,0.08,0.08
2026-09-16 06:26:48,Research Wing,Ground,AI Research Lab,Lights,0.02,0.02
2026-09-16 06:26:48,Research Wing,Ground,AI Research Lab,Fans,0.015,0.015
2026-09-16 06:26:48,Research Wing,Ground,AI Research Lab,Server Units,3.787,3.787
2026-09-16 06:26:48,Research Wing,Ground,Server Room,AC,0.25,0.25
2026-09-16 06:26:48,Research Wing,Ground,Server Room,Computers,0.08,0.08
2026-09-16 06:26:48,Research Wing,Ground,Server Room,Lights,0.02,0.02
2026-09-16 06:26:48,Research Wing,Ground,Server Room,Fans,0.015,0.015
2026-09-16 06:26:48,Research Wing,Ground,Server Room,Server Units,4.685,4.685
2026-09-16 07:26:48,Main Block,Ground,Lab 101,AC,0.25,0.25
2026-09-16 07:26:48,Main Block,Ground,Lab 101,Computers,0.08,0.08
2026-09-16 07:26:48,Main Block,Ground,Lab 101,Lights,0.02,0.02
2026-09-16 07:26:48,Main Block,Ground,Lab 101,Fans,0.015,0.015
2026-09-16 07:26:48,Main Block,Ground,Lab 101,Server Units,4.012,4.012
2026-09-16 07:26:48,Main Block,First,Computer Lab 201,AC,0.25,0.25
2026-09-16 07:26:48,Main Block,First,Computer Lab 201,Computers,0.08,0.08
2026-09-16 07:26:48,Main Block,First,Computer Lab 201,Lights,0.02,0.02
2026-09-16 07:26:48,Main Block,First,Computer Lab 201,Fans,0.015,0.015
2026-09-16 07:26:48,Main Block,First,Computer Lab 201,Server Units,3.864,3.864
2026-09-16 07:26:48,Research Wing,Ground,AI Research Lab,AC,0.25,0.25
2026-09-16 07:26:48,Research Wing,Ground,AI Research Lab,Computers,0.08,0.08
2026-09-16 07:26:48,Research Wing,Ground,AI Research Lab,Lights,0.02,0.02
2026-09-16 07:26:48,Research Wing,Ground,AI Research Lab,Fans,0.015,0.015
2026-09-16 07:26:48,Research Wing,Ground,AI Research Lab,Server Units,4.055,4.055
2026-09-16 07:26:48,Research Wing,Ground,Server Room,AC,0.25,0.25
2026-09-16 07:26:48,Research Wing,Ground,Server Room,Computers,0.08,0.08
2026-09-16 07:26:48,Research Wing,Ground,Server Room,Lights,0.02,0.02
2026-09-16 07:26:48,Research Wing,Ground,Server Room,Fans,0.015,0.015
2026-09-16 07:26:48,Research Wing,Ground,Server Room,Server Units,3.757,3.757
2026-09-16 08:26:48,Main Block,Ground,Lab 101,AC,4.276,4.276
2026-09-16 08:26:48,Main Block,Ground,Lab 101,Computers,1.858,1.858
2026-09-16 08:26:48,Main Block,Ground,Lab 101,Lights,0.316,0.316
2026-09-16 08:26:48,Main Block,Ground,Lab 101,Fans,0.2,0.2
2026-09-16 08:26:48,Main Block,Ground,Lab 101,Server Units,4.51,4.51
2026-09-16 08:26:48,Main Block,First,Computer Lab 201,AC,4.159,4.159
2026-09-16 08:26:48,Main Block,First,Computer Lab 201,Computers,2.191,2.191
2026-09-16 08:26:48,Main Block,First,Computer Lab 201,Lights,0.344,0.344
2026-09-16 08:26:48,Main Block,First,Computer Lab 201,Fans,0.196,0.196
2026-09-16 08:26:48,Main Block,First,Computer Lab 201,Server Units,3.933,3.933
2026-09-16 08:26:48,Research Wing,Ground,AI Research Lab,AC,4.236,4.236
2026-09-16 08:26:48,Research Wing,Ground,AI Research Lab,Computers,1.972,1.972
2026-09-16 08:26:48,Research Wing,Ground,AI Research Lab,Lights,0.344,0.344
2026-09-16 08:26:48,Research Wing,Ground,AI Research Lab,Fans,0.194,0.194
2026-09-16 08:26:48,Research Wing,Ground,AI Research Lab,Server Units,3.758,3.758
2026-09-16 08:26:48,Research Wing,Ground,Server Room,AC,4.784,4.784
2026-09-16 08:26:48,Research Wing,Ground,Server Room,Computers,2.165,2.165
2026-09-16 08:26:48,Research Wing,Ground,Server Room,Lights,0.336,0.336
2026-09-16 08:26:48,Research Wing,Ground,Server Room,Fans,0.172,0.172
2026-09-16 08:26:48,Research Wing,Ground,Server Room,Server Units,14.104,14.104
2026-09-16 09:26:48,Main Block,Ground,Lab 101,AC,5.146,5.146
2026-09-16 09:26:48,Main Block,Ground,Lab 101,Computers,2.096,2.096
2026-09-16 09:26:48,Main Block,Ground,Lab 101,Lights,0.3,0.3
2026-09-16 09:26:48,Main Block,Ground,Lab 101,Fans,0.209,0.209
2026-09-16 09:26:48,Main Block,Ground,Lab 101,Server Units,4.214,4.214
2026-09-16 09:26:48,Main Block,First,Computer Lab 201,AC,4.087,4.087
2026-09-16 09:26:48,Main Block,First,Computer Lab 201,Computers,2.083,2.083
2026-09-16 09:26:48,Main Block,First,Computer Lab 201,Lights,0.334,0.334
2026-09-16 09:26:48,Main Block,First,Computer Lab 201,Fans,0.218,0.218
2026-09-16 09:26:48,Main Block,First,Computer Lab 201,Server Units,5.005,5.005
2026-09-16 09:26:48,Research Wing,Ground,AI Research Lab,AC,4.183,4.183
2026-09-16 09:26:48,Research Wing,Ground,AI Research Lab,Computers,2.233,2.233
2026-09-16 09:26:48,Research Wing,Ground,AI Research Lab,Lights,0.293,0.293
2026-09-16 09:26:48,Research Wing,Ground,AI Research Lab,Fans,0.184,0.184
2026-09-16 09:26:48,Research Wing,Ground,AI Research Lab,Server Units,4.427,4.427
2026-09-16 09:26:48,Research Wing,Ground,Server Room,AC,4.652,4.652
2026-09-16 09:26:48,Research Wing,Ground,Server Room,Computers,1.973,1.973
2026-09-16 09:26:48,Research Wing,Ground,Server Room,Lights,0.326,0.326
2026-09-16 09:26:48,Research Wing,Ground,Server Room,Fans,0.222,0.222
2026-09-16 09:26:48,Research Wing,Ground,Server Room,Server Units,4.645,4.645
2026-09-16 10:26:48,Main Block,Ground,Lab 101,AC,4.028,4.028
2026-09-16 10:26:48,Main Block,Ground,Lab 101,Computers,2.074,2.074
2026-09-16 10:26:48,Main Block,Ground,Lab 101,Lights,0.282,0.282
2026-09-16 10:26:48,Main Block,Ground,Lab 101,Fans,0.638,0.638
2026-09-16 10:26:48,Main Block,Ground,Lab 101,Server Units,3.794,3.794
2026-09-16 10:26:48,Main Block,First,Computer Lab 201,AC,4.626,4.626
2026-09-16 10:26:48,Main Block,First,Computer Lab 201,Computers,1.883,1.883
2026-09-16 10:26:48,Main Block,First,Computer Lab 201,Lights,0.943,0.943
2026-09-16 10:26:48,Main Block,First,Computer Lab 201,Fans,0.18,0.18
2026-09-16 10:26:48,Main Block,First,Computer Lab 201,Server Units,4.114,4.114
2026-09-16 10:26:48,Research Wing,Ground,AI Research Lab,AC,4.723,4.723
2026-09-16 10:26:48,Research Wing,Ground,AI Research Lab,Computers,1.793,1.793
2026-09-16 10:26:48,Research Wing,Ground,AI Research Lab,Lights,0.279,0.279
2026-09-16 10:26:48,Research Wing,Ground,AI Research Lab,Fans,0.177,0.177
2026-09-16 10:26:48,Research Wing,Ground,AI Research Lab,Server Units,3.847,3.847
2026-09-16 10:26:48,Research Wing,Ground,Server Room,AC,4.464,4.464
2026-09-16 10:26:48,Research Wing,Ground,Server Room,Computers,2.187,2.187
2026-09-16 10:26:48,Research Wing,Ground,Server Room,Lights,0.293,0.293
2026-09-16 10:26:48,Research Wing,Ground,Server Room,Fans,0.171,0.171
2026-09-16 10:26:48,Research Wing,Ground,Server Room,Server Units,4.139,4.139
2026-09-16 11:26:48,Main Block,Ground,Lab 101,AC,4.586,4.586
2026-09-16 11:26:48,Main Block,Ground,Lab 101,Computers,1.893,1.893
2026-09-16 11:26:48,Main Block,Ground,Lab 101,Lights,0.316,0.316
2026-09-16 11:26:48,Main Block,Ground,Lab 101,Fans,0.174,0.174
2026-09-16 11:26:48,Main Block,Ground,Lab 101,Server Units,4.137,4.137
2026-09-16 11:26:48,Main Block,First,Computer Lab 201,AC,4.59,4.59
2026-09-16 11:26:48,Main Block,First,Computer Lab 201,Computers,2.027,2.027
2026-09-16 11:26:48,Main Block,First,Computer Lab 201,Lights,0.334,0.334
2026-09-16 11:26:48,Main Block,First,Computer Lab 201,Fans,0.174,0.174
2026-09-16 11:26:48,Main Block,First,Computer Lab 201,Server Units,4.154,4.154
2026-09-16 11:26:48,Research Wing,Ground,AI Research Lab,AC,4.787,4.787
2026-09-16 11:26:48,Research Wing,Ground,AI Research Lab,Computers,1.957,1.957
2026-09-16 11:26:48,Research Wing,Ground,AI Research Lab,Lights,0.292,0.292
2026-09-16 11:26:48,Research Wing,Ground,AI Research Lab,Fans,0.198,0.198
2026-09-16 11:26:48,Research Wing,Ground,AI Research Lab,Server Units,4.296,4.296
2026-09-16 11:26:48,Research Wing,Ground,Server Room,AC,4.656,4.656
2026-09-16 11:26:48,Research Wing,Ground,Server Room,Computers,1.846,1.846
2026-09-16 11:26:48,Research Wing,Ground,Server Room,Lights,0.266,0.266
2026-09-16 11:26:48,Research Wing,Ground,Server Room,Fans,0.199,0.199
2026-09-16 11:26:48,Research Wing,Ground,Server Room,Server Units,4.737,4.737
2026-09-16 12:26:48,Main Block,Ground,Lab 101,AC,13.107,13.107
2026-09-16 12:26:48,Main Block,Ground,Lab 101,Computers,2.184,2.184
2026-09-16 12:26:48,Main Block,Ground,Lab 101,Lights,0.296,0.296
2026-09-16 12:26:48,Main Block,Ground,Lab 101,Fans,0.169,0.169
2026-09-16 12:26:48,Main Block,Ground,Lab 101,Server Units,4.598,4.598
2026-09-16 12:26:48,Main Block,First,Computer Lab 201,AC,3.956,3.956
2026-09-16 12:26:48,Main Block,First,Computer Lab 201,Computers,1.989,1.989
2026-09-16 12:26:48,Main Block,First,Computer Lab 201,Lights,0.26,0.26
2026-09-16 12:26:48,Main Block,First,Computer Lab 201,Fans,0.205,0.205
2026-09-16 12:26:48,Main Block,First,Computer Lab 201,Server Units,3.81,3.81
2026-09-16 12:26:48,Research Wing,Ground,AI Research Lab,AC,4.02,4.02
2026-09-16 12:26:48,Research Wing,Ground,AI Research Lab,Computers,1.997,1.997
2026-09-16 12:26:48,Research Wing,Ground,AI Research Lab,Lights,0.316,0.316
2026-09-16 12:26:48,Research Wing,Ground,AI Research Lab,Fans,0.183,0.183
2026-09-16 12:26:48,Research Wing,Ground,AI Research Lab,Server Units,15.137,15.137
2026-09-16 12:26:48,Research Wing,Ground,Server Room,AC,4.48,4.48
2026-09-16 12:26:48,Research Wing,Ground,Server Room,Computers,5.306,5.306
2026-09-16 12:26:48,Research Wing,Ground,Server Room,Lights,0.309,0.309
2026-09-16 12:26:48,Research Wing,Ground,Server Room,Fans,0.171,0.171
2026-09-16 12:26:48,Research Wing,Ground,Server Room,Server Units,4.365,4.365
2026-09-16 13:26:48,Main Block,Ground,Lab 101,AC,4.424,4.424
2026-09-16 13:26:48,Main Block,Ground,Lab 101,Computers,1.773,1.773
2026-09-16 13:26:48,Main Block,Ground,Lab 101,Lights,0.343,0.343
2026-09-16 13:26:48,Main Block,Ground,Lab 101,Fans,0.215,0.215
2026-09-16 13:26:48,Main Block,Ground,Lab 101,Server Units,4.825,4.825
2026-09-16 13:26:48,Main Block,First,Computer Lab 201,AC,4.985,4.985
2026-09-16 13:26:48,Main Block,First,Computer Lab 201,Computers,1.959,1.959
2026-09-16 13:26:48,Main Block,First,Computer Lab 201,Lights,0.272,0.272
2026-09-16 13:26:48,Main Block,First,Computer Lab 201,Fans,0.204,0.204
2026-09-16 13:26:48,Main Block,First,Computer Lab 201,Server Units,4.719,4.719
2026-09-16 13:26:48,Research Wing,Ground,AI Research Lab,AC,4.468,4.468
2026-09-16 13:26:48,Research Wing,Ground,AI Research Lab,Computers,2.101,2.101
2026-09-16 13:26:48,Research Wing,Ground,AI Research Lab,Lights,0.299,0.299
2026-09-16 13:26:48,Research Wing,Ground,AI Research Lab,Fans,0.189,0.189
2026-09-16 13:26:48,Research Wing,Ground,AI Research Lab,Server Units,3.882,3.882
2026-09-16 13:26:48,Research Wing,Ground,Server Room,AC,4.399,4.399
2026-09-16 13:26:48,Research Wing,Ground,Server Room,Computers,1.974,1.974
2026-09-16 13:26:48,Research Wing,Ground,Server Room,Lights,0.256,0.256
2026-09-16 13:26:48,Research Wing,Ground,Server Room,Fans,0.203,0.203
2026-09-16 13:26:48,Research Wing,Ground,Server Room,Server Units,4.558,4.558
2026-09-16 14:26:48,Main Block,Ground,Lab 101,AC,5.05,5.05
2026-09-16 14:26:48,Main Block,Ground,Lab 101,Computers,1.981,1.981
2026-09-16 14:26:48,Main Block,Ground,Lab 101,Lights,0.28,0.28
2026-09-16 14:26:48,Main Block,Ground,Lab 101,Fans,0.187,0.187
2026-09-16 14:26:48,Main Block,Ground,Lab 101,Server Units,4.404,4.404
2026-09-16 14:26:48,Main Block,First,Computer Lab 201,AC,4.778,4.778
2026-09-16 14:26:48,Main Block,First,Computer Lab 201,Computers,1.738,1.738
2026-09-16 14:26:48,Main Block,First,Computer Lab 201,Lights,0.287,0.287
2026-09-16 14:26:48,Main Block,First,Computer Lab 201,Fans,0.186,0.186
2026-09-16 14:26:48,Main Block,First,Computer Lab 201,Server Units,4.778,4.778
2026-09-16 14:26:48,Research Wing,Ground,AI Research Lab,AC,4.855,4.855
2026-09-16 14:26:48,Research Wing,Ground,AI Research Lab,Computers,1.936,1.936
2026-09-16 14:26:48,Research Wing,Ground,AI Research Lab,Lights,0.313,0.313
2026-09-16 14:26:48,Research Wing,Ground,AI Research Lab,Fans,0.193,0.193
2026-09-16 14:26:48,Research Wing,Ground,AI Research Lab,Server Units,4.5,4.5
2026-09-16 14:26:48,Research Wing,Ground,Server Room,AC,4.872,4.872
2026-09-16 14:26:48,Research Wing,Ground,Server Room,Computers,1.778,1.778
2026-09-16 14:26:48,Research Wing,Ground,Server Room,Lights,0.341,0.341
2026-09-16 14:26:48,Research Wing,Ground,Server Room,Fans,0.202,0.202
2026-09-16 14:26:48,Research Wing,Ground,Server Room,Server Units,3.799,3.799
2026-09-16 15:26:48,Main Block,Ground,Lab 101,AC,4.04,4.04
2026-09-16 15:26:48,Main Block,Ground,Lab 101,Computers,1.764,1.764
2026-09-16 15:26:48,Main Block,Ground,Lab 101,Lights,0.298,0.298
2026-09-16 15:26:48,Main Block,Ground,Lab 101,Fans,0.223,0.223
2026-09-16 15:26:48,Main Block,Ground,Lab 101,Server Units,4.707,4.707
2026-09-16 15:26:48,Main Block,First,Computer Lab 201,AC,5.04,5.04
2026-09-16 15:26:48,Main Block,First,Computer Lab 201,Computers,2.235,2.235
2026-09-16 15:26:48,Main Block,First,Computer Lab 201,Lights,0.293,0.293
2026-09-16 15:26:48,Main Block,First,Computer Lab 201,Fans,0.202,0.202
2026-09-16 15:26:48,Main Block,First,Computer Lab 201,Server Units,4.858,4.858
2026-09-16 15:26:48,Research Wing,Ground,AI Research Lab,AC,4.856,4.856
2026-09-16 15:26:48,Research Wing,Ground,AI Research Lab,Computers,2.204,2.204
2026-09-16 15:26:48,Research Wing,Ground,AI Research Lab,Lights,0.284,0.284
2026-09-16 15:26:48,Research Wing,Ground,AI Research Lab,Fans,0.188,0.188
2026-09-16 15:26:48,Research Wing,Ground,AI Research Lab,Server Units,4.497,4.497
2026-09-16 15:26:48,Research Wing,Ground,Server Room,AC,4.166,4.166
2026-09-16 15:26:48,Research Wing,Ground,Server Room,Computers,1.872,1.872
2026-09-16 15:26:48,Research Wing,Ground,Server Room,Lights,0.27,0.27
2026-09-16 15:26:48,Research Wing,Ground,Server Room,Fans,0.213,0.213
2026-09-16 15:26:48,Research Wing,Ground,Server Room,Server Units,4.508,4.508
2026-09-16 16:26:48,Main Block,Ground,Lab 101,AC,4.728,4.728
2026-09-16 16:26:48,Main Block,Ground,Lab 101,Computers,2.186,2.186
2026-09-16 16:26:48,Main Block,Ground,Lab 101,Lights,0.287,0.287
2026-09-16 16:26:48,Main Block,Ground,Lab 101,Fans,0.198,0.198
2026-09-16 16:26:48,Main Block,Ground,Lab 101,Server Units,3.985,3.985
2026-09-16 16:26:48,Main Block,First,Computer Lab 201,AC,5.055,5.055
2026-09-16 16:26:48,Main Block,First,Computer Lab 201,Computers,1.998,1.998
2026-09-16 16:26:48,Main Block,First,Computer Lab 201,Lights,0.306,0.306
2026-09-16 16:26:48,Main Block,First,Computer Lab 201,Fans,0.186,0.186
2026-09-16 16:26:48,Main Block,First,Computer Lab 201,Server Units,4.477,4.477
2026-09-16 16:26:48,Research Wing,Ground,AI Research Lab,AC,3.916,3.916
2026-09-16 16:26:48,Research Wing,Ground,AI Research Lab,Computers,1.926,1.926
2026-09-16 16:26:48,Research Wing,Ground,AI Research Lab,Lights,0.262,0.262
2026-09-16 16:26:48,Research Wing,Ground,AI Research Lab,Fans,0.183,0.183
2026-09-16 16:26:48,Research Wing,Ground,AI Research Lab,Server Units,4.044,4.044
2026-09-16 16:26:48,Research Wing,Ground,Server Room,AC,4.272,4.272
2026-09-16 16:26:48,Research Wing,Ground,Server Room,Computers,2.264,2.264
2026-09-16 16:26:48,Research Wing,Ground,Server Room,Lights,0.278,0.278
2026-09-16 16:26:48,Research Wing,Ground,Server Room,Fans,0.17,0.17
2026-09-16 16:26:48,Research Wing,Ground,Server Room,Server Units,5.018,5.018
2026-09-16 17:26:48,Main Block,Ground,Lab 101,AC,4.602,4.602
2026-09-16 17:26:48,Main Block,Ground,Lab 101,Computers,2.259,2.259
2026-09-16 17:26:48,Main Block,Ground,Lab 101,Lights,0.291,0.291
2026-09-16 17:26:48,Main Block,Ground,Lab 101,Fans,0.207,0.207
2026-09-16 17:26:48,Main Block,Ground,Lab 101,Server Units,4.362,4.362
2026-09-16 17:26:48,Main Block,First,Computer Lab 201,AC,4.18,4.18
2026-09-16 17:26:48,Main Block,First,Computer Lab 201,Computers,1.903,1.903
2026-09-16 17:26:48,Main Block,First,Computer Lab 201,Lights,0.285,0.285
2026-09-16 17:26:48,Main Block,First,Computer Lab 201,Fans,0.174,0.174
2026-09-16 17:26:48,Main Block,First,Computer Lab 201,Server Units,4.709,4.709
2026-09-16 17:26:48,Research Wing,Ground,AI Research Lab,AC,4.721,4.721
2026-09-16 17:26:48,Research Wing,Ground,AI Research Lab,Computers,1.841,1.841
2026-09-16 17:26:48,Research Wing,Ground,AI Research Lab,Lights,0.34,0.34
2026-09-16 17:26:48,Research Wing,Ground,AI Research Lab,Fans,0.207,0.207
2026-09-16 17:26:48,Research Wing,Ground,AI Research Lab,Server Units,3.787,3.787
2026-09-16 17:26:48,Research Wing,Ground,Server Room,AC,5.107,5.107
2026-09-16 17:26:48,Research Wing,Ground,Server Room,Computers,2.067,2.067
2026-09-16 17:26:48,Research Wing,Ground,Server Room,Lights,0.305,0.305
2026-09-16 17:26:48,Research Wing,Ground,Server Room,Fans,0.182,0.182
2026-09-16 17:26:48,Research Wing,Ground,Server Room,Server Units,3.787,3.787
2026-09-16 18:26:48,Main Block,Ground,Lab 101,AC,4.703,4.703
2026-09-16 18:26:48,Main Block,Ground,Lab 101,Computers,1.882,1.882
2026-09-16 18:26:48,Main Block,Ground,Lab 101,Lights,1.027,1.027
2026-09-16 18:26:48,Main Block,Ground,Lab 101,Fans,0.169,0.169
2026-09-16 18:26:48,Main Block,Ground,Lab 101,Server Units,4.811,4.811
2026-09-16 18:26:48,Main Block,First,Computer Lab 201,AC,4.986,4.986
2026-09-16 18:26:48,Main Block,First,Computer Lab 201,Computers,2.143,2.143
2026-09-16 18:26:48,Main Block,First,Computer Lab 201,Lights,0.26,0.26
2026-09-16 18:26:48,Main Block,First,Computer Lab 201,Fans,0.206,0.206
2026-09-16 18:26:48,Main Block,First,Computer Lab 201,Server Units,4.303,4.303
2026-09-16 18:26:48,Research Wing,Ground,AI Research Lab,AC,4.416,4.416
2026-09-16 18:26:48,Research Wing,Ground,AI Research Lab,Computers,2.29,2.29
2026-09-16 18:26:48,Research Wing,Ground,AI Research Lab,Lights,0.272,0.272
2026-09-16 18:26:48,Research Wing,Ground,AI Research Lab,Fans,0.169,0.169
2026-09-16 18:26:48,Research Wing,Ground,AI Research Lab,Server Units,4.517,4.517
2026-09-16 18:26:48,Research Wing,Ground,Server Room,AC,4.834,4.834
2026-09-16 18:26:48,Research Wing,Ground,Server Room,Computers,2.176,2.176
2026-09-16 18:26:48,Research Wing,Ground,Server Room,Lights,1.033,1.033
2026-09-16 18:26:48,Research Wing,Ground,Server Room,Fans,0.208,0.208
2026-09-16 18:26:48,Research Wing,Ground,Server Room,Server Units,3.841,3.841
2026-09-16 19:26:48,Main Block,Ground,Lab 101,AC,0.25,0.25
2026-09-16 19:26:48,Main Block,Ground,Lab 101,Computers,0.08,0.08
2026-09-16 19:26:48,Main Block,Ground,Lab 101,Lights,0.02,0.02
2026-09-16 19:26:48,Main Block,Ground,Lab 101,Fans,0.015,0.015
2026-09-16 19:26:48,Main Block,Ground,Lab 101,Server Units,4.062,4.062
2026-09-16 19:26:48,Main Block,First,Computer Lab 201,AC,0.25,0.25
2026-09-16 19:26:48,Main Block,First,Computer Lab 201,Computers,0.08,0.08
2026-09-16 19:26:48,Main Block,First,Computer Lab 201,Lights,0.02,0.02
2026-09-16 19:26:48,Main Block,First,Computer Lab 201,Fans,0.015,0.015
2026-09-16 19:26:48,Main Block,First,Computer Lab 201,Server Units,4.07,4.07
2026-09-16 19:26:48,Research Wing,Ground,AI Research Lab,AC,0.25,0.25
2026-09-16 19:26:48,Research Wing,Ground,AI Research Lab,Computers,0.08,0.08
2026-09-16 19:26:48,Research Wing,Ground,AI Research Lab,Lights,0.02,0.02
2026-09-16 19:26:48,Research Wing,Ground,AI Research Lab,Fans,0.015,0.015
2026-09-16 19:26:48,Research Wing,Ground,AI Research Lab,Server Units,4.031,4.031
2026-09-16 19:26:48,Research Wing,Ground,Server Room,AC,0.25,0.25
2026-09-16 19:26:48,Research Wing,Ground,Server Room,Computers,0.08,0.08
2026-09-16 19:26:48,Research Wing,Ground,Server Room,Lights,0.02,0.02
2026-09-16 19:26:48,Research Wing,Ground,Server Room,Fans,0.015,0.015
2026-09-16 19:26:48,Research Wing,Ground,Server Room,Server Units,4.435,4.435
2026-09-16 20:26:48,Main Block,Ground,Lab 101,AC,0.25,0.25
2026-09-16 20:26:48,Main Block,Ground,Lab 101,Computers,0.08,0.08
2026-09-16 20:26:48,Main Block,Ground,Lab 101,Lights,0.02,0.02
2026-09-16 20:26:48,Main Block,Ground,Lab 101,Fans,0.015,0.015
2026-09-16 20:26:48,Main Block,Ground,Lab 101,Server Units,4.671,4.671
2026-09-16 20:26:48,Main Block,First,Computer Lab 201,AC,0.25,0.25
2026-09-16 20:26:48,Main Block,First,Computer Lab 201,Computers,0.08,0.08
2026-09-16 20:26:48,Main Block,First,Computer Lab 201,Lights,0.02,0.02
2026-09-16 20:26:48,Main Block,First,Computer Lab 201,Fans,0.015,0.015
2026-09-16 20:26:48,Main Block,First,Computer Lab 201,Server Units,4.044,4.044
2026-09-16 20:26:48,Research Wing,Ground,AI Research Lab,AC,0.25,0.25
2026-09-16 20:26:48,Research Wing,Ground,AI Research Lab,Computers,0.08,0.08
2026-09-16 20:26:48,Research Wing,Ground,AI Research Lab,Lights,0.02,0.02
2026-09-16 20:26:48,Research Wing,Ground,AI Research Lab,Fans,0.015,0.015
2026-09-16 20:26:48,Research Wing,Ground,AI Research Lab,Server Units,5.031,5.031
2026-09-16 20:26:48,Research Wing,Ground,Server Room,AC,0.25,0.25
2026-09-16 20:26:48,Research Wing,Ground,Server Room,Computers,0.08,0.08
2026-09-16 20:26:48,Research Wing,Ground,Server Room,Lights,0.02,0.02
2026-09-16 20:26:48,Research Wing,Ground,Server Room,Fans,0.015,0.015
2026-09-16 20:26:48,Research Wing,Ground,Server Room,Server Units,3.785,3.785
2026-09-16 21:26:48,Main Block,Ground,Lab 101,AC,0.25,0.25
2026-09-16 21:26:48,Main Block,Ground,Lab 101,Computers,0.08,0.08
2026-09-16 21:26:48,Main Block,Ground,Lab 101,Lights,0.02,0.02
2026-09-16 21:26:48,Main Block,Ground,Lab 101,Fans,0.015,0.015
2026-09-16 21:26:48,Main Block,Ground,Lab 101,Server Units,4.545,4.545
2026-09-16 21:26:48,Main Block,First,Computer Lab 201,AC,0.25,0.25
2026-09-16 21:26:48,Main Block,First,Computer Lab 201,Computers,0.08,0.08
2026-09-16 21:26:48,Main Block,First,Computer Lab 201,Lights,0.02,0.02
2026-09-16 21:26:48,Main Block,First,Computer Lab 201,Fans,0.015,0.015
2026-09-16 21:26:48,Main Block,First,Computer Lab 201,Server Units,3.983,3.983
2026-09-16 21:26:48,Research Wing,Ground,AI Research Lab,AC,0.25,0.25
2026-09-16 21:26:48,Research Wing,Ground,AI Research Lab,Computers,0.08,0.08
2026-09-16 21:26:48,Research Wing,Ground,AI Research Lab,Lights,0.02,0.02
2026-09-16 21:26:48,Research Wing,Ground,AI Research Lab,Fans,0.015,0.015
2026-09-16 21:26:48,Research Wing,Ground,AI Research Lab,Server Units,3.774,3.774
2026-09-16 21:26:48,Research Wing,Ground,Server Room,AC,0.25,0.25
2026-09-16 21:26:48,Research Wing,Ground,Server Room,Computers,0.08,0.08
2026-09-16 21:26:48,Research Wing,Ground,Server Room,Lights,0.02,0.02
2026-09-16 21:26:48,Research Wing,Ground,Server Room,Fans,0.015,0.015
2026-09-16 21:26:48,Research Wing,Ground,Server Room,Server Units,4.52,4.52
2026-09-16 22:26:48,Main Block,Ground,Lab 101,AC,0.25,0.25
2026-09-16 22:26:48,Main Block,Ground,Lab 101,Computers,0.08,0.08
2026-09-16 22:26:48,Main Block,Ground,Lab 101,Lights,0.02,0.02
2026-09-16 22:26:48,Main Block,Ground,Lab 101,Fans,0.015,0.015
2026-09-16 22:26:48,Main Block,Ground,Lab 101,Server Units,4.703,4.703
2026-09-16 22:26:48,Main Block,First,Computer Lab 201,AC,0.25,0.25
2026-09-16 22:26:48,Main Block,First,Computer Lab 201,Computers,0.08,0.08
2026-09-16 22:26:48,Main Block,First,Computer Lab 201,Lights,0.02,0.02
2026-09-16 22:26:48,Main Block,First,Computer Lab 201,Fans,0.015,0.015
2026-09-16 22:26:48,Main Block,First,Computer Lab 201,Server Units,4.635,4.635
2026-09-16 22:26:48,Research Wing,Ground,AI Research Lab,AC,0.25,0.25
2026-09-16 22:26:48,Research Wing,Ground,AI Research Lab,Computers,0.08,0.08
2026-09-16 22:26:48,Research Wing,Ground,AI Research Lab,Lights,0.02,0.02
2026-09-16 22:26:48,Research Wing,Ground,AI Research Lab,Fans,0.015,0.015
2026-09-16 22:26:48,Research Wing,Ground,AI Research Lab,Server Units,4.425,4.425
2026-09-16 22:26:48,Research Wing,Ground,Server Room,AC,0.25,0.25
2026-09-16 22:26:48,Research Wing,Ground,Server Room,Computers,0.08,0.08
2026-09-16 22:26:48,Research Wing,Ground,Server Room,Lights,0.02,0.02
2026-09-16 22:26:48,Research Wing,Ground,Server Room,Fans,0.015,0.015
2026-09-16 22:26:48,Research Wing,Ground,Server Room,Server Units,3.76,3.76
2026-09-16 23:26:48,Main Block,Ground,Lab 101,AC,0.25,0.25
2026-09-16 23:26:48,Main Block,Ground,Lab 101,Computers,0.08,0.08
2026-09-16 23:26:48,Main Block,Ground,Lab 101,Lights,0.02,0.02
2026-09-16 23:26:48,Main Block,Ground,Lab 101,Fans,0.015,0.015
2026-09-16 23:26:48,Main Block,Ground,Lab 101,Server Units,4.186,4.186
2026-09-16 23:26:48,Main Block,First,Computer Lab 201,AC,0.25,0.25
2026-09-16 23:26:48,Main Block,First,Computer Lab 201,Computers,0.08,0.08
2026-09-16 23:26:48,Main Block,First,Computer Lab 201,Lights,0.02,0.02
2026-09-16 23:26:48,Main Block,First,Computer Lab 201,Fans,0.015,0.015
2026-09-16 23:26:48,Main Block,First,Computer Lab 201,Server Units,4.81,4.81
2026-09-16 23:26:48,Research Wing,Ground,AI Research Lab,AC,0.25,0.25
2026-09-16 23:26:48,Research Wing,Ground,AI Research Lab,Computers,0.08,0.08
2026-09-16 23:26:48,Research Wing,Ground,AI Research Lab,Lights,0.02,0.02
2026-09-16 23:26:48,Research Wing,Ground,AI Research Lab,Fans,0.015,0.015
2026-09-16 23:26:48,Research Wing,Ground,AI Research Lab,Server Units,3.976,3.976
2026-09-16 23:26:48,Research Wing,Ground,Server Room,AC,0.25,0.25
2026-09-16 23:26:48,Research Wing,Ground,Server Room,Computers,0.08,0.08
2026-09-16 23:26:48,Research Wing,Ground,Server Room,Lights,0.02,0.02
2026-09-16 23:26:48,Research Wing,Ground,Server Room,Fans,0.015,0.015
2026-09-16 23:26:48,Research Wing,Ground,Server Room,Server Units,4.855,4.855
2026-09-17 00:26:48,Main Block,Ground,Lab 101,AC,0.25,0.25
2026-09-17 00:26:48,Main Block,Ground,Lab 101,Computers,0.08,0.08
2026-09-17 00:26:48,Main Block,Ground,Lab 101,Lights,0.02,0.02
2026-09-17 00:26:48,Main Block,Ground,Lab 101,Fans,0.015,0.015
2026-09-17 00:26:48,Main Block,Ground,Lab 101,Server Units,4.155,4.155
2026-09-17 00:26:48,Main Block,First,Computer Lab 201,AC,0.25,0.25
2026-09-17 00:26:48,Main Block,First,Computer Lab 201,Computers,0.08,0.08
2026-09-17 00:26:48,Main Block,First,Computer Lab 201,Lights,0.02,0.02
2026-09-17 00:26:48,Main Block,First,Computer Lab 201,Fans,0.015,0.015
2026-09-17 00:26:48,Main Block,First,Computer Lab 201,Server Units,3.908,3.908
2026-09-17 00:26:48,Research Wing,Ground,AI Research Lab,AC,0.25,0.25
2026-09-17 00:26:48,Research Wing,Ground,AI Research Lab,Computers,0.08,0.08
2026-09-17 00:26:48,Research Wing,Ground,AI Research Lab,Lights,0.02,0.02
2026-09-17 00:26:48,Research Wing,Ground,AI Research Lab,Fans,0.015,0.015
2026-09-17 00:26:48,Research Wing,Ground,AI Research Lab,Server Units,3.791,3.791
2026-09-17 00:26:48,Research Wing,Ground,Server Room,AC,0.25,0.25
2026-09-17 00:26:48,Research Wing,Ground,Server Room,Computers,0.08,0.08
2026-09-17 00:26:48,Research Wing,Ground,Server Room,Lights,0.02,0.02
2026-09-17 00:26:48,Research Wing,Ground,Server Room,Fans,0.015,0.015
2026-09-17 00:26:48,Research Wing,Ground,Server Room,Server Units,3.82,3.82
2026-09-17 01:26:48,Main Block,Ground,Lab 101,AC,0.25,0.25
2026-09-17 01:26:48,Main Block,Ground,Lab 101,Computers,0.08,0.08
2026-09-17 01:26:48,Main Block,Ground,Lab 101,Lights,0.02,0.02
2026-09-17 01:26:48,Main Block,Ground,Lab 101,Fans,0.015,0.015
2026-09-17 01:26:48,Main Block,Ground,Lab 101,Server Units,4.206,4.206
2026-09-17 01:26:48,Main Block,First,Computer Lab 201,AC,0.25,0.25
2026-09-17 01:26:48,Main Block,First,Computer Lab 201,Computers,0.08,0.08
2026-09-17 01:26:48,Main Block,First,Computer Lab 201,Lights,0.02,0.02
2026-09-17 01:26:48,Main Block,First,Computer Lab 201,Fans,0.015,0.015
2026-09-17 01:26:48,Main Block,First,Computer Lab 201,Server Units,4.415,4.415
2026-09-17 01:26:48,Research Wing,Ground,AI Research Lab,AC,0.25,0.25
2026-09-17 01:26:48,Research Wing,Ground,AI Research Lab,Computers,0.08,0.08
2026-09-17 01:26:48,Research Wing,Ground,AI Research Lab,Lights,0.02,0.02
2026-09-17 01:26:48,Research Wing,Ground,AI Research Lab,Fans,0.015,0.015
2026-09-17 01:26:48,Research Wing,Ground,AI Research Lab,Server Units,4.587,4.587
2026-09-17 01:26:48,Research Wing,Ground,Server Room,AC,0.25,0.25
2026-09-17 01:26:48,Research Wing,Ground,Server Room,Computers,0.08,0.08
2026-09-17 01:26:48,Research Wing,Ground,Server Room,Lights,0.02,0.02
2026-09-17 01:26:48,Research Wing,Ground,Server Room,Fans,0.015,0.015
2026-09-17 01:26:48,Research Wing,Ground,Server Room,Server Units,4.279,4.279
2026-09-17 02:26:48,Main Block,Ground,Lab 101,AC,0.25,0.25
2026-09-17 02:26:48,Main Block,Ground,Lab 101,Computers,0.08,0.08
2026-09-17 02:26:48,Main Block,Ground,Lab 101,Lights,0.02,0.02
2026-09-17 02:26:48,Main Block,Ground,Lab 101,Fans,0.015,0.015
2026-09-17 02:26:48,Main Block,Ground,Lab 101,Server Units,3.799,3.799
2026-09-17 02:26:48,Main Block,First,Computer Lab 201,AC,0.25,0.25
2026-09-17 02:26:48,Main Block,First,Computer Lab 201,Computers,0.08,0.08
2026-09-17 02:26:48,Main Block,First,Computer Lab 201,Lights,0.02,0.02
2026-09-17 02:26:48,Main Block,First,Computer Lab 201,Fans,0.015,0.015
2026-09-17 02:26:48,Main Block,First,Computer Lab 201,Server Units,4.414,4.414
2026-09-17 02:26:48,Research Wing,Ground,AI Research Lab,AC,0.25,0.25
2026-09-17 02:26:48,Research Wing,Ground,AI Research Lab,Computers,0.08,0.08
2026-09-17 02:26:48,Research Wing,Ground,AI Research Lab,Lights,0.02,0.02
2026-09-17 02:26:48,Research Wing,Ground,AI Research Lab,Fans,0.015,0.015
2026-09-17 02:26:48,Research Wing,Ground,AI Research Lab,Server Units,4.837,4.837
2026-09-17 02:26:48,Research Wing,Ground,Server Room,AC,0.25,0.25
2026-09-17 02:26:48,Research Wing,Ground,Server Room,Computers,0.08,0.08
2026-09-17 02:26:48,Research Wing,Ground,Server Room,Lights,0.02,0.02
2026-09-17 02:26:48,Research Wing,Ground,Server Room,Fans,0.015,0.015
2026-09-17 02:26:48,Research Wing,Ground,Server Room,Server Units,3.842,3.842
2026-09-17 03:26:48,Main Block,Ground,Lab 101,AC,0.25,0.25
2026-09-17 03:26:48,Main Block,Ground,Lab 101,Computers,0.08,0.08
2026-09-17 03:26:48,Main Block,Ground,Lab 101,Lights,0.02,0.02
2026-09-17 03:26:48,Main Block,Ground,Lab 101,Fans,0.015,0.015
2026-09-17 03:26:48,Main Block,Ground,Lab 101,Server Units,4.292,4.292
2026-09-17 03:26:48,Main Block,First,Computer Lab 201,AC,0.25,0.25
2026-09-17 03:26:48,Main Block,First,Computer Lab 201,Computers,0.08,0.08
2026-09-17 03:26:48,Main Block,First,Computer Lab 201,Lights,0.02,0.02
2026-09-17 03:26:48,Main Block,First,Computer Lab 201,Fans,0.015,0.015
2026-09-17 03:26:48,Main Block,First,Computer Lab 201,Server Units,4.432,4.432
2026-09-17 03:26:48,Research Wing,Ground,AI Research Lab,AC,0.25,0.25
2026-09-17 03:26:48,Research Wing,Ground,AI Research Lab,Computers,0.08,0.08
2026-09-17 03:26:48,Research Wing,Ground,AI Research Lab,Lights,0.02,0.02
2026-09-17 03:26:48,Research Wing,Ground,AI Research Lab,Fans,0.015,0.015
2026-09-17 03:26:48,Research Wing,Ground,AI Research Lab,Server Units,4.061,4.061
2026-09-17 03:26:48,Research Wing,Ground,Server Room,AC,0.25,0.25
2026-09-17 03:26:48,Research Wing,Ground,Server Room,Computers,0.08,0.08
2026-09-17 03:26:48,Research Wing,Ground,Server Room,Lights,0.02,0.02
2026-09-17 03:26:48,Research Wing,Ground,Server Room,Fans,0.015,0.015
2026-09-17 03:26:48,Research Wing,Ground,Server Room,Server Units,4.058,4.058
2026-09-17 04:26:48,Main Block,Ground,Lab 101,AC,0.25,0.25
2026-09-17 04:26:48,Main Block,Ground,Lab 101,Computers,0.08,0.08
2026-09-17 04:26:48,Main Block,Ground,Lab 101,Lights,0.02,0.02
2026-09-17 04:26:48,Main Block,Ground,Lab 101,Fans,0.015,0.015
2026-09-17 04:26:48,Main Block,Ground,Lab 101,Server Units,4.947,4.947
2026-09-17 04:26:48,Main Block,First,Computer Lab 201,AC,0.25,0.25
2026-09-17 04:26:48,Main Block,First,Computer Lab 201,Computers,0.08,0.08
2026-09-17 04:26:48,Main Block,First,Computer Lab 201,Lights,0.02,0.02
2026-09-17 04:26:48,Main Block,First,Computer Lab 201,Fans,0.015,0.015
2026-09-17 04:26:48,Main Block,First,Computer Lab 201,Server Units,4.831,4.831
2026-09-17 04:26:48,Research Wing,Ground,AI Research Lab,AC,0.25,0.25
2026-09-17 04:26:48,Research Wing,Ground,AI Research Lab,Computers,0.08,0.08
2026-09-17 04:26:48,Research Wing,Ground,AI Research Lab,Lights,0.02,0.02
2026-09-17 04:26:48,Research Wing,Ground,AI Research Lab,Fans,0.015,0.015
2026-09-17 04:26:48,Research Wing,Ground,AI Research Lab,Server Units,3.922,3.922
2026-09-17 04:26:48,Research Wing,Ground,Server Room,AC,0.25,0.25
2026-09-17 04:26:48,Research Wing,Ground,Server Room,Computers,0.08,0.08
2026-09-17 04:26:48,Research Wing,Ground,Server Room,Lights,0.02,0.02
2026-09-17 04:26:48,Research Wing,Ground,Server Room,Fans,0.015,0.015
2026-09-17 04:26:48,Research Wing,Ground,Server Room,Server Units,5.038,5.038
2026-09-17 05:26:48,Main Block,Ground,Lab 101,AC,0.25,0.25
2026-09-17 05:26:48,Main Block,Ground,Lab 101,Computers,0.08,0.08
2026-09-17 05:26:48,Main Block,Ground,Lab 101,Lights,0.02,0.02
2026-09-17 05:26:48,Main Block,Ground,Lab 101,Fans,0.015,0.015
2026-09-17 05:26:48,Main Block,Ground,Lab 101,Server Units,3.76,3.76
2026-09-17 05:26:48,Main Block,First,Computer Lab 201,AC,0.25,0.25
2026-09-17 05:26:48,Main Block,First,Computer Lab 201,Computers,0.08,0.08
2026-09-17 05:26:48,Main Block,First,Computer Lab 201,Lights,0.02,0.02
2026-09-17 05:26:48,Main Block,First,Computer Lab 201,Fans,0.015,0.015
2026-09-17 05:26:48,Main Block,First,Computer Lab 201,Server Units,3.907,3.907
2026-09-17 05:26:48,Research Wing,Ground,AI Research Lab,AC,0.25,0.25
2026-09-17 05:26:48,Research Wing,Ground,AI Research Lab,Computers,0.08,0.08
2026-09-17 05:26:48,Research Wing,Ground,AI Research Lab,Lights,0.02,0.02
2026-09-17 05:26:48,Research Wing,Ground,AI Research Lab,Fans,0.015,0.015
2026-09-17 05:26:48,Research Wing,Ground,AI Research Lab,Server Units,4.884,4.884
2026-09-17 05:26:48,Research Wing,Ground,Server Room,AC,0.25,0.25
2026-09-17 05:26:48,Research Wing,Ground,Server Room,Computers,0.08,0.08
2026-09-17 05:26:48,Research Wing,Ground,Server Room,Lights,0.02,0.02
2026-09-17 05:26:48,Research Wing,Ground,Server Room,Fans,0.015,0.015
2026-09-17 05:26:48,Research Wing,Ground,Server Room,Server Units,4.68,4.68
2026-09-17 06:26:48,Main Block,Ground,Lab 101,AC,0.25,0.25
2026-09-17 06:26:48,Main Block,Ground,Lab 101,Computers,0.08,0.08
2026-09-17 06:26:48,Main Block,Ground,Lab 101,Lights,0.02,0.02
2026-09-17 06:26:48,Main Block,Ground,Lab 101,Fans,0.015,0.015
2026-09-17 06:26:48,Main Block,Ground,Lab 101,Server Units,5.052,5.052
2026-09-17 06:26:48,Main Block,First,Computer Lab 201,AC,0.25,0.25
2026-09-17 06:26:48,Main Block,First,Computer Lab 201,Computers,0.08,0.08
2026-09-17 06:26:48,Main Block,First,Computer Lab 201,Lights,0.02,0.02
2026-09-17 06:26:48,Main Block,First,Computer Lab 201,Fans,0.015,0.015
2026-09-17 06:26:48,Main Block,First,Computer Lab 201,Server Units,4.334,4.334
2026-09-17 06:26:48,Research Wing,Ground,AI Research Lab,AC,0.25,0.25
2026-09-17 06:26:48,Research Wing,Ground,AI Research Lab,Computers,0.08,0.08
2026-09-17 06:26:48,Research Wing,Ground,AI Research Lab,Lights,0.02,0.02
2026-09-17 06:26:48,Research Wing,Ground,AI Research Lab,Fans,0.015,0.015
2026-09-17 06:26:48,Research Wing,Ground,AI Research Lab,Server Units,4.751,4.751
2026-09-17 06:26:48,Research Wing,Ground,Server Room,AC,0.25,0.25
2026-09-17 06:26:48,Research Wing,Ground,Server Room,Computers,0.08,0.08
2026-09-17 06:26:48,Research Wing,Ground,Server Room,Lights,0.02,0.02
2026-09-17 06:26:48,Research Wing,Ground,Server Room,Fans,0.015,0.015
2026-09-17 06:26:48,Research Wing,Ground,Server Room,Server Units,4.228,4.228
2026-09-17 07:26:48,Main Block,Ground,Lab 101,AC,0.25,0.25
2026-09-17 07:26:48,Main Block,Ground,Lab 101,Computers,0.08,0.08
2026-09-17 07:26:48,Main Block,Ground,Lab 101,Lights,0.02,0.02
2026-09-17 07:26:48,Main Block,Ground,Lab 101,Fans,0.015,0.015
2026-09-17 07:26:48,Main Block,Ground,Lab 101,Server Units,4.987,4.987
2026-09-17 07:26:48,Main Block,First,Computer Lab 201,AC,0.25,0.25
2026-09-17 07:26:48,Main Block,First,Computer Lab 201,Computers,0.08,0.08
2026-09-17 07:26:48,Main Block,First,Computer Lab 201,Lights,0.02,0.02
2026-09-17 07:26:48,Main Block,First,Computer Lab 201,Fans,0.015,0.015
2026-09-17 07:26:48,Main Block,First,Computer Lab 201,Server Units,4.505,4.505
2026-09-17 07:26:48,Research Wing,Ground,AI Research Lab,AC,0.25,0.25
2026-09-17 07:26:48,Research Wing,Ground,AI Research Lab,Computers,0.08,0.08
2026-09-17 07:26:48,Research Wing,Ground,AI Research Lab,Lights,0.02,0.02
2026-09-17 07:26:48,Research Wing,Ground,AI Research Lab,Fans,0.015,0.015
2026-09-17 07:26:48,Research Wing,Ground,AI Research Lab,Server Units,3.929,3.929
2026-09-17 07:26:48,Research Wing,Ground,Server Room,AC,0.25,0.25
2026-09-17 07:26:48,Research Wing,Ground,Server Room,Computers,0.08,0.08
2026-09-17 07:26:48,Research Wing,Ground,Server Room,Lights,0.02,0.02
2026-09-17 07:26:48,Research Wing,Ground,Server Room,Fans,0.015,0.015
2026-09-17 07:26:48,Research Wing,Ground,Server Room,Server Units,4.499,4.499
2026-09-17 08:26:48,Main Block,Ground,Lab 101,AC,3.959,3.959
2026-09-17 08:26:48,Main Block,Ground,Lab 101,Computers,1.771,1.771
2026-09-17 08:26:48,Main Block,Ground,Lab 101,Lights,0.295,0.295
2026-09-17 08:26:48,Main Block,Ground,Lab 101,Fans,0.183,0.183
2026-09-17 08:26:48,Main Block,Ground,Lab 101,Server Units,5.045,5.045
2026-09-17 08:26:48,Main Block,First,Computer Lab 201,AC,5.073,5.073
2026-09-17 08:26:48,Main Block,First,Computer Lab 201,Computers,1.785,1.785
2026-09-17 08:26:48,Main Block,First,Computer Lab 201,Lights,0.33,0.33
2026-09-17 08:26:48,Main Block,First,Computer Lab 201,Fans,0.167,0.167
2026-09-17 08:26:48,Main Block,First,Computer Lab 201,Server Units,5.007,5.007
2026-09-17 08:26:48,Research Wing,Ground,AI Research Lab,AC,14.711,14.711
2026-09-17 08:26:48,Research Wing,Ground,AI Research Lab,Computers,2.2,2.2
2026-09-17 08:26:48,Research Wing,Ground,AI Research Lab,Lights,0.273,0.273
2026-09-17 08:26:48,Research Wing,Ground,AI Research Lab,Fans,0.199,0.199
2026-09-17 08:26:48,Research Wing,Ground,AI Research Lab,Server Units,4.428,4.428
2026-09-17 08:26:48,Research Wing,Ground,Server Room,AC,4.223,4.223
2026-09-17 08:26:48,Research Wing,Ground,Server Room,Computers,2.124,2.124
2026-09-17 08:26:48,Research Wing,Ground,Server Room,Lights,0.295,0.295
2026-09-17 08:26:48,Research Wing,Ground,Server Room,Fans,0.181,0.181
2026-09-17 08:26:48,Research Wing,Ground,Server Room,Server Units,5.051,5.051
2026-09-17 09:26:48,Main Block,Ground,Lab 101,AC,3.982,3.982
2026-09-17 09:26:48,Main Block,Ground,Lab 101,Computers,1.747,1.747
2026-09-17 09:26:48,Main Block,Ground,Lab 101,Lights,0.32,0.32
2026-09-17 09:26:48,Main Block,Ground,Lab 101,Fans,0.195,0.195
2026-09-17 09:26:48,Main Block,Ground,Lab 101,Server Units,4.572,4.572
2026-09-17 09:26:48,Main Block,First,Computer Lab 201,AC,4.874,4.874
2026-09-17 09:26:48,Main Block,First,Computer Lab 201,Computers,1.889,1.889
2026-09-17 09:26:48,Main Block,First,Computer Lab 201,Lights,0.294,0.294
2026-09-17 09:26:48,Main Block,First,Computer Lab 201,Fans,0.212,0.212
2026-09-17 09:26:48,Main Block,First,Computer Lab 201,Server Units,4.851,4.851
2026-09-17 09:26:48,Research Wing,Ground,AI Research Lab,AC,5.01,5.01
2026-09-17 09:26:48,Research Wing,Ground,AI Research Lab,Computers,6.242,6.242
2026-09-17 09:26:48,Research Wing,Ground,AI Research Lab,Lights,0.267,0.267
2026-09-17 09:26:48,Research Wing,Ground,AI Research Lab,Fans,0.221,0.221
2026-09-17 09:26:48,Research Wing,Ground,AI Research Lab,Server Units,4.09,4.09
2026-09-17 09:26:48,Research Wing,Ground,Server Room,AC,4.924,4.924
2026-09-17 09:26:48,Research Wing,Ground,Server Room,Computers,1.87,1.87
2026-09-17 09:26:48,Research Wing,Ground,Server Room,Lights,0.334,0.334
2026-09-17 09:26:48,Research Wing,Ground,Server Room,Fans,0.216,0.216
2026-09-17 09:26:48,Research Wing,Ground,Server Room,Server Units,3.744,3.744
2026-09-17 10:26:48,Main Block,Ground,Lab 101,AC,4.578,4.578
2026-09-17 10:26:48,Main Block,Ground,Lab 101,Computers,1.807,1.807
2026-09-17 10:26:48,Main Block,Ground,Lab 101,Lights,0.279,0.279
2026-09-17 10:26:48,Main Block,Ground,Lab 101,Fans,0.2,0.2
2026-09-17 10:26:48,Main Block,Ground,Lab 101,Server Units,4.379,4.379
2026-09-17 10:26:48,Main Block,First,Computer Lab 201,AC,4.068,4.068
2026-09-17 10:26:48,Main Block,First,Computer Lab 201,Computers,1.839,1.839
2026-09-17 10:26:48,Main Block,First,Computer Lab 201,Lights,0.299,0.299
2026-09-17 10:26:48,Main Block,First,Computer Lab 201,Fans,0.189,0.189
2026-09-17 10:26:48,Main Block,First,Computer Lab 201,Server Units,4.375,4.375
2026-09-17 10:26:48,Research Wing,Ground,AI Research Lab,AC,3.977,3.977
2026-09-17 10:26:48,Research Wing,Ground,AI Research Lab,Computers,2.153,2.153
2026-09-17 10:26:48,Research Wing,Ground,AI Research Lab,Lights,0.342,0.342
2026-09-17 10:26:48,Research Wing,Ground,AI Research Lab,Fans,0.205,0.205
2026-09-17 10:26:48,Research Wing,Ground,AI Research Lab,Server Units,4.353,4.353
2026-09-17 10:26:48,Research Wing,Ground,Server Room,AC,3.978,3.978
2026-09-17 10:26:48,Research Wing,Ground,Server Room,Computers,2.123,2.123
2026-09-17 10:26:48,Research Wing,Ground,Server Room,Lights,0.299,0.299
2026-09-17 10:26:48,Research Wing,Ground,Server Room,Fans,0.194,0.194
2026-09-17 10:26:48,Research Wing,Ground,Server Room,Server Units,4.05,4.05
2026-09-17 11:26:48,Main Block,Ground,Lab 101,AC,4.51,4.51
2026-09-17 11:26:48,Main Block,Ground,Lab 101,Computers,2.17,2.17
2026-09-17 11:26:48,Main Block,Ground,Lab 101,Lights,0.324,0.324
2026-09-17 11:26:48,Main Block,Ground,Lab 101,Fans,0.184,0.184
2026-09-17 11:26:48,Main Block,Ground,Lab 101,Server Units,4.323,4.323
2026-09-17 11:26:48,Main Block,First,Computer Lab 201,AC,5.057,5.057
2026-09-17 11:26:48,Main Block,First,Computer Lab 201,Computers,2.137,2.137
2026-09-17 11:26:48,Main Block,First,Computer Lab 201,Lights,0.329,0.329
2026-09-17 11:26:48,Main Block,First,Computer Lab 201,Fans,0.19,0.19
2026-09-17 11:26:48,Main Block,First,Computer Lab 201,Server Units,3.96,3.96
2026-09-17 11:26:48,Research Wing,Ground,AI Research Lab,AC,4.669,4.669
2026-09-17 11:26:48,Research Wing,Ground,AI Research Lab,Computers,2.068,2.068
2026-09-17 11:26:48,Research Wing,Ground,AI Research Lab,Lights,0.928,0.928
2026-09-17 11:26:48,Research Wing,Ground,AI Research Lab,Fans,0.208,0.208
2026-09-17 11:26:48,Research Wing,Ground,AI Research Lab,Server Units,3.859,3.859
2026-09-17 11:26:48,Research Wing,Ground,Server Room,AC,5.057,5.057
2026-09-17 11:26:48,Research Wing,Ground,Server Room,Computers,2.032,2.032
2026-09-17 11:26:48,Research Wing,Ground,Server Room,Lights,0.302,0.302
2026-09-17 11:26:48,Research Wing,Ground,Server Room,Fans,0.177,0.177
2026-09-17 11:26:48,Research Wing,Ground,Server Room,Server Units,4.447,4.447
2026-09-17 12:26:48,Main Block,Ground,Lab 101,AC,4.135,4.135
2026-09-17 12:26:48,Main Block,Ground,Lab 101,Computers,2.246,2.246
2026-09-17 12:26:48,Main Block,Ground,Lab 101,Lights,0.274,0.274
2026-09-17 12:26:48,Main Block,Ground,Lab 101,Fans,0.221,0.221
2026-09-17 12:26:48,Main Block,Ground,Lab 101,Server Units,3.766,3.766
2026-09-17 12:26:48,Main Block,First,Computer Lab 201,AC,3.963,3.963
2026-09-17 12:26:48,Main Block,First,Computer Lab 201,Computers,1.991,1.991
2026-09-17 12:26:48,Main Block,First,Computer Lab 201,Lights,0.282,0.282
2026-09-17 12:26:48,Main Block,First,Computer Lab 201,Fans,0.211,0.211
2026-09-17 12:26:48,Main Block,First,Computer Lab 201,Server Units,4.1,4.1
2026-09-17 12:26:48,Research Wing,Ground,AI Research Lab,AC,4.883,4.883
2026-09-17 12:26:48,Research Wing,Ground,AI Research Lab,Computers,1.779,1.779
2026-09-17 12:26:48,Research Wing,Ground,AI Research Lab,Lights,0.279,0.279
2026-09-17 12:26:48,Research Wing,Ground,AI Research Lab,Fans,0.17,0.17
2026-09-17 12:26:48,Research Wing,Ground,AI Research Lab,Server Units,4.746,4.746
2026-09-17 12:26:48,Research Wing,Ground,Server Room,AC,3.845,3.845
2026-09-17 12:26:48,Research Wing,Ground,Server Room,Computers,2.063,2.063
2026-09-17 12:26:48,Research Wing,Ground,Server Room,Lights,0.321,0.321
2026-09-17 12:26:48,Research Wing,Ground,Server Room,Fans,0.177,0.177
2026-09-17 12:26:48,Research Wing,Ground,Server Room,Server Units,4.152,4.152
